transaction_id,transaction_date,store_id,product_id,category,subcategory,opening_stock,stock_received,units_sold,closing_stock,unit_price,sales_amount
T000001,2025-04-25,S012,P0004,Electrical,Electrical A,94,13,4,103,84.34,337.36
T000002,2025-01-31,S004,P0012,Building Materials,Building Materials C,71,25,2,94,213.89,427.78
T000003,2025-10-12,S013,P0001,Plumbing,Plumbing A,43,35,2,76,246.76,493.52
T000004,2025-04-10,S014,P0046,Electrical,Electrical C,5,58,2,61,98.47,196.94
T000005,2026-01-06,S004,P0074,Paint,Paint A,29,37,9,57,23.67,213.03
T000006,2026-04-10,S014,P0082,Electrical,Electrical A,26,34,5,55,134.6,673.0
T000007,2025-09-08,S008,P0021,Hardware,Hardware B,81,71,2,150,346.42,692.84
T000008,2025-02-02,S007,P0041,Electrical,Electrical A,120,72,4,188,80.16,320.64
T000009,2026-04-15,S005,P0019,Building Materials,Building Materials A,68,33,3,98,262.79,788.37
T000010,2025-05-22,S008,P0066,Appliances,Appliances A,19,80,1,98,302.5,302.5
T000011,2026-04-25,S005,P0068,Lawn & Garden,Lawn & Garden A,14,68,1,81,240.66,240.66
T000012,2025-06-11,S001,P0059,Paint,Paint C,64,22,4,82,98.08,392.32
T000013,2026-06-04,S004,P0078,Building Materials,Building Materials B,69,67,8,128,268.78,2150.24
T000014,2026-01-07,S004,P0040,Appliances,Appliances A,10,10,2,18,308.28,616.56
T000015,2025-05-09,S011,P0017,Hardware,Hardware C,67,77,2,142,64.47,128.94
T000016,2025-07-25,S005,P0092,Hardware,Hardware C,56,66,3,119,230.26,690.78
T000017,2025-08-24,S004,P0076,Appliances,Appliances A,7,29,2,34,250.08,500.16
T000018,2025-10-13,S008,P0086,Building Materials,Building Materials C,119,73,2,190,53.25,106.5
T000019,2025-04-07,S011,P0013,Hardware,Hardware B,59,6,3,62,152.86,458.58
T000020,2025-12-14,S004,P0014,Building Materials,Building Materials A,17,54,1,70,191.41,191.41
T000021,2025-04-11,S011,P0007,Lawn & Garden,Lawn & Garden A,118,30,5,143,339.4,1697.0
T000022,2025-03-02,S007,P0022,Appliances,Appliances B,100,58,1,157,98.7,98.7
T000023,2026-05-14,S004,P0020,Electrical,Electrical A,74,69,1,142,339.3,339.3
T000024,2026-06-28,S001,P0021,Lawn & Garden,Lawn & Garden A,8,76,3,81,299.16,897.48
T000025,2025-09-10,S010,P0075,Appliances,Appliances C,84,74,5,153,36.04,180.2
T000026,2025-11-18,S005,P0031,Hardware,Hardware A,38,58,3,93,237.72,713.16
T000027,2025-04-13,S009,P0010,Building Materials,Building Materials C,119,44,3,160,98.7,296.1
T000028,2025-11-06,S013,P0079,Paint,Paint C,104,70,2,172,10.68,21.36
T000029,2025-04-29,S012,P0014,Lawn & Garden,Lawn & Garden A,77,26,2,101,101.14,202.28
T000030,2026-05-16,S015,P0033,Plumbing,Plumbing A,54,35,6,83,39.57,237.42
T000031,2025-06-15,S008,P0095,Lawn & Garden,Lawn & Garden C,1,14,4,11,154.27,617.08
T000032,2026-01-14,S009,P0075,Building Materials,Building Materials B,39,46,2,83,51.59,103.18
T000033,2025-08-04,S004,P0088,Paint,Paint A,71,52,1,122,128.96,128.96
T000034,2025-06-16,S015,P0023,Hardware,Hardware A,118,42,5,155,69.34,346.7
T000035,2025-09-12,S003,P0035,Plumbing,Plumbing C,111,4,6,109,44.97,269.82
T000036,2025-11-09,S004,P0030,Appliances,Appliances C,42,35,6,71,74.05,444.3
T000037,2026-02-14,S014,P0087,Lawn & Garden,Lawn & Garden B,14,33,1,46,329.22,329.22
T000038,2026-03-21,S012,P0045,Plumbing,Plumbing B,65,14,2,77,157.25,314.5
T000039,2025-01-02,S015,P0067,Plumbing,Plumbing C,120,25,2,143,242.91,485.82
T000040,2025-11-18,S014,P0085,Appliances,Appliances C,64,39,2,101,315.82,631.64
T000041,2025-07-16,S011,P0054,Hardware,Hardware C,22,78,5,95,263.86,1319.3
T000042,2025-08-04,S013,P0056,Lawn & Garden,Lawn & Garden C,59,56,8,107,231.91,1855.28
T000043,2025-06-23,S002,P0085,Electrical,Electrical C,79,42,4,117,235.04,940.16
T000044,2025-07-23,S001,P0019,Appliances,Appliances A,78,9,1,86,344.51,344.51
T000045,2026-01-29,S007,P0064,Building Materials,Building Materials A,0,13,3,10,232.37,697.11
T000046,2026-04-21,S009,P0007,Building Materials,Building Materials A,102,59,9,152,164.11,1476.99
T000047,2026-03-30,S014,P0079,Paint,Paint C,116,70,3,183,153.95,461.85
T000048,2025-09-11,S005,P0082,Plumbing,Plumbing C,30,35,2,63,173.73,347.46
T000049,2025-03-24,S003,P0018,Building Materials,Building Materials B,90,27,2,115,245.33,490.66
T000050,2025-07-31, S007 ,P0054,Plumbing,Plumbing C,2,73,4,71,331.55,1326.2
T000051,2026-03-06,S012,P0069,Paint,Paint C,114,28,1,141,281.55,281.55
T000052,2026-02-19,S003,P0093,Plumbing,Plumbing B,79,68,2,145,322.48,644.96
T000053,2026-03-15,S014,P0018,Hardware,Hardware A,48,41,6,83,25.2,151.2
T000054,2026-03-08,S014,P0033,Appliances,Appliances B,69,6,4,71,14.63,58.52
T000055,2025-02-11,S001,P0097,Building Materials,Building Materials A,79,19,3,95,295.02,885.06
T000056,2026-04-22,S005,P0090,Plumbing,Plumbing B,77,14,6,85,65.38,392.28
T000057,2025-11-16,S011,P0074,Hardware,Hardware B,25,9,1,33,329.98,329.98
T000058,2025-11-05,S010,P0088,Plumbing,Plumbing A,72,5,2,75,280.31,560.62
T000059,2025-12-16,S014,P0002,Hardware,Hardware B,46,58,4,100,44.09,176.36
T000060,2025-10-04,S013,P0079,Lawn & Garden,Lawn & Garden B,105,75,4,176,166.99,667.96
T000061,2026-04-07,S013,P0032,Hardware,Hardware C,48,43,1,90,216.73,216.73
T000062,2025-09-22,S005,P0044,Lawn & Garden,Lawn & Garden C,71,1,2,70,309.0,618.0
T000063,2025-09-04,S008,P0089,Paint,Paint C,101,2,2,101,175.86,351.72
T000064,2026-01-13,S009,P0061,Lawn & Garden,Lawn & Garden B,95,70,4,161,153.52,614.08
T000065,2025-05-04,S004,P0093,Electrical,Electrical A,97,23,4,116,262.07,1048.28
T000066,2026-06-22,S005,P0077,Appliances,Appliances A,46,22,3,65,109.32,327.96
T000067,2025-02-25,S005,P0071,Paint,Paint A,96,62,1,157,226.15,226.15
T000068,2025-12-15,S001,P0024,Electrical,Electrical B,8,51,3,56,47.02,141.06
T000069,2025-11-08,S004,P0011,Appliances,Appliances C,77,76,3,150,269.44,808.32
T000070,2026-03-30,S014,P0039,Lawn & Garden,Lawn & Garden B,79,7,14,72,112.44,1574.16
T000071,2025-08-05,S011,P0034,Appliances,Appliances A,70,9,2,77,90.03,180.06
T000072,2025-02-03,S005,P0030,Paint,Paint B,58,9,4,63,248.42,993.68
T000073,2025-07-22,S002,P0055,Lawn & Garden,Lawn & Garden A,116,34,7,143,229.49,1606.43
T000074,2025-10-23,S002,P0057,Hardware,Hardware C,51,34,5,80,112.0,560.0
T000075,2026-03-19,S006,P0095,Lawn & Garden,Lawn & Garden B,29,73,8,94,16.85,134.8
T000076,2025-02-11,S013,P0098,Building Materials,Building Materials B,56,35,1,90,185.49,185.49
T000077,2025-04-04,S006,P0061,Hardware,Hardware B,13,20,1,32,117.8,117.8
T000078,2025-02-07,S002,P0059,electrical,Electrical B,98,51,2,147,118.56,237.12
T000079,2026-04-19,S001,P0053,Building Materials,Building Materials C,96,63,1,158,131.73,131.73
T000080,2025-10-22,S015,P0057,Paint,Paint B,80,77,3,154,49.53,148.59
T000081,2026-02-22,S004,P0012,Plumbing,Plumbing A,15,19,1,33,165.82,165.82
T000082,2026-05-10,S004,P0061,Hardware,Hardware C,24,76,9,91,57.47,517.23
T000083,2026-03-01,S015,P0044,Plumbing,Plumbing C,0,36,1,35,99.37,99.37
T000084,2025-06-02,S009,P0058,Hardware,Hardware B,97,69,2,164,121.69,243.38
T000085,2025-09-02,S007,P0074,Building Materials,Building Materials B,95,60,5,150,22.93,114.65
T000086,2025-06-05,S001,P0064,Building Materials,Building Materials C,42,12,1,53,338.15,338.15
T000087,2025-05-28,S014,P0053,Paint,Paint A,100,33,1,132,33.59,33.59
T000088,2026-01-25,S011,P0041,Paint,Paint B,4,79,3,80,306.35,919.05
T000089,2025-04-03,S002,P0056,Plumbing,Plumbing C,12,56,4,64,248.73,994.92
T000090,2025-02-27,S006,P0038,Electrical,Electrical B,67,52,5,114,57.78,288.9
T000091,01/27/2026,S011,P0080,Building Materials,Building Materials B,18,29,4,43,320.19,1280.76
T000092,2026-04-22,S011,P0037,Lawn & Garden,Lawn & Garden A,120,44,4,160,33.26,133.04
T000093,2026-04-13,S004,P0039,Hardware,Hardware B,48,73,1,120,44.48,44.48
T000094,2026-02-10,S001,P0036,Lawn & Garden,Lawn & Garden C,6,77,3,80,274.18,822.54
T000095,2025-08-24,S013,P0078,Electrical,Electrical A,79,32,4,107,225.72,902.88
T000096,2025-04-10,S011,P0081,Appliances,Appliances B,4,74,1,77,277.7,277.7
T000097,2026-03-02,S004,P0023,Building Materials,Building Materials C,46,67,10,103,307.75,3077.5
T000098,2026-05-09,S012,P0038,Plumbing,Plumbing B,59,9,4,64,283.05,1132.2
T000099,2026-02-11,S006,P0072,Appliances,Appliances B,68,15,1,82,12.76,12.76
T000100,2026-01-16,S011,P0014,Building Materials,Building Materials B,113,71,5,179,16.56,82.8
T000101,2026-04-21,S005,P0090,Paint,Paint B,5,4,6,3,47.9,287.4
T000102,2025-05-19,S008,P0050,Electrical,Electrical C,89,69,4,154,332.69,1330.76
T000103,2025-04-12,S010,P0063,Hardware,Hardware B,47,27,2,72,19.19,38.38
T000104,2026-01-12,S015,P0070,Paint,Paint B,35,24,1,58,28.71,28.71
T000105,2025-08-06,S011,P0083,Lawn & Garden,Lawn & Garden A,42,31,3,70,25.3,75.9
T000106,2025-08-01,S004,,Plumbing,Plumbing A,18,76,4,90,120.37,481.48
T000107,2025-09-14,S002,P0023,Paint,Paint A,45,30,3,72,53.08,159.24
T000108,2026-03-08,S002,P0068,Paint,Paint A,99,46,8,137,170.88,1367.04
T000109,2025-02-14,S013,P0094,Plumbing,Plumbing C,58,3,5,56,186.34,931.7
T000110,2026-05-18,S015,P0092,Hardware,Hardware A,41,77,1,117,315.55,315.55
T000111,2025-11-29,S010,P0049,Lawn & Garden,Lawn & Garden B,77,55,1,131,163.17,163.17
T000112,2025-08-09,S008,P0056,Building Materials,Building Materials B,58,51,4,105,123.91,495.64
T000113,2026-01-19,S011,P0020,Hardware,Hardware A,10,11,2,19,39.2,78.4
T000114,2025-03-03,S009,P0076,Lawn & Garden,Lawn & Garden B,52,45,5,92,237.14,1185.7
T000115,2025-02-22,S010,P0037,Electrical,Electrical B,64,27,4,87,43.43,173.72
T000116,2026-01-12,S013,P0015,Electrical,Electrical C,54,71,3,122,85.35,256.05
T000117,01/27/2025,S015,P0078,Paint,Paint C,23,34,1,56,99.47,99.47
T000118,2025-05-27,S011,P0073,Hardware,Hardware A,81,3,1,83,56.52,56.52
T000119,2025-06-11,S005,P0048,Paint,Paint B,72,76,3,145,273.68,821.04
T000120,2025-03-25,S008,P0035,Paint,Paint B,56,53,1,108,174.1,174.1
T000121,2025-10-18,S011,P0087,Lawn & Garden,Lawn & Garden B,39,5,1,43,188.21,188.21
T000122,2025-08-05,S003,P0099,Plumbing,Plumbing B,15,0,3,12,106.99,320.97
T000123,2025-08-24,S009,P0065,Plumbing,Plumbing C,9,50,3,56,283.72,851.16
T000124,2025-11-17,S007,P0074,Lawn & Garden,Lawn & Garden B,53,37,1,89,250.65,250.65
T000125,2026-04-17,S015,P0089,Electrical,Electrical A,13,31,6,38,157.36,944.16
T000126,2025-12-14,S006,P0029,Plumbing,Plumbing A,81,14,6,89,34.12,204.72
T000127,2025-06-01,S002,P0031,Building Materials,Building Materials B,77,19,4,92,75.47,301.88
T000128,2026-05-21,S013,P0060,Lawn & Garden,Lawn & Garden C,118,72,4,186,161.53,646.12
T000129,2025-11-20,S008,P0020,Appliances,Appliances B,38,35,4,69,159.24,636.96
T000130,2025-02-08,S006,P0008,Plumbing,Plumbing B,110,11,6,115,34.24,205.44
T000131,2025-02-12,S015,P0058,Plumbing,Plumbing C,41,77,5,113,230.93,1154.65
T000132,2025-12-18,S002,P0092,Lawn & Garden,Lawn & Garden C,31,56,1,86,67.02,67.02
T000133,2025-10-17,S007,P0050,Plumbing,Plumbing B,6,80,2,84,240.18,480.36
T000134,2025-10-18,S012,P0033,Plumbing,Plumbing C,77,19,13,83,337.83,4391.79
T000135,2026-02-06,S010,P0017,Paint,Paint A,48,42,1,89,113.88,113.88
T000136,2026-06-24,S011,P0012,Paint,Paint B,2,46,2,46,181.9,363.8
T000137,2025-07-16,S003,P0029,Building Materials,Building Materials A,100,12,7,105,109.16,764.12
T000138,2025-12-11,S010,P0099,Building Materials,Building Materials C,20,23,1,42,136.84,136.84
T000139,2026-03-25,S007,P0006,Electrical,Electrical C,56,78,5,129,254.1,1270.5
T000140,2025-11-13,S015,P0061,Plumbing,Plumbing A,73,56,3,126,133.8,401.4
T000141,2025-06-15,S013,P0026,Lawn & Garden,Lawn & Garden A,6,61,1,66,306.57,306.57
T000142,2025-05-08,S002,P0037,Plumbing,Plumbing A,115,65,1,179,101.29,101.29
T000143,2026-04-07,S015,P0045,Appliances,Appliances B,64,47,3,108,26.21,78.63
T000144,2025-04-12,S011,P0092,Electrical,Electrical A,36,60,1,95,55.06,55.06
T000145,2025-01-06,S001,P0011,Electrical,Electrical A,70,77,3,144,293.56,880.68
T000146,2025-02-18,S007,P0031,Paint,Paint C,14,63,4,73,164.33,657.32
T000147,2025-05-28,S007,P0038,Appliances,Appliances C,73,53,6,120,128.66,771.96
T000148,2026-06-23,S009,P0070,Plumbing,Plumbing C,49,60,2,107,197.52,395.04
T000149,2026-01-01,S006,P0009,Building Materials,Building Materials C,13,74,1,86,232.73,232.73
T000150,2025-06-29,S011,P0100,Hardware,Hardware C,23,17,1,39,171.66,171.66
T000151,2025-02-14,S015,P0026,Appliances,Appliances B,65,50,6,109,327.21,1963.26
T000152,2025-07-15,S006,P0037,Plumbing,Plumbing A,42,34,12,64,304.1,3649.2
T000153,2026-01-31,S003,P0044,Hardware,Hardware C,118,66,6,178,178.15,1068.9
T000154,2025-07-04,S005,P0070,Electrical,Electrical A,84,37,7,114,35.38,247.66
T000155,2025-12-26,S001,P0058,Paint,Paint B,55,35,1,89,218.28,218.28
T000156,2026-02-20,S009,P0047,Plumbing,Plumbing C,3,18,4,17,240.36,961.44
T000157,2025-08-30,S011,P0100,Electrical,Electrical B,72,4,5,71,138.94,694.7
T000158,2025-03-20,S003,P0074,Lawn & Garden,Lawn & Garden B,83,35,1,117,144.13,144.13
T000159,2026-02-01,S002,P0072,Electrical,Electrical B,27,78,9,96,248.78,2239.02
T000160,2025-03-17,S003,P0058,Paint,Paint B,103,40,1,142,349.06,349.06
T000161,2025-11-04,S012,P0021,Paint,Paint C,101,46,8,139,226.09,1808.72
T000162,2026-05-21,S006,P0004,Lawn & Garden,Lawn & Garden C,102,70,1,171,134.17,134.17
T000163,2026-05-06,S007,P0068,Plumbing,Plumbing B,9,16,1,24,289.58,289.58
T000164,2025-12-19,S015,P0017,Plumbing,Plumbing C,23,16,4,35,226.81,907.24
T000165,2025-06-06,S003,P0039,Building Materials,Building Materials B,28,44,3,69,327.68,983.04
T000166,2025-07-21,S009,P0082,Electrical,Electrical A,78,68,2,144,221.76,443.52
T000167,2025-06-25,S010,P0085,Paint,Paint C,118,72,9,181,123.47,1111.23
T000168,2025-09-29,S004,P0084,Plumbing,Plumbing C,81,3,1,83,150.47,150.47
T000169,2026-05-10,S013,P0032,Plumbing,Plumbing C,58,9,2,65,146.88,293.76
T000170,2025-12-15,S003,P0078,Electrical,Electrical C,110,44,5,149,117.21,586.05
T000171,2025-11-23,S008,P0031,Appliances,Appliances B,18,12,4,26,161.76,647.04
T000172,2025-06-13,S015,P0042,Lawn & Garden,Lawn & Garden C,97,20,1,116,114.95,114.95
T000173,2025-01-24,S007,P0012,Lawn & Garden,Lawn & Garden B,27,74,2,99,338.61,677.22
T000174,2026-04-27,S009,P0037,Appliances,Appliances A,112,33,6,139,155.38,932.28
T000175,2025-07-19,S009,P0047,Electrical,Electrical A,57,70,6,121,140.13,840.78
T000176,2025-04-10,S006,P0051,Plumbing,Plumbing B,46,18,4,60,198.78,795.12
T000177,2025-05-21,S006,P0092,Plumbing,Plumbing B,19,77,1,95,185.61,185.61
T000178,2026-02-07,S012,P0079,Plumbing,Plumbing B,64,65,2,127,211.05,422.1
T000179,2026-01-13,S011,P0043,Appliances,Appliances B,101,80,3,178,207.63,622.89
T000180,2025-08-22,S001,P0093,Lawn & Garden,Lawn & Garden B,80,79,3,156,66.32,198.96
T000181,2025-04-23,S001,P0025,Hardware,Hardware B,52,26,4,74,151.22,604.88
T000182,2025-03-05,S003,P0091,Lawn & Garden,Lawn & Garden A,84,61,2,143,199.82,399.64
T000183,2025-12-17,S006,P0070,Paint,Paint C,102,33,5,130,240.82,1204.1
T000184,2025-08-19,S013,P0039,Electrical,Electrical C,90,62,5,147,78.89,394.45
T000185,2025-10-08,S002,P0037,Lawn & Garden,Lawn & Garden C,114,50,7,157,193.77,1356.39
T000186,2025-10-22,S002,P0092,Electrical,Electrical B,95,61,3,153,232.34,697.02
T000187,2025-10-06,S002,P0018,Lawn & Garden,Lawn & Garden C,31,6,4,33,208.7,834.8
T000188,2026-02-28,S012,P0043,Hardware,Hardware A,17,0,3,14,240.97,722.91
T000189,2026-05-03,S011,P0062,Building Materials,Building Materials B,82,7,1,88,117.84,117.84
T000190,2025-02-08,S007,P0023,Plumbing,Plumbing A,4,50,12,42,327.4,3928.8
T000191,2025-10-24,S001,P0005,Electrical,Electrical C,118,42,7,153,214.15,1499.05
T000192,2025-05-18,S008,P0065,Electrical,Electrical A,42,20,5,57,284.61,1423.05
T000193,2025-12-12,S010,P0038,Paint,Paint A,109,51,3,157,68.02,204.06
T000194,2025-07-09,S008,P0018,Electrical,Electrical A,49,30,1,78,10.34,10.34
T000195,2025-01-12,S011,P0034,Electrical,Electrical C,85,15,6,94,88.82,532.92
T000196,2025-11-15,S002,P0089,Paint,Paint B,28,28,2,54,133.7,267.4
T000197,2026-01-18,S012,P0054,Lawn & Garden,Lawn & Garden B,102,27,4,125,267.01,1068.04
T000198,2026-06-23,S009,P0058,Paint,Paint B,72,14,2,84,34.71,69.42
T000199,2025-06-03,S006,P0022,Plumbing,Plumbing C,87,26,4,109,159.11,636.44
T000200,2025-02-26,S003,P0059,Lawn & Garden,Lawn & Garden B,7,71,2,76,164.23,328.46
T000201,2025-01-04,S004,P0096,Lawn & Garden,Lawn & Garden A,44,8,2,50,23.49,46.98
T000202,2026-04-29,S005,P0005,Hardware,Hardware A,98,53,3,148,270.99,812.97
T000203,2026-01-22,S002,P0049,Paint,Paint C,17,44,1,60,307.1,307.1
T000204,2025-08-17,S013,P0001,Appliances,Appliances B,92,69,1,160,166.35,166.35
T000205,2025-06-08,S004,P0036,Paint,Paint A,84,53,1,136,19.02,19.02
T000206,2025-03-10,S010,P0013,Appliances,Appliances B,90,6,2,94,212.44,424.88
T000207,2025-02-27,S009,P0018,Electrical,Electrical A,93,73,6,160,287.0,1722.0
T000208,2025-11-06,S011,P0019,Lawn & Garden,Lawn & Garden A,35,7,2,40,149.44,298.88
T000209,2026-03-14,S008,P0072,Appliances,Appliances B,85,48,3,130,330.02,990.06
T000210,2026-01-21,S013,P0024,Lawn & Garden,Lawn & Garden B,28,38,2,64,90.41,180.82
T000211,2026-02-27,S009,P0054,Lawn & Garden,Lawn & Garden A,32,26,4,54,140.84,563.36
T000212,2025-07-15,S005,P0007,Hardware,Hardware C,5,9,1,13,214.9,214.9
T000213,2026-05-06,S014,P0027,Electrical,Electrical B,1,27,3,25,335.3,1005.9
T000214,2026-05-06,S012,P0032,Lawn & Garden,Lawn & Garden C,117,30,4,143,77.94,311.76
T000215,2026-01-03,S005,P0040,Electrical,Electrical C,59,12,3,68,309.92,929.76
T000216,2025-07-28,S006,P0048,Hardware,Hardware A,28,18,3,43,200.38,601.14
T000217,2025-10-30,S004,P0020,Electrical ,Electrical A,106,31,3,134,137.91,413.73
T000218,2026-05-16,S011,P0093,Paint,,93,45,4,134,165.6,662.4
T000219,2025-03-02,S001,P0068,Plumbing,Plumbing A,85,6,12,79,331.25,3975.0
T000220,2025-06-04,S004,P0002,Lawn & Garden,Lawn & Garden B,79,78,1,156,135.63,135.63
T000221,2026-02-26,S001,P0002,Lawn & Garden,Lawn & Garden C,36,2,12,26,101.96,1223.52
T000222,2025-07-03,S015,P0014,Appliances,Appliances C,24,79,1,102,58.92,58.92
T000223,2026-01-18,S008,P0052,Lawn & Garden,Lawn & Garden A,28,38,1,65,346.66,346.66
T000224,2025-02-02,S007,P0012,Hardware,Hardware B,7,1,2,6,197.02,394.04
T000225,2025-12-06,S014,P0073,Appliances,Appliances C,29,27,4,52,322.35,1289.4
T000226,2025-03-18,S015,P0088,Electrical,Electrical C,4,22,10,16,200.72,2007.2
T000227,2026-02-12,S005,P0010,Building Materials,Building Materials C,106,49,1,154,90.24,90.24
T000228,2025-03-22,S012,P0065,Electrical,Electrical A,29,9,4,34,41.41,165.64
T000229,2025-12-01,S011,P0004,Electrical,Electrical B,45,70,1,114,175.79,175.79
T000230,2025-03-29,S010,P0099,Electrical,Electrical A,10,34,10,34,251.88,2518.8
T000231,2025-11-21,S002,P0047,Appliances,Appliances A,56,46,7,95,330.49,2313.43
T000232,2026-06-09,S002,P0053,Appliances,Appliances A,11,76,2,85,129.04,258.08
T000233,2026-02-02,S002,P0100,Paint,Paint C,31,73,8,96,317.58,2540.64
T000234,2025-10-02,S003,P0064,Appliances,Appliances A,53,38,3,88,156.66,469.98
T000235,2026-05-23,S010,P0077,Building Materials,Building Materials B,38,0,7,31,44.58,312.06
T000236,2025-12-04,S006,P0057,Hardware,Hardware C,17,38,3,52,341.19,1023.57
T000237,2026-02-12,S005,P0041,Paint,Paint C,73,31,3,101,224.45,673.35
T000238,2025-07-24,S009,P0076,Building Materials,Building Materials C,3,59,2,60,270.53,541.06
T000239,2025-03-12,S011,P0053,Hardware,Hardware A,30,32,5,57,224.6,1123.0
T000240,2026-05-06,S007,P0075,Lawn & Garden,Lawn & Garden C,111,53,3,161,323.84,971.52
T000241,2025-03-29,S013,P0014,Building Materials,Building Materials C,21,78,4,95,235.33,941.32
T000242,2025-12-06,S002,P0056,Appliances,Appliances A,65,66,1,130,96.49,96.49
T000243,2026-04-20,S011,P0099,Lawn & Garden,Lawn & Garden C,44,3,7,40,179.16,1254.12
T000244,2025-05-26,S005,P0045,Electrical,Electrical B,66,61,9,118,276.22,2485.98
T000245,2025-03-10,S001,P0039,Plumbing,Plumbing C,108,43,3,148,47.36,142.08
T000246,2025-09-07,S003,P0067,Lawn & Garden,Lawn & Garden A,54,59,11,102,121.2,1333.2
T000247,2026-03-19, S001 ,P0051,Paint,Paint C,57,75,10,122,310.02,3100.2
T000248,2025-03-06,S002,P0074,Plumbing,Plumbing C,41,25,5,61,71.94,359.7
T000249,2025-11-17,S007,P0077,Lawn & Garden,Lawn & Garden B,44,45,8,81,208.76,1670.08
T000250,2025-11-01,S010,P0079,Appliances,Appliances C,15,30,6,39,53.81,322.86
T000251,2026-03-05,S003,P0077,Lawn & Garden,Lawn & Garden B,62,68,1,129,152.68,152.68
T000252,2026-05-17,S003,P0037,Building Materials,Building Materials B,79,6,2,83,295.96,591.92
T000253,2026-01-29,S009,P0072,Paint,Paint B,62,53,5,110,147.92,739.6
T000254,2025-08-14,S001,P0038,Electrical,Electrical A,21,58,9,70,191.86,1726.74
T000255,2025-04-27,S013,P0035,Lawn & Garden,Lawn & Garden B,96,5,1,100,193.38,193.38
T000256,2025-09-11,S014,P0039,Appliances,Appliances B,110,11,1,120,97.88,97.88
T000257,2025-12-26,S010,P0091,Paint,Paint B,17,26,3,40,64.77,194.31
T000258,2025-06-22,S012,P0042,Electrical,Electrical B,109,65,1,173,203.88,203.88
T000259,2026-02-26,S005,P0008,Plumbing,Plumbing C,110,16,3,123,51.4,154.2
T000260,2026-02-07,S003,P0063,Lawn & Garden,Lawn & Garden C,53,48,4,97,99.9,399.6
T000261,2026-06-12,S005,P0096,Paint,Paint B,62,41,1,102,163.51,163.51
T000262,2026-04-15,S011,P0082,Paint,Paint B,101,68,3,166,298.74,896.22
T000263,2025-11-27,S006,P0037,Lawn & Garden,Lawn & Garden C,109,62,6,165,52.66,315.96
T000264,2026-04-16,S002,P0003,Plumbing,Plumbing A,0,54,2,52,158.92,317.84
T000265,2025-06-12,S002,P0036,Paint,Paint B,47,21,1,67,93.63,93.63
T000266,03/16/2026,S002,P0084,Paint,Paint A,61,9,3,67,8.37,25.11
T000267,2025-12-18,S014,P0016,Hardware,Hardware C,9,29,1,37,53.2,53.2
T000268,2025-11-03,S007,P0018,Plumbing,Plumbing A,86,18,11,93,227.42,2501.62
T000269,2025-12-26,S004,P0093,Paint,Paint C,52,78,3,127,59.77,179.31
T000270,2025-05-07,S012,P0076,Hardware,Hardware B,40,17,1,56,337.43,337.43
T000271,2025-10-19,S012,P0100,Appliances,Appliances C,26,66,3,89,307.53,922.59
T000272,2025-09-03,S007,P0064,Appliances,Appliances A,76,9,3,82,178.86,536.58
T000273,2025-05-16,S014,P0050,Plumbing,Plumbing C,69,22,2,89,151.94,303.88
T000274,2025-03-11,S005,P0002,Building Materials,Building Materials A,101,50,2,149,323.52,647.04
T000275,2026-02-16,S011,P0011,Lawn & Garden,Lawn & Garden C,35,10,2,43,218.69,437.38
T000276,2025-12-01,S010,P0051,Paint,Paint C,8,39,1,46,240.92,240.92
T000277,2025-03-30,S002,P0056,Hardware,Hardware C,39,22,8,53,216.22,1729.76
T000278,2025-12-22,S009,P0067,Plumbing,Plumbing C,47,16,5,58,96.66,483.3
T000279,2025-01-31,S013,P0043,Hardware,Hardware B,33,73,4,102,187.16,748.64
T000280,2025-06-20,S003,P0048,Electrical,Electrical A,86,14,3,97,313.84,941.52
T000281,2025-09-08,S008,P0006,Electrical,Electrical B,22,4,1,25,322.72,322.72
T000282,2025-11-26,S007,P0032,Paint,Paint B,9,73,1,81,100.77,100.77
T000283,2026-06-13,S007,P0006,appliances,Appliances B,99,39,1,137,304.18,304.18
T000284,2025-11-08,S010,P0095,Building Materials,Building Materials B,63,25,1,87,133.95,133.95
T000285,2026-02-24, S004 ,P0004,Lawn & Garden,Lawn & Garden B,88,1,1,88,225.49,225.49
T000286,2025-11-11,S004,P0014,Lawn & Garden,Lawn & Garden A,7,18,9,16,151.58,1364.22
T000287,2026-06-17,S012,P0053,Electrical,Electrical B,10,74,6,78,341.3,2047.8
T000288,2025-03-05,S011,P0056,Building Materials,Building Materials A,108,40,3,145,107.75,323.25
T000289,2026-04-09,S004,P0035,Appliances,Appliances A,98,74,1,171,54.55,54.55
T000290,2025-05-04,S006,P0069,Plumbing,Plumbing A,59,33,1,91,162.56,162.56
T000291,2025-02-11,S014,P0028,Plumbing,Plumbing B,91,31,2,120,58.73,117.46
T000292,2025-06-28,S007,P0004,Plumbing,Plumbing B,70,31,6,95,198.14,1188.84
T000293,2025-03-05,S004,P0100,Building Materials,Building Materials A,47,80,1,126,289.7,289.7
T000294,2025-03-18,S002,P0003,Building Materials,Building Materials C,16,11,5,22,159.65,798.25
T000295,2026-04-18,S003,P0007,Lawn & Garden,Lawn & Garden B,50,63,1,112,289.02,289.02
T000296,2025-07-11,S005,P0036,Hardware,Hardware A,79,78,2,155,19.85,39.7
T000297,2025-03-04,S005,P0012,Hardware,Hardware A,82,67,3,146,151.38,454.14
T000298,2026-01-27,S006,P0092,Hardware,Hardware C,44,72,1,115,275.25,275.25
T000299,2025-08-13,S015,P0004,Plumbing,Plumbing B,60,67,2,125,28.04,56.08
T000300,2025-09-11,S004,P0085,Electrical,Electrical C,117,7,1,123,287.17,287.17
T000301,2026-02-02,S015,P0046,Plumbing,Plumbing A,75,40,2,113,68.23,136.46
T000302,2025-12-27,S010,P0073,Building Materials,Building Materials C,107,63,5,165,332.34,1661.7
T000303,2025-08-13,S009,P0003,Hardware,Hardware A,78,25,3,100,121.45,364.35
T000304,2025-11-28,S001,P0008,Building Materials,Building Materials C,18,14,5,27,249.01,1245.05
T000305,2026-02-10,S002,P0076,Electrical,Electrical B,20,55,1,74,118.33,118.33
T000306,2026-01-01,S011,P0029,Lawn & Garden,Lawn & Garden A,93,37,5,125,137.41,687.05
T000307,2026-02-05,S010,P0099,Appliances,Appliances A,117,78,1,194,214.02,214.02
T000308,2025-03-21,S006,P0031,Electrical,Electrical A,11,42,3,50,225.58,676.74
T000309,2025-09-20,S012,P0014,Appliances,Appliances A,93,53,5,141,139.99,699.95
T000310,2026-01-20,S014,P0013,Hardware,Hardware C,87,28,1,114,230.63,230.63
T000311,2025-11-23,S002,P0034,Appliances,Appliances B,48,20,1,67,66.18,66.18
T000312,2026-05-10,S001,P0091,Hardware,Hardware C,113,55,3,165,64.43,193.29
T000313,09/29/2025,S005,P0085,Electrical,Electrical A,50,73,6,117,40.8,244.8
T000314,2025-03-31,S014,P0038,Paint,Paint C,25,12,2,35,213.27,426.54
T000315,2025-04-29,S013,P0040,Hardware,Hardware B,84,33,4,113,175.27,701.08
T000316,2026-01-14,S008,P0024,Appliances,Appliances B,33,28,8,53,158.39,1267.12
T000317,2025-04-10,S011,P0011,Electrical,Electrical C,96,75,5,166,149.58,747.9
T000318,2026-05-02,S015,P0074,Building Materials,Building Materials B,50,4,2,52,110.21,220.42
T000319,2025-05-31,S013,P0016,Hardware,Hardware A,21,27,4,44,332.58,1330.32
T000320,2026-03-22,S014,P0026,Paint,Paint A,33,40,2,71,293.26,586.52
T000321,2026-02-11,S006,P0071,Plumbing,Plumbing B,117,1,3,115,185.73,557.19
T000322,2026-03-01,S003,P0020,Lawn & Garden,Lawn & Garden C,120,12,2,130,207.28,414.56
T000323,2025-12-19,S005,P0053,Hardware,Hardware C,77,60,4,133,174.07,696.28
T000324,2026-02-16,S007,P0005,Electrical,Electrical C,95,60,2,153,89.25,178.5
T000325,2025-11-07,S005,P0040,Plumbing,Plumbing B,87,12,4,95,301.52,1206.08
T000326,2025-11-25,S012,P0035,Hardware,Hardware C,24,56,2,78,228.78,457.56
T000327,2026-01-18,S009,P0008,Plumbing,Plumbing A,90,64,6,148,30.44,182.64
T000328,2025-06-27,S015,P0025,Plumbing,Plumbing A,31,4,2,33,294.25,588.5
T000329,2026-04-21,S007,P0065,Paint,Paint A,30,47,1,76,240.96,240.96
T000330,2025-12-25,S003,P0045,Plumbing,Plumbing B,88,11,1,98,264.14,264.14
T000331,2025-08-08,S011,P0029,Building Materials,Building Materials C,83,52,3,132,78.7,236.1
T000332,2026-05-01,S011,P0017,Building Materials,Building Materials C,28,32,9,51,281.9,2537.1
T000333,2025-10-09,S015,P0055,Hardware,Hardware B,27,59,5,81,164.98,824.9
T000334,2025-01-08,S011,P0066,Plumbing,Plumbing B,76,77,1,152,200.02,200.02
T000335,2025-10-11,S006,P0082,Plumbing,Plumbing B,91,38,1,128,97.31,97.31
T000336,2026-02-18,S006,P0085,Paint,Paint A,83,63,7,139,254.68,1782.76
T000337,2025-02-06,S012,P0075,Lawn & Garden,Lawn & Garden A,91,28,5,114,125.36,626.8
T000338,2026-01-03,S005,P0065,Plumbing,Plumbing A,112,71,13,170,295.5,3841.5
T000339,2025-07-07,S015,P0088,Electrical,Electrical C,45,28,2,71,38.54,77.08
T000340,2025-09-24,S005,P0075,Hardware,Hardware A,110,74,1,183,168.92,168.92
T000341,2025-05-03,S007,P0088,Lawn & Garden,Lawn & Garden B,111,19,3,127,149.28,447.84
T000342,2026-04-14,S006,P0019,Plumbing,Plumbing C,10,62,2,70,69.68,139.36
T000343,2026-04-08,S004,P0036,Plumbing,Plumbing A,20,62,6,76,205.09,1230.54
T000344,2026-03-16,S007,P0052,Hardware,Hardware B,68,25,2,91,9.6,19.2
T000345,2026-06-28,S001,P0025,Paint,Paint A,31,28,2,57,222.33,444.66
T000346,2025-11-10,S002,P0022,Plumbing,Plumbing A,37,58,1,94,109.99,109.99
T000347,2025-05-18,S015,P0044,Hardware,Hardware B,21,51,5,67,264.54,1322.7
T000348,2025-01-23,S009,P0076,Building Materials,Building Materials A,83,4,1,86,133.37,133.37
T000349,2025-02-19,S002,P0085,Paint,Paint A,14,53,4,63,24.5,98.0
T000350,2025-07-30,S011,P0089,Paint,Paint A,84,12,10,86,110.98,1109.8
T000351,2025-04-18,S012,P0066,Lawn & Garden,Lawn & Garden A,100,13,1,112,104.69,104.69
T000352,2025-07-26,S012,P0046,Hardware,Hardware B,70,63,8,125,62.85,502.8
T000353,2025-01-14,S002,P0086,Appliances,Appliances C,19,11,4,26,236.81,947.24
T000354,2025-08-25,S005,P0059,Electrical,Electrical B,104,22,1,125,25.13,25.13
T000355,2026-03-13,S002,P0095,Appliances,Appliances A,17,21,3,35,11.31,33.93
T000356,2025-04-06,S014,P0048,Electrical,Electrical A,51,58,5,104,46.93,234.65
T000357,2025-06-20,S003,P0015,Paint,Paint C,120,20,1,139,28.06,28.06
T000358,2026-03-25,S010,P0024,Hardware,Hardware B,110,16,4,122,217.08,868.32
T000359,2025-03-06,S011,P0034,Electrical,Electrical A,86,67,9,144,248.96,2240.64
T000360,2025-12-13,S009,P0067,Paint,Paint C,55,31,2,84,219.44,438.88
T000361,2025-02-25,S011,P0002,Building Materials,Building Materials C,109,63,1,171,298.31,298.31
T000362,2025-10-12,S009,P0007,Building Materials,Building Materials C,51,30,3,78,228.01,684.03
T000363,2026-05-26,S006,P0058,Appliances,Appliances B,2,13,3,12,262.87,788.61
T000364,2025-11-08,S009,P0066,Building Materials,Building Materials C,43,46,7,82,237.64,1663.48
T000365,2026-04-30,S011,,Electrical,Electrical C,12,28,2,38,162.77,325.54
T000366,2026-06-19,S012,P0048,Appliances,Appliances A,63,17,2,78,314.73,629.46
T000367,2025-07-20,S002,P0025,Plumbing,Plumbing B,105,24,1,128,81.73,81.73
T000368,2025-05-07, S015 ,P0099,Hardware,Hardware B,64,17,1,80,233.19,233.19
T000369,2026-03-20,S008,P0075,Lawn & Garden,Lawn & Garden A,22,16,1,37,244.6,244.6
T000370,2026-01-29,S010,P0054,Paint,Paint A,43,37,1,79,101.57,101.57
T000371,2026-06-09,S014,P0039,Paint,Paint C,91,70,2,159,302.36,604.72
T000372,2025-12-20,S003,P0087,Paint,Paint C,22,64,1,85,341.51,341.51
T000373,2026-05-07,S010,P0075,Paint,Paint C,95,68,3,160,150.78,452.34
T000374,2025-01-26,S003,P0049,Appliances,Appliances C,34,20,10,44,27.36,273.6
T000375,2025-10-30,S013,P0027,Lawn & Garden,Lawn & Garden A,57,13,7,63,130.67,914.69
T000376,2026-02-03,S009,P0031,Plumbing,Plumbing C,85,6,2,89,106.37,212.74
T000377,2025-11-17,S001,P0071,Appliances,Appliances C,79,56,15,120,93.96,1409.4
T000378,2025-07-21,S012,P0100,Building Materials,Building Materials B,87,9,3,93,161.49,484.47
T000379,2026-03-15,S009,,Electrical,Electrical A,108,32,3,137,63.04,189.12
T000380,2025-11-27,S001,P0077,Plumbing,Plumbing C,84,38,2,120,218.54,437.08
T000381,2025-11-22,S004,P0068,Building Materials,Building Materials C,64,20,3,81,31.32,93.96
T000382,2025-08-07,S006,P0085,Electrical,Electrical B,96,79,2,173,108.4,216.8
T000383,2025-01-10,S011,P0015,Electrical,Electrical B,82,78,2,158,90.2,180.4
T000384,2026-01-26,S007,P0015,Electrical,Electrical C,3,66,8,61,255.6,2044.8
T000385,02/14/2025,S015,P0038,Paint,Paint A,10,12,7,15,117.55,822.85
T000386,2025-03-09,S011,P0027,Paint,Paint A,54,13,1,66,303.81,303.81
T000387,2026-03-22,S014,P0083,Appliances,Appliances C,3,58,1,60,242.63,242.63
T000388,2025-09-15,S002,P0072,Lawn & Garden,Lawn & Garden A,52,49,1,100,319.56,319.56
T000389,2025-05-02,S001,P0069,Paint,Paint C,96,74,6,164,219.48,1316.88
T000390,2025-10-24,S005,P0088,Lawn & Garden,Lawn & Garden A,118,56,7,167,104.28,729.96
T000391,2025-08-14,S012,P0018,Hardware,Hardware C,81,18,5,94,108.88,544.4
T000392,2026-01-18,S009,P0002,Plumbing,Plumbing C,5,0,1,4,56.35,56.35
T000393,2025-08-04,S012,P0096,Paint,Paint B,115,65,2,178,80.41,160.82
T000394,2025-04-28,S011,P0024,Plumbing,Plumbing C,108,70,4,174,299.47,1197.88
T000395,2025-04-11,S012,P0026,Lawn & Garden,Lawn & Garden B,45,16,2,59,333.43,666.86
T000396,2025-07-18,S008,P0041,Hardware,Hardware B,39,74,2,111,218.79,437.58
T000397,2025-06-22,S006,P0001,Building Materials,Building Materials A,82,55,2,135,251.57,503.14
T000398,2026-05-07,S008,P0060,Electrical,Electrical B,13,22,7,28,174.54,1221.78
T000399,2025-07-21,S012,P0034,Paint,Paint A,114,2,5,111,256.78,1283.9
T000400,2025-08-06,S009,P0005,Electrical,Electrical C,69,60,2,127,313.74,627.48
T000401,2025-10-25,S008,,Lawn & Garden,Lawn & Garden C,46,64,4,106,38.97,155.88
T000402,2025-06-19,S009,P0097,Building Materials,Building Materials B,72,72,1,143,62.45,62.45
T000403,2026-01-03,S004,P0006,Plumbing,Plumbing B,33,47,2,78,87.26,174.52
T000404,2026-02-02,S015,P0061,Hardware,Hardware A,83,41,6,118,21.65,129.9
T000405,2025-09-27,S009,P0075,Lawn & Garden,Lawn & Garden A,48,46,1,93,136.82,136.82
T000406,2025-08-17,S007,,Electrical,Electrical B,61,77,5,133,174.51,872.55
T000407,2026-06-11,S005,P0083,Building Materials,Building Materials A,46,77,1,122,71.92,71.92
T000408,2025-04-27,S011,P0062,Hardware,Hardware B,20,52,9,63,80.06,720.54
T000409,2026-06-09,S015,P0006,Lawn & Garden,Lawn & Garden A,33,23,2,54,27.12,54.24
T000410,2025-10-18,S004,P0011,Hardware,Hardware C,111,61,4,168,347.53,1390.12
T000411,2025-07-06,S011,P0080,Lawn & Garden,Lawn & Garden B,87,43,3,127,65.36,196.08
T000412,2025-05-16,S001,P0014,Building Materials,Building Materials C,64,53,3,114,301.98,905.94
T000413,2025-02-09,S009,P0069,plumbing,Plumbing A,84,16,4,96,39.87,159.48
T000414,2026-03-18,S007,P0067,Electrical,Electrical A,54,29,1,82,246.59,246.59
T000415,2025-04-11,S003,P0055,Electrical,Electrical B,116,10,3,123,269.92,809.76
T000416,2025-01-08,S009,P0074,Appliances,Appliances C,83,26,2,107,10.46,20.92
T000417,2025-09-17,S014,P0034,Lawn & Garden,Lawn & Garden B,78,35,2,111,201.12,402.24
T000418,2026-05-10,S006,P0023,Lawn & Garden,,39,73,1,111,173.45,173.45
T000419,2025-05-02,S004,P0096,Hardware,Hardware C,12,27,3,36,332.64,997.92
T000420,2025-02-23,S007,P0021,Paint,Paint A,105,18,1,122,283.09,283.09
T000421,2026-01-15,S010,P0011,Appliances,Appliances C,51,78,6,123,139.44,836.64
T000422,2025-06-29,S008,P0082,Hardware,Hardware A,84,66,4,146,76.98,307.92
T000423,2025-08-26,S003,P0079,Paint,Paint A,83,0,4,79,131.03,524.12
T000424,2026-02-09,S010,P0052,Building Materials,Building Materials C,90,8,6,92,13.26,79.56
T000425,2025-12-23,S014,P0045,Electrical,Electrical A,24,58,1,81,215.38,215.38
T000426,2025-04-20,S002,P0072,Lawn & Garden,Lawn & Garden B,14,65,1,78,124.27,124.27
T000427,2026-03-30,S010,P0049,Hardware,Hardware A,99,58,4,153,267.06,1068.24
T000428,2025-09-22,S007,P0009,Paint,Paint A,29,40,1,68,239.5,239.5
T000429,2025-09-27,S005,P0032,Appliances,Appliances B,105,43,1,147,238.4,238.4
T000430,2025-10-03,S012,P0024,Paint,Paint A,25,30,1,54,178.66,178.66
T000431,2025-09-13,S006,P0080,Building Materials,Building Materials A,10,63,1,72,49.0,49.0
T000432,2026-05-09,S010,P0048,Electrical,Electrical B,112,73,6,179,315.16,1890.96
T000433,2025-10-14,S004,P0051,Plumbing,Plumbing C,67,54,4,117,51.86,207.44
T000434,2025-06-28,S002,,Paint,Paint C,88,1,3,86,165.34,496.02
T000435,2025-09-23,S009,P0024,Electrical,Electrical A,78,43,2,119,100.14,200.28
T000436,2026-01-17,S014,P0047,Hardware,Hardware B,73,16,3,86,162.15,486.45
T000437,2025-08-30,S007,P0072,Plumbing,Plumbing B,102,19,7,114,75.05,525.35
T000438,2026-06-14,S012,P0069,Electrical,Electrical B,71,72,1,142,110.61,110.61
T000439,2025-09-18,S014,P0061,Paint,Paint A,42,33,3,72,161.85,485.55
T000440,2025-01-21,S002,P0053,Electrical,Electrical C,25,73,10,88,337.39,3373.9
T000441,2025-12-30,S011,P0042,Lawn & Garden,Lawn & Garden B,57,10,5,62,272.96,1364.8
T000442,2025-06-21,S013,P0082,Electrical,Electrical B,73,51,2,122,223.9,447.8
T000443,2025-11-21,S005,P0084,Paint,Paint B,50,34,5,79,215.04,1075.2
T000444,2026-06-18,S007,P0058,Building Materials,Building Materials A,16,30,1,45,300.14,300.14
T000445,2025-06-20,S002,P0051,Appliances,Appliances A,60,70,3,127,328.38,985.14
T000446,2025-04-17,S010,P0034,Building Materials,Building Materials A,113,49,5,157,231.95,1159.75
T000447,2025-05-15,S014,P0068,Building Materials,Building Materials A,45,41,4,82,20.02,80.08
T000448,2026-04-01,S012,P0018,Lawn & Garden,Lawn & Garden A,58,80,5,133,210.06,1050.3
T000449,11/14/2025,S008,P0045,Lawn & Garden,Lawn & Garden A,56,39,5,90,283.21,1416.05
T000450,2025-05-20,S005,P0045,hardware,Hardware C,118,62,4,176,10.84,43.36
T000451,2025-10-27,S004,P0077,Plumbing,Plumbing A,24,52,4,72,195.49,781.96
T000452,2026-02-04,S004,P0049,Electrical,Electrical A,30,66,3,93,152.41,457.23
T000453,2025-10-19,S012,P0084,Lawn & Garden,Lawn & Garden B,109,8,1,116,149.21,149.21
T000454,2025-10-06,S010,P0090,Hardware,Hardware A,19,6,6,19,117.66,705.96
T000455,2025-05-09,S008,P0092,Paint,Paint A,19,1,3,17,87.62,262.86
T000456,2026-01-16,S012,P0060,Plumbing,Plumbing A,107,18,5,120,120.95,604.75
T000457,2025-07-16,S014,P0033,Hardware,Hardware A,98,31,6,123,49.71,298.26
T000458,2025-07-23,S012,P0059,Plumbing,Plumbing A,26,60,2,84,186.23,372.46
T000459,2025-02-13,S015,P0096,Lawn & Garden,Lawn & Garden C,61,38,2,97,49.77,99.54
T000460,2025-04-26,S011,P0031,Hardware,Hardware B,101,35,2,134,13.15,26.3
T000461,2026-05-02,S010,P0089,Building Materials,Building Materials B,31,20,7,44,271.61,1901.27
T000462,2025-03-03,S006,P0008,Paint,Paint A,101,13,1,113,247.85,247.85
T000463,2025-12-22,S012,P0057,Building Materials,Building Materials A,45,17,8,54,243.72,1949.76
T000464,2026-05-17,S010,P0025,Building Materials,Building Materials C,93,59,3,149,126.9,380.7
T000465,2025-03-12,S003,P0068,Hardware,Hardware B,69,46,4,111,288.24,1152.96
T000466,2025-01-20,S014,P0080,Electrical,Electrical C,92,8,6,94,89.67,538.02
T000467,2026-05-25,S009,P0099,Building Materials,Building Materials C,52,41,3,90,104.83,314.49
T000468,2025-05-13,S014,P0023,Appliances,Appliances A,24,12,6,30,44.61,267.66
T000469,2025-09-20,S006,P0007,Building Materials,Building Materials C,1,26,2,25,253.5,507.0
T000470,2025-03-04,S009,P0047,Paint,Paint B,101,7,8,100,289.13,2313.04
T000471,2025-11-08,S004,P0010,Lawn & Garden,Lawn & Garden A,29,68,2,95,42.62,85.24
T000472,2025-07-03,S012,P0072,Lawn & Garden,Lawn & Garden B,98,73,8,163,263.17,2105.36
T000473,2025-06-20,S009,P0024,Hardware,Hardware C,20,68,2,86,123.43,246.86
T000474,2025-11-29,S007,P0048,Plumbing,Plumbing C,92,41,2,131,155.26,310.52
T000475,2025-09-18,S008,P0047,Hardware,Hardware B,4,36,1,39,8.07,8.07
T000476,2025-11-04,S004,P0029,Plumbing,Plumbing B,105,35,1,139,15.42,15.42
T000477,2025-04-07,S008,P0005,Electrical,Electrical A,46,74,3,117,55.34,166.02
T000478,2025-08-11,S002,P0094,Paint,Paint B,22,62,3,81,279.17,837.51
T000479,2025-11-04,S012,P0005,Plumbing,Plumbing C,99,7,6,100,138.49,830.94
T000480,2025-05-04,S004,P0099,Paint,Paint C,118,1,2,117,298.52,597.04
T000481,2025-11-23,S010,P0070,Building Materials,Building Materials B,28,19,4,43,179.82,719.28
T000482,2026-06-01,S004,P0012,Hardware,Hardware B,18,16,3,31,276.94,830.82
T000483,2025-09-26,S007,P0011,Lawn & Garden,Lawn & Garden B,16,17,4,29,272.65,1090.6
T000484,2026-06-21,S004,P0032,Appliances,Appliances B,41,73,1,113,273.66,273.66
T000485,2025-11-25,S010,P0045,Paint,Paint A,21,44,2,63,271.23,542.46
T000486,2025-02-15,S004,P0030,Paint,Paint B,93,10,1,102,61.35,61.35
T000487,2025-10-22,S006,P0002,Paint,Paint A,60,2,7,55,112.35,786.45
T000488,2025-09-22,S008,P0071,Lawn & Garden,Lawn & Garden C,88,2,8,82,347.37,2778.96
T000489,2025-03-03,S004,P0037,Plumbing,Plumbing C,6,59,2,63,219.34,438.68
T000490,2026-01-04,S001,P0014,Electrical,Electrical C,48,65,2,111,140.19,280.38
T000491,2026-06-29,S003,P0012,Building Materials,Building Materials C,71,2,5,68,338.64,1693.2
T000492,2025-06-10,S006,P0003,Paint,Paint B,38,30,9,59,129.54,1165.86
T000493,2025-09-21,S015,P0050,Plumbing,Plumbing A,35,28,10,53,330.89,3308.9
T000494,2026-01-27,S011,P0067,Lawn & Garden,Lawn & Garden C,53,30,1,82,242.79,242.79
T000495,2026-04-05,S003,P0070,Building Materials,Building Materials C,69,25,2,92,55.39,110.78
T000496,2025-05-19,S015,P0056,Plumbing,Plumbing A,72,20,4,88,232.43,929.72
T000497,2025-11-22,S012,P0019,Appliances,Appliances B,52,52,4,100,309.01,1236.04
T000498,2025-10-08,S013,P0020,Building Materials,Building Materials A,3,78,2,79,52.99,105.98
T000499,2025-08-25,S001,P0088,Electrical,Electrical A,61,17,1,77,243.34,243.34
T000500,2026-02-01,S008,P0063,Building Materials,Building Materials A,4,52,3,53,74.09,222.27
T000501,2025-07-27,S004,P0097,Appliances,Appliances A,56,78,10,124,325.07,3250.7
T000502,2026-02-19,S001,P0100,Lawn & Garden,Lawn & Garden C,92,40,2,130,289.92,579.84
T000503,2025-02-09,S002,P0067,Hardware,Hardware B,5,31,3,33,290.84,872.52
T000504,2026-06-13,S011,P0098,Appliances,Appliances A,50,38,15,73,107.58,1613.7
T000505,2025-02-25,S009,P0089,Building Materials,Building Materials B,57,11,2,66,291.82,583.64
T000506,2025-05-19,S007,P0051,Electrical,Electrical B,58,75,5,128,16.52,82.6
T000507,2025-11-28,S011,P0089,Paint,Paint A,15,11,10,16,253.68,2536.8
T000508,2026-01-29,S013,P0094,Lawn & Garden,Lawn & Garden C,48,70,5,113,332.82,1664.1
T000509,2025-06-03,S014,P0021,Building Materials,Building Materials A,6,53,7,52,271.05,1897.35
T000510,2025-07-05,S015,P0016,Building Materials,Building Materials A,97,32,5,124,9.21,46.05
T000511,2026-05-21,S004,P0031,Lawn & Garden,Lawn & Garden C,52,56,4,104,170.69,682.76
T000512,2025-08-01,S003,P0007,Building Materials,Building Materials A,4,18,8,14,231.42,1851.36
T000513,2025-03-31,S002,P0007,Hardware,Hardware A,36,78,5,109,63.18,315.9
T000514,2026-04-12,S010,P0096,Electrical,Electrical A,38,41,2,77,39.85,79.7
T000515,2025-03-08,S008,P0038,Building Materials,Building Materials A,35,42,3,74,245.56,736.68
T000516,2025-04-22,S012,P0074,Paint,Paint C,61,77,4,134,345.62,1382.48
T000517,2025-11-21,S009,P0034,Lawn & Garden,Lawn & Garden C,16,78,2,92,129.02,258.04
T000518,2025-07-04,S004,P0079,Paint,Paint B,0,15,3,12,342.91,1028.73
T000519,2026-03-01,S001,,Electrical,Electrical B,81,27,3,105,199.66,598.98
T000520,2025-11-12,S009,P0039,Lawn & Garden,Lawn & Garden B,14,42,5,51,270.33,1351.65
T000521,2025-06-29,S006,P0025,Plumbing,Plumbing B,61,60,12,109,323.42,3881.04
T000522,2025-12-10,S013,P0060,Plumbing,Plumbing B,7,66,4,69,325.3,1301.2
T000523,2025-08-02,S011,P0074,Electrical,Electrical B,19,35,9,45,30.64,275.76
T000524,2025-06-19,S010,P0074,Hardware,Hardware A,110,39,5,144,211.56,1057.8
T000525,2026-05-24,S006,P0031,Hardware,Hardware B,38,22,3,57,81.92,245.76
T000526,2026-03-31,S001,P0065,Plumbing,Plumbing B,19,24,2,41,317.49,634.98
T000527,2025-12-02,S013,P0019,Plumbing,Plumbing A,120,66,3,183,289.17,867.51
T000528,2026-06-19,S001,P0015,Electrical,Electrical A,76,11,3,84,242.97,728.91
T000529,2025-11-16,S010,P0003,Plumbing,Plumbing B,26,41,1,66,226.49,226.49
T000530,2025-05-01,S003,P0035,Building Materials,Building Materials B,79,71,2,148,47.15,94.3
T000531,2025-05-25,S013,P0091,Electrical,Electrical C,9,39,4,44,91.73,366.92
T000532,2026-04-28,S001,P0087,Appliances,Appliances B,54,50,9,95,26.4,237.6
T000533,2026-04-02,S006,P0079,Electrical,Electrical B,91,68,3,156,287.57,862.71
T000534,2025-04-06,S008,P0090,Appliances,Appliances B,82,59,1,140,114.15,114.15
T000535,2025-09-22,S007,P0047,Building Materials,Building Materials C,42,41,1,82,321.7,321.7
T000536,2026-04-18,S005,P0022,Plumbing,Plumbing B,16,65,5,76,214.72,1073.6
T000537,2025-03-14,S009,P0039,Hardware,Hardware B,30,79,1,108,209.96,209.96
T000538,2025-08-02,S010,P0089,Hardware,Hardware B,43,69,6,106,201.99,1211.94
T000539,2026-05-14,S010,P0015,Lawn & Garden,Lawn & Garden B,12,56,5,63,119.28,596.4
T000540,01/24/2026,S008,P0042,Paint,Paint C,27,17,3,41,29.03,87.09
T000541,2025-05-31,S003,P0085,Hardware,Hardware C,78,73,1,150,107.69,107.69
T000542,2025-11-08,S012,P0056,Electrical,Electrical A,78,65,2,141,207.29,414.58
T000543,2025-02-24,S012,P0001,Lawn & Garden,Lawn & Garden B,36,3,4,35,45.52,182.08
T000544,2026-01-27,S007,P0052,Hardware,Hardware C,22,60,1,81,80.24,80.24
T000545,2026-03-04,S005,P0020,Plumbing,Plumbing C,1,9,8,2,50.94,407.52
T000546,2025-05-20,S003,P0011,Paint,Paint B,114,77,4,187,302.17,1208.68
T000547,2026-04-06,S006,P0050,Building Materials,Building Materials A,0,73,4,69,153.27,613.08
T000548,2026-01-11,S001,P0005,Lawn & Garden,Lawn & Garden B,14,74,5,83,249.07,1245.35
T000549,2025-10-14,S009,P0060,Appliances,Appliances C,11,31,8,34,312.35,2498.8
T000550,2025-11-16,S001,P0079,Electrical,Electrical C,60,58,3,115,274.26,822.78
T000551,2025-10-29,S003,P0038,Appliances,Appliances C,95,38,5,128,323.62,1618.1
T000552,2025-06-23,S001,P0074,Paint,Paint B,79,3,1,81,284.64,284.64
T000553,2025-10-12,S003,P0033,Lawn & Garden,Lawn & Garden B,32,1,10,23,102.12,1021.2
T000554,2026-04-03,S013,P0048,Building Materials,Building Materials B,30,62,3,89,275.62,826.86
T000555,2025-05-29,S015,P0077,Plumbing,Plumbing A,96,52,1,147,294.46,294.46
T000556,2025-08-04,S012,P0074,Plumbing,Plumbing B,33,14,2,45,26.58,53.16
T000557,2026-06-30,S007,P0030,Paint,Paint C,33,18,1,50,141.4,141.4
T000558,2026-01-27,S006,P0087,Lawn & Garden,Lawn & Garden C,12,68,2,78,334.91,669.82
T000559,2025-10-07,S005,P0043,Electrical,Electrical A,74,50,1,123,95.33,95.33
T000560,2025-07-19,S006,,Paint,Paint C,40,70,5,105,347.68,1738.4
T000561,2026-06-22,S011,P0014,Hardware,Hardware B,36,32,4,64,83.04,332.16
T000562,2025-08-11,S011,P0077,Appliances,Appliances C,11,77,1,87,335.57,335.57
T000563,2025-07-09,S012,P0015,Building Materials,Building Materials B,84,9,3,90,108.74,326.22
T000564,2025-11-28,S003,P0033,Plumbing,Plumbing A,7,48,3,52,102.83,308.49
T000565,2025-07-02,S002,P0057,Hardware,Hardware A,22,62,1,83,216.72,216.72
T000566,2025-04-19,S012,P0057,Electrical,Electrical A,9,73,2,80,19.92,39.84
T000567,2025-01-01,S011,P0005,Hardware,Hardware B,42,50,3,89,59.85,179.55
T000568,2026-03-23,S014,P0052,Paint,Paint A,0,49,2,47,192.72,385.44
T000569,2026-01-03,S011,P0043,Electrical,Electrical B,82,11,1,92,26.88,26.88
T000570,2025-10-24,S004,P0083,Building Materials,Building Materials C,49,24,1,72,21.45,21.45
T000571,2026-05-14,S015,P0011,Paint,Paint B,17,4,2,19,259.48,518.96
T000572,2025-03-06,S011,P0070,Electrical,Electrical B,106,57,2,161,190.61,381.22
T000573,2025-02-13,S002,P0052,Building Materials,Building Materials C,58,68,5,121,236.22,1181.1
T000574,2025-05-25,S011,P0063,Appliances,Appliances B,79,5,8,76,318.26,2546.08
T000575,2025-11-11,S008,P0013,Lawn & Garden,Lawn & Garden A,8,13,6,15,293.69,1762.14
T000576,2025-07-27,S006,P0055,Plumbing,Plumbing C,41,15,3,53,240.01,720.03
T000577,2025-08-07,S001,P0098,Lawn & Garden,Lawn & Garden A,15,35,1,49,122.74,122.74
T000578,2026-03-26,S015,P0032,Lawn & Garden,Lawn & Garden A,101,80,6,175,53.61,321.66
T000579,2025-01-07,S003,P0001,Appliances,Appliances C,113,36,5,144,230.9,1154.5
T000580,2025-07-31,S011,P0019,Electrical,Electrical C,30,22,8,44,162.04,1296.32
T000581,2025-04-01,S014,P0081,Plumbing,Plumbing B,0,71,3,68,126.97,380.91
T000582,2026-01-06,S009,P0098,Lawn & Garden,Lawn & Garden A,80,26,10,96,166.76,1667.6
T000583,2026-05-01,S003,P0064,Building Materials,Building Materials C,6,46,3,49,323.55,970.65
T000584,2026-04-10,S002,P0006,Paint,Paint A,22,20,1,41,324.3,324.3
T000585,2026-04-01,S010,P0076,Electrical,Electrical B,86,41,2,125,75.97,151.94
T000586,2026-02-27,S007,P0026,Building Materials,Building Materials A,62,6,4,64,169.08,676.32
T000587,2026-02-01,S003,P0048,Hardware,Hardware C,45,34,2,77,74.4,148.8
T000588,2025-05-20,S014,P0015,Hardware,Hardware B,97,43,10,130,151.03,1510.3
T000589,2025-06-24,S009,P0074,Plumbing,Plumbing A,109,66,4,171,37.57,150.28
T000590,2025-10-13,S012,P0002,Hardware,Hardware C,31,41,3,69,306.43,919.29
T000591,2025-01-06,S001,P0054,Appliances,Appliances B,64,4,3,65,258.85,776.55
T000592,2025-04-11,S008,P0058,Building Materials,Building Materials A,1,52,2,51,199.0,398.0
T000593,2025-04-03,S008,P0003,Paint,Paint B,58,73,1,130,63.34,63.34
T000594,2026-02-20,S013,P0024,Plumbing,Plumbing B,90,0,2,88,222.37,444.74
T000595,2025-02-03,S007,P0038,Plumbing,Plumbing B,78,69,9,138,246.73,2220.57
T000596,2025-12-10,S015,P0095,Appliances,Appliances C,86,46,3,129,331.3,993.9
T000597,2026-01-10,S003,P0047,Paint,Paint C,71,26,6,91,249.07,1494.42
T000598,2025-08-03,S012,P0097,Plumbing,Plumbing A,114,34,6,142,117.6,705.6
T000599,2026-04-09,S009,P0063,Lawn & Garden,Lawn & Garden A,68,68,3,133,168.8,506.4
T000600,2025-03-09,S015,P0025,Hardware,Hardware A,114,22,5,131,35.42,177.1
T000601,2025-06-01,S003,P0064,Plumbing,Plumbing A,80,2,1,81,186.08,186.08
T000602,2025-12-22,S008,P0054,Paint,Paint C,24,8,8,24,15.35,122.8
T000603,2025-12-10,S010,P0053,Electrical,Electrical C,41,62,8,95,228.95,1831.6
T000604,2025-11-08,S003,P0073,Plumbing ,Plumbing B,33,29,4,58,66.73,266.92
T000605,2025-12-28,S008,P0037,Building Materials,Building Materials C,91,68,4,155,324.05,1296.2
T000606,2025-06-07,S004,P0021,Appliances,Appliances A,73,16,3,86,347.87,1043.61
T000607,2025-11-21,S003,P0045,Electrical,Electrical B,20,68,7,81,192.63,1348.41
T000608,2025-05-29,S015,P0059,Electrical,Electrical A,94,69,5,158,9.47,47.35
T000609,2025-10-24,S010,P0097,Paint,Paint A,93,56,2,147,281.46,562.92
T000610,2025-04-30,S001,P0040,Hardware,Hardware C,57,45,1,101,295.58,295.58
T000611,2025-08-16,S005,P0099,Building Materials,Building Materials A,108,57,1,164,36.59,36.59
T000612,2026-05-18,S010,P0041,Lawn & Garden,Lawn & Garden C,116,46,7,155,330.64,2314.48
T000613,2025-01-13,S006,P0037,Electrical,Electrical B,111,71,3,179,342.31,1026.93
T000614,2026-03-30,S003,P0037,Plumbing,Plumbing C,54,53,4,103,339.86,1359.44
T000615,2026-05-02,S006,P0068,Appliances,Appliances C,11,0,3,8,266.59,799.77
T000616,2025-05-21,S003,P0026,Plumbing,Plumbing B,62,5,1,66,107.0,107.0
T000617,2026-04-20,S001,P0029,Plumbing,Plumbing A,38,60,1,97,60.68,60.68
T000618,2025-09-08,S002,P0004,Plumbing,Plumbing B,8,76,2,82,176.62,353.24
T000619,2026-05-03,S014,P0089,Appliances,Appliances B,73,2,2,73,183.28,366.56
T000620,2025-05-19,S003,P0046,Appliances,Appliances B,81,45,2,124,131.52,263.04
T000621,2025-07-18,S011,P0099,Building Materials,Building Materials A,21,69,2,88,212.78,425.56
T000622,2025-10-05,S012,P0088,Paint,Paint B,74,45,12,107,40.78,489.36
T000623,2026-05-12,S006,P0053,Building Materials,Building Materials A,64,28,6,86,82.51,495.06
T000624,2026-06-23,S012,P0069,Lawn & Garden,Lawn & Garden C,14,53,3,64,266.66,799.98
T000625,2026-05-07,S005,P0045,Paint,Paint B,56,76,3,129,55.54,166.62
T000626,2025-05-02,S003,P0029,Plumbing,Plumbing C,29,39,3,65,56.69,170.07
T000627,2025-04-25,S001,P0010,Plumbing,Plumbing B,5,25,5,25,267.01,1335.05
T000628,2025-05-02,S001,P0033,Appliances,Appliances B,96,12,3,105,236.31,708.93
T000629,2025-07-09,S006,P0086,Appliances,Appliances A,95,35,6,124,57.78,346.68
T000630,2025-09-05,S010,P0065,Appliances,Appliances A,97,1,4,94,288.3,1153.2
T000631,2025-01-05,S002,P0093,Building Materials,Building Materials C,60,46,12,94,299.14,3589.68
T000632,2025-12-30,S007,P0049,Building Materials,Building Materials C,14,40,2,52,85.82,171.64
T000633,2025-10-23,S012,P0072,Appliances,Appliances A,14,49,7,56,120.22,841.54
T000634,2026-03-31,S009,P0029,Hardware,Hardware B,54,24,1,77,344.86,344.86
T000635,2026-01-12,S001,P0023,Paint,Paint B,50,56,1,105,237.86,237.86
T000636,2025-04-15,S015,P0095,Building Materials,Building Materials A,25,43,11,57,132.39,1456.29
T000637,2026-03-11,S008,P0093,Electrical,Electrical C,75,34,6,103,269.96,1619.76
T000638,2026-02-19,S009,P0063,Electrical,Electrical A,13,15,4,24,270.66,1082.64
T000639,2025-04-12,S001,P0095,Plumbing,Plumbing A,3,22,14,11,178.36,2497.04
T000640,2025-04-09,S002,P0098,Paint,Paint C,101,59,3,157,270.51,811.53
T000641,2025-12-18,S009,P0070,Appliances,Appliances A,112,15,7,120,346.82,2427.74
T000642,2025-02-03,S009,P0023,Paint,Paint B,21,62,7,76,310.57,2173.99
T000643,2026-05-18,S009,P0085,Paint,Paint C,60,71,9,122,203.7,1833.3
T000644,2026-01-22,S011,P0079,Electrical,Electrical B,3,75,1,77,117.61,117.61
T000645,2025-01-28,S015,P0098,Paint,Paint B,54,44,3,95,138.16,414.48
T000646,2025-08-29,S005,P0083,Lawn & Garden,Lawn & Garden A,8,39,4,43,319.35,1277.4
T000647,2026-03-09,S009,P0073,Hardware,Hardware B,60,75,9,126,14.98,134.82
T000648,2025-04-11,S002,P0063,Paint,Paint C,63,64,4,123,78.42,313.68
T000649,2026-03-23,S008,P0026,Paint,Paint A,68,27,7,88,295.41,2067.87
T000650,2025-08-20,S012,P0080,Appliances,Appliances C,12,75,1,86,296.71,296.71
T000651,2025-08-03,S013,P0045,Appliances,Appliances C,64,38,2,100,289.72,579.44
T000652,2026-06-12,S011,P0059,Plumbing,Plumbing C,2,80,8,74,69.77,558.16
T000653,2026-04-24,S015,P0035,Paint,Paint C,109,55,2,162,284.66,569.32
T000654,2026-04-19,S004,P0019,Building Materials,Building Materials C,38,55,3,90,242.37,727.11
T000655,2026-02-27,S014,P0035,Electrical,Electrical C,87,76,9,154,62.92,566.28
T000656,2025-11-14,S008,P0060,Lawn & Garden,Lawn & Garden B,115,4,1,118,152.33,152.33
T000657,2025-10-12,S009,P0085,Building Materials,Building Materials C,92,62,1,153,299.56,299.56
T000658,2025-11-02,S015,P0009,Hardware,Hardware B,113,11,1,123,237.71,237.71
T000659,2026-05-28,S009,P0016,Paint,Paint C,119,67,9,177,332.79,2995.11
T000660,2025-11-17,S014,P0043,Lawn & Garden,Lawn & Garden C,95,30,6,119,141.36,848.16
T000661,2025-10-09,S007,P0057,Electrical,Electrical C,68,47,6,109,27.13,162.78
T000662,2025-09-10,S015,P0036,Plumbing,Plumbing A,91,47,2,136,132.15,264.3
T000663,2025-02-25,S015,P0089,Plumbing,Plumbing C,70,49,1,118,89.97,89.97
T000664,2025-05-05,S014,P0069,Building Materials,Building Materials B,116,50,1,165,140.86,140.86
T000665,2025-08-30,S004,P0039,Plumbing,Plumbing A,80,40,8,112,321.23,2569.84
T000666,2025-03-24,S008,P0100,Hardware,Hardware C,107,42,5,144,149.23,746.15
T000667,2025-09-25,S002,P0065,Electrical,Electrical B,104,70,5,169,213.92,1069.6
T000668,2025-07-08,S008,P0081,Plumbing,Plumbing C,51,25,4,72,54.54,218.16
T000669,2026-06-13,S013,P0092,Plumbing,Plumbing C,108,76,1,183,269.0,269.0
T000670,2025-05-17,S003,P0034,Paint,Paint C,102,36,2,136,290.75,581.5
T000671,2025-08-18,S001,P0003,Lawn & Garden,Lawn & Garden C,29,11,1,39,217.31,217.31
T000672,2026-02-15,S007,P0080,Lawn & Garden,Lawn & Garden B,47,21,1,67,59.04,59.04
T000673,2026-04-10,S008,P0087,Appliances,Appliances A,24,34,6,52,252.04,1512.24
T000674,2025-08-09,S012,P0037,Paint,Paint A,52,18,1,69,151.07,151.07
T000675,2025-09-12,S010,P0048,Paint,Paint C,1,60,1,60,164.69,164.69
T000676,2026-01-28,S007,P0091,Paint,Paint C,12,71,2,81,95.63,191.26
T000677,2025-02-16,S005,P0001,Lawn & Garden,Lawn & Garden C,50,47,3,94,138.28,414.84
T000678,2025-06-23,S008,P0065,Electrical,Electrical B,40,67,1,106,53.12,53.12
T000679,2026-05-27,S012,P0036,Electrical,Electrical B,112,33,4,141,104.76,419.04
T000680,2025-06-18,S012,P0041,Hardware,Hardware A,118,56,3,171,198.04,594.12
T000681,2025-09-24,S012,P0021,Hardware,Hardware B,114,63,8,169,47.68,381.44
T000682,2026-05-20,S014,P0015,Paint,Paint A,11,26,3,34,50.29,150.87
T000683,2025-10-07,S015,P0073,Paint,Paint C,0,67,4,63,80.64,322.56
T000684,2026-05-26,S002,P0087,Electrical,Electrical A,87,15,1,101,105.22,105.22
T000685,2025-06-07,S002,P0004,hardware,Hardware C,58,80,1,137,233.56,233.56
T000686,2026-04-09,S012,P0042,Paint,Paint C,110,6,1,115,52.23,52.23
T000687,2026-01-26,S007,P0012,Electrical,Electrical A,98,51,1,148,90.11,90.11
T000688,2025-10-19,S013,P0083,Paint,Paint A,62,55,2,115,49.25,98.5
T000689,2026-01-03,S002,P0086,Plumbing,Plumbing B,62,57,7,112,183.33,1283.31
T000690,2026-03-09,S010,P0048,Building Materials,Building Materials B,11,5,1,15,223.69,223.69
T000691,2025-06-08,S009,P0064,Paint,Paint C,37,59,12,84,187.44,2249.28
T000692,2025-05-11,S015,P0088,Electrical,Electrical A,37,72,5,104,186.9,934.5
T000693,2026-03-12,S002,P0053,Hardware,Hardware C,104,32,4,132,254.35,1017.4
T000694,2026-04-19,S013,P0023,Building Materials,Building Materials B,53,38,3,88,23.48,70.44
T000695,2025-09-29,S015,P0044,Plumbing,Plumbing A,10,77,2,85,80.19,160.38
T000696,2026-02-09,S001,P0015,Building Materials,Building Materials C,88,51,2,137,171.17,342.34
T000697,2026-01-05,S011,P0089,Paint,Paint C,38,11,1,48,143.09,143.09
T000698,2025-07-12,S004,P0004,Hardware,Hardware C,30,55,1,84,57.64,57.64
T000699,2026-04-20,S008,P0019,Hardware,Hardware A,115,19,9,125,47.83,430.47
T000700,2026-04-06, S004 ,P0075,Building Materials,Building Materials B,106,50,5,151,202.75,1013.75
T000701,2026-03-02,S012,P0064,Lawn & Garden,Lawn & Garden C,37,4,9,32,258.03,2322.27
T000702,2026-05-15,S012,P0030,Appliances,Appliances C,73,40,2,111,14.5,29.0
T000703,2025-04-30,S010,P0064,Paint,Paint B,55,2,1,56,161.33,161.33
T000704,2026-06-04,S010,P0029,Paint,Paint B,109,59,3,165,323.23,969.69
T000705,2026-01-04,S013,P0061,Plumbing,Plumbing A,36,11,1,46,220.67,220.67
T000706,2025-04-14,S008,P0054,Electrical,Electrical A,6,2,3,5,79.63,238.89
T000707,2026-05-31,S013,P0005,Appliances,Appliances B,79,29,1,107,155.27,155.27
T000708,2025-12-30,S001,P0099,Plumbing,Plumbing C,19,65,1,83,99.48,99.48
T000709,2026-04-14,S002,P0097,Appliances,Appliances C,109,13,4,118,216.5,866.0
T000710,2025-07-30,S003,P0047,Paint,Paint B,97,64,9,152,250.19,2251.71
T000711,2025-05-22,S014,P0016,Building Materials,Building Materials B,98,0,4,94,339.62,1358.48
T000712,2025-03-29,S006,P0035,Paint,Paint B,85,31,4,112,131.34,525.36
T000713,2026-03-16,S015,P0053,Hardware,Hardware B,66,46,3,109,333.53,1000.59
T000714,2026-06-14,S002,P0009,Electrical,Electrical B,98,21,3,116,145.36,436.08
T000715,2025-06-04,S001,P0074,Paint,Paint C,112,66,1,177,281.28,281.28
T000716,2025-11-08,S012,P0093,Electrical,Electrical B,35,67,1,101,10.7,10.7
T000717,2026-03-29,S006,P0090,Plumbing,Plumbing C,25,38,7,56,146.34,1024.38
T000718,2025-05-10,S009,P0067,Electrical,Electrical A,70,39,2,107,39.74,79.48
T000719,2025-09-22,S014,P0031,Plumbing,Plumbing B,64,14,7,71,256.47,1795.29
T000720,2025-05-07,S013,P0007,Paint,Paint A,73,0,3,70,161.47,484.41
T000721,2025-08-28,S005,P0045,Electrical,Electrical C,91,73,3,161,276.4,829.2
T000722,2025-12-02,S010,P0067,Building Materials,Building Materials B,18,54,2,70,163.37,326.74
T000723,2026-05-03,S008,P0028,Appliances,Appliances B,51,75,5,121,239.47,1197.35
T000724,2026-03-10,S012,P0057,Hardware,Hardware C,105,20,6,119,340.86,2045.16
T000725,2026-06-10,S002,P0068,Paint,Paint A,4,20,1,23,163.76,163.76
T000726,2026-02-23,S002,P0015,Electrical,Electrical C,66,19,1,84,107.04,107.04
T000727,2025-01-29,S003,P0019,Plumbing,Plumbing C,119,39,1,157,152.24,152.24
T000728,2025-05-06,S006,P0071,Appliances,Appliances A,73,39,4,108,150.81,603.24
T000729,2025-05-16,S003,P0098,Lawn & Garden,Lawn & Garden C,57,57,4,110,165.64,662.56
T000730,2026-02-24,S004,P0050,Hardware,Hardware B,85,56,14,127,193.02,2702.28
T000731,2025-11-13,S011,P0072,Appliances,Appliances C,24,79,3,100,199.3,597.9
T000732,2026-05-03,S015,P0065,Appliances,Appliances A,68,23,3,88,233.12,699.36
T000733,2026-03-31,S013,P0011,Lawn & Garden,Lawn & Garden C,75,5,4,76,117.59,470.36
T000734,2025-01-25,S006,P0068,Hardware,Hardware B,12,69,4,77,39.13,156.52
T000735,2025-11-11,S011,P0053,Building Materials,Building Materials A,41,23,2,62,218.15,436.3
T000736,2026-02-27,S005,P0042,Hardware,Hardware A,30,76,1,105,25.74,25.74
T000737,2025-04-28,S001,P0035,Electrical,Electrical B,8,61,3,66,197.17,591.51
T000738,2025-04-14,S013,P0032,Lawn & Garden,Lawn & Garden C,38,72,3,107,276.54,829.62
T000739,2025-05-26, S009 ,P0048,Building Materials,Building Materials A,54,71,3,122,191.84,575.52
T000740,2025-10-24,S003,P0084,Appliances,Appliances A,61,34,5,90,327.26,1636.3
T000741,2025-08-06,S014,P0075,Lawn & Garden,Lawn & Garden B,94,68,3,159,23.56,70.68
T000742,2025-05-24,S009,P0093,Electrical,Electrical B,64,40,1,103,80.11,80.11
T000743,2026-04-09,S004,P0035,Paint,Paint B,58,76,1,133,124.84,124.84
T000744,2026-05-03,S015,P0001,Appliances,Appliances C,71,62,2,131,67.35,134.7
T000745,2025-03-21,S001,P0069,Plumbing,Plumbing C,15,45,3,57,160.25,480.75
T000746,2025-01-09,S008,P0016,Electrical,Electrical A,28,2,4,26,160.05,640.2
T000747,11/07/2025,S004,P0092,Building Materials,Building Materials B,4,35,3,36,338.82,1016.46
T000748,2026-02-10,S014,P0015,Electrical,Electrical C,21,70,1,90,179.11,179.11
T000749,2025-06-29,S010,P0009,Building Materials,Building Materials C,33,72,1,104,30.25,30.25
T000750,2025-01-24,S011,,Lawn & Garden,Lawn & Garden C,71,58,5,124,94.5,472.5
T000751,2025-11-27,S014,P0056,Hardware,Hardware B,66,59,2,123,49.63,99.26
T000752,2025-02-18,S015,P0036,Hardware,Hardware C,0,50,3,47,161.51,484.53
T000753,2025-08-20,S007,P0089,Appliances,Appliances A,42,39,2,79,75.33,150.66
T000754,2025-01-25,S013,P0076,Paint,Paint B,31,13,1,43,295.45,295.45
T000755,2026-06-17,S002,P0031,Plumbing,Plumbing C,97,12,2,107,219.89,439.78
T000756,2025-02-04,S006,P0049,Plumbing,Plumbing C,16,7,3,20,30.24,90.72
T000757,2025-03-09,S011,P0014,Appliances,Appliances C,108,48,3,153,25.85,77.55
T000758,2025-01-11,S007,P0059,Hardware,Hardware B,79,12,6,85,308.94,1853.64
T000759,2025-12-03,S004,P0076,Appliances,Appliances A,91,8,1,98,12.2,12.2
T000760,2026-06-06,S006,P0033,Hardware,Hardware B,56,23,1,78,255.82,255.82
T000761,2026-03-23,S011,P0066,Plumbing,Plumbing B,113,69,2,180,114.43,228.86
T000762,2026-01-13,S009,P0002,Lawn & Garden,Lawn & Garden C,7,30,4,33,239.98,959.92
T000763,2025-07-20,S011,P0026,Building Materials,Building Materials A,85,60,5,140,124.81,624.05
T000764,2025-12-10,S005,P0079,Hardware,Hardware B,58,5,2,61,63.5,127.0
T000765,2026-04-23,S004,P0080,Building Materials,Building Materials B,104,42,1,145,259.23,259.23
T000766,2025-01-07,S001,P0047,Appliances,Appliances B,14,18,2,30,18.27,36.54
T000767,2025-02-14,S004,P0004,Building Materials,Building Materials B,113,33,4,142,67.56,270.24
T000768,2025-01-23,S014,P0023,Electrical,Electrical A,86,17,3,100,15.18,45.54
T000769,2025-11-09,S004,P0059,Electrical,Electrical B,120,67,5,182,234.03,1170.15
T000770,2025-03-08,S003,P0016,Building Materials,Building Materials A,48,47,7,88,73.56,514.92
T000771,2025-07-13,S005,P0069,Plumbing,Plumbing A,6,80,2,84,120.07,240.14
T000772,2026-05-16,S012,P0027,Appliances,Appliances B,78,8,2,84,278.52,557.04
T000773,2026-01-19,S009,P0064,Hardware,Hardware A,47,67,1,113,118.06,118.06
T000774,2026-02-15,S015,P0082,Plumbing,Plumbing C,26,28,1,53,230.21,230.21
T000775,2026-03-12,S010,P0049,Building Materials,Building Materials B,10,17,1,26,95.05,95.05
T000776,2025-02-12,S009,P0060,Lawn & Garden,Lawn & Garden B,59,55,1,113,153.73,153.73
T000777,2025-07-03,S004,P0057,Electrical,Electrical C,115,10,6,119,33.95,203.7
T000778,2025-10-11,S002,P0030,Appliances,Appliances A,69,25,5,89,131.2,656.0
T000779,2025-10-09,S012,P0025,Lawn & Garden,Lawn & Garden A,96,69,2,163,349.45,698.9
T000780,2026-02-18,S014,P0052,Lawn & Garden,Lawn & Garden C,83,65,12,136,12.07,144.84
T000781,2025-08-03,S004,P0061,Lawn & Garden,Lawn & Garden C,96,59,2,153,276.8,553.6
T000782,2025-07-12,S013,P0055,Paint,Paint B,57,71,7,121,79.68,557.76
T000783,2025-01-10,S013,P0064,Paint,Paint B,53,54,9,98,124.22,1117.98
T000784,2025-11-30,S001,P0076,Lawn & Garden,Lawn & Garden A,19,42,4,57,323.37,1293.48
T000785,2026-02-05,S004,P0049,Hardware,Hardware A,24,60,1,83,190.8,190.8
T000786,2025-04-06,S002,P0022,Paint,Paint C,105,77,2,180,68.75,137.5
T000787,2025-10-18,S004,P0027,Electrical,Electrical C,58,7,3,62,187.34,562.02
T000788,2026-02-05,S002,P0021,Building Materials,Building Materials C,95,8,1,102,151.1,151.1
T000789,2025-11-14,S014,P0056,Paint,Paint C,77,73,1,149,170.37,170.37
T000790,2025-10-10,S001,P0026,Building Materials,Building Materials B,51,77,1,127,29.88,29.88
T000791,2026-04-17,S010,P0060,Appliances,Appliances C,82,58,4,136,39.16,156.64
T000792,2025-06-29,S004,P0054,Building Materials,Building Materials C,58,49,7,100,258.77,1811.39
T000793,2025-02-14,S015,P0031,Plumbing,Plumbing A,80,68,5,143,101.63,508.15
T000794,2025-08-11,S007,P0064,Plumbing,Plumbing C,47,9,6,50,49.46,296.76
T000795,2025-06-18,S004,P0033,Lawn & Garden,Lawn & Garden A,9,59,1,67,166.06,166.06
T000796,2025-01-11,S002,P0033,Paint,Paint A,95,59,2,152,119.87,239.74
T000797,2026-03-25,S008,P0018,Plumbing,Plumbing B,21,2,2,21,295.81,591.62
T000798,2025-06-22,S011,P0010,Plumbing,Plumbing A,19,56,4,71,239.67,958.68
T000799,08/10/2025,S012,P0057,Appliances,Appliances C,82,13,1,94,285.54,285.54
T000800,2026-01-22,S004,P0099,Building Materials,Building Materials B,25,11,6,30,318.79,1912.74
T000801,2025-03-06,S015,P0029,Appliances,Appliances C,21,5,9,17,65.42,588.78
T000802,2025-07-14,S004,P0080,Lawn & Garden,Lawn & Garden B,15,29,4,40,329.11,1316.44
T000803,2025-11-20,S007,P0002,Building Materials,Building Materials B,84,35,2,117,83.27,166.54
T000804,2025-11-05,S010,P0099,Hardware,Hardware A,101,72,1,172,251.69,251.69
T000805,2026-02-02,S015,P0087,Plumbing,Plumbing C,22,40,1,61,53.46,53.46
T000806,2026-04-05,S009,P0049,Paint,Paint C,75,1,1,75,87.49,87.49
T000807,2026-03-15,S004,P0097,Lawn & Garden,Lawn & Garden A,47,63,2,108,28.49,56.98
T000808,2026-03-31,S015,P0095,Electrical,Electrical A,82,5,2,85,103.12,206.24
T000809,2025-01-25,S014,P0030,Paint,Paint B,26,69,6,89,125.21,751.26
T000810,2025-08-16,S014,,Hardware,Hardware C,56,80,2,134,118.0,236.0
T000811,2025-05-25,S003,P0027,Appliances,Appliances A,106,26,2,130,210.68,421.36
T000812,2025-07-22,S007,P0032,Building Materials,Building Materials C,36,73,4,105,93.15,372.6
T000813,2025-03-23,S007,P0047,Hardware,Hardware A,54,64,4,114,168.98,675.92
T000814,2026-05-09,S013,P0003,Hardware,Hardware B,97,38,5,130,300.08,1500.4
T000815,2026-04-20,S008,P0040,Electrical,Electrical B,61,9,3,67,200.25,600.75
T000816,2025-01-05,S014,P0002,Lawn & Garden,Lawn & Garden C,62,51,1,112,256.07,256.07
T000817,2026-05-17,S011,P0040,Lawn & Garden,Lawn & Garden A,4,15,4,15,147.81,591.24
T000818,2025-09-19,S015,P0099,Plumbing,Plumbing C,90,62,1,151,127.21,127.21
T000819,2026-03-11,S004,P0095,Building Materials,Building Materials B,104,46,7,143,19.8,138.6
T000820,2025-09-25,S008,P0078,Paint,Paint A,77,74,3,148,94.97,284.91
T000821,2026-01-29,S012,P0051,Lawn & Garden,Lawn & Garden A,24,54,3,75,185.34,556.02
T000822,2026-06-30,S015,P0085,Hardware,Hardware C,52,11,15,48,113.33,1699.95
T000823,2025-10-03, S004 ,P0096,Paint,Paint B,0,21,5,16,247.06,1235.3
T000824,2026-06-22,S011,P0054,Electrical,Electrical C,22,47,4,65,155.38,621.52
T000825,2025-04-23,S010,P0058,Plumbing,Plumbing A,7,23,2,28,71.49,142.98
T000826,2026-03-28,S015,P0081,Lawn & Garden,Lawn & Garden A,21,10,1,30,304.98,304.98
T000827,2025-08-29,S008,P0062,Paint,Paint A,34,0,2,32,11.25,22.5
T000828,2025-01-08,S010,P0049,Lawn & Garden,Lawn & Garden B,60,43,1,102,326.79,326.79
T000829,2025-11-19,S006,P0031,paint,Paint B,7,45,9,43,137.43,1236.87
T000830,2026-02-16,S014,P0093,Building Materials,Building Materials A,111,67,4,174,213.85,855.4
T000831,2026-05-02,S007,P0066,Paint,Paint A,81,41,7,115,9.07,63.49
T000832,2025-11-30,S008,P0087,Building Materials,Building Materials C,94,78,1,171,173.71,173.71
T000833,2026-05-03,S014,P0085,Paint,Paint A,37,77,1,113,259.12,259.12
T000834,2026-06-01,S003,P0005,Hardware,Hardware A,86,70,5,151,111.06,555.3
T000835,2026-05-09,S009,P0085,Building Materials,Building Materials A,96,11,1,106,80.38,80.38
T000836,2025-12-01,S013,P0050,Electrical,Electrical A,85,60,2,143,253.96,507.92
T000837,2026-05-19,S013,P0012,Paint,Paint B,119,73,10,182,306.2,3062.0
T000838,2026-01-26,S011,P0084,Plumbing,Plumbing C,55,29,2,82,338.46,676.92
T000839,2025-07-12, S002 ,P0096,Lawn & Garden,Lawn & Garden B,40,48,1,87,51.58,51.58
T000840,2026-02-02,S006,P0055,Plumbing,Plumbing B,119,16,1,134,280.75,280.75
T000841,2026-04-17,S003,P0041,Plumbing,Plumbing B,63,58,1,120,294.33,294.33
T000842,2025-02-05,S006,P0077,Electrical,Electrical C,15,35,7,43,346.69,2426.83
T000843,2026-05-22,S012,P0038,Hardware,Hardware A,42,19,2,59,343.55,687.1
T000844,2025-02-23,S003,P0100,Plumbing,Plumbing B,38,20,15,43,256.77,3851.55
T000845,2025-12-23,S007,P0097,Hardware,Hardware A,36,36,9,63,188.52,1696.68
T000846,2025-05-15,S013,P0042,Plumbing,Plumbing C,6,38,11,33,304.12,3345.32
T000847,2025-10-26,S004,P0019,Building Materials,Building Materials C,83,1,6,78,74.91,449.46
T000848,2025-06-01,S007,P0049,Paint ,Paint A,12,45,5,52,324.69,1623.45
T000849,2025-12-13,S007,P0076,Building Materials,Building Materials C,31,4,1,34,255.11,255.11
T000850,2025-06-26,S012,P0084,Hardware,Hardware C,85,11,3,93,346.98,1040.94
T000851,2026-04-01,S001,P0048,Appliances,Appliances A,62,65,5,122,36.26,181.3
T000852,2025-04-07,S003,P0076,Hardware,Hardware B,89,55,6,138,349.98,2099.88
T000853,2025-07-09,S014,P0052,Paint,Paint A,104,68,1,171,142.68,142.68
T000854,2025-05-08, S013 ,P0097,Building Materials,Building Materials C,23,76,2,97,314.98,629.96
T000855,2025-02-10,S010,P0017,Building Materials,Building Materials C,71,32,3,100,63.13,189.39
T000856,2026-01-08,S003,P0070,Hardware,Hardware C,38,5,3,40,8.03,24.09
T000857,2026-04-01,S010,P0018,Hardware,Hardware C,116,45,1,160,115.02,115.02
T000858,2025-02-15,S001,P0031,Building Materials,Building Materials A,106,27,10,123,110.5,1105.0
T000859,2025-05-12,S010,P0094,Hardware,Hardware A,33,48,2,79,196.05,392.1
T000860,2026-03-12,S003,P0089,Lawn & Garden ,Lawn & Garden A,93,34,1,126,32.13,32.13
T000861,2026-06-08,S003,P0078,Hardware,Hardware A,100,55,10,145,116.2,1162.0
T000862,2026-06-29,S011,P0015,Lawn & Garden,Lawn & Garden B,81,11,9,83,30.56,275.04
T000863,2025-08-20,S001,P0036,Appliances,Appliances B,28,48,3,73,342.98,1028.94
T000864,2025-11-10,S014,P0076,Plumbing,Plumbing B,44,73,2,115,40.67,81.34
T000865,2025-06-24,S013,P0041,Hardware,Hardware A,94,68,1,161,126.05,126.05
T000866,2025-09-23,S011,P0002,Lawn & Garden,Lawn & Garden C,16,18,4,30,61.18,244.72
T000867,2026-01-15,S013,P0091,Building Materials,Building Materials C,90,58,2,146,216.18,432.36
T000868,2025-10-10,S009,P0055,Paint,Paint A,109,11,3,117,112.37,337.11
T000869,2025-03-23,S012,P0010,Building Materials,Building Materials A,7,10,10,7,64.47,644.7
T000870,2026-03-11,S009,P0087,Paint,Paint A,65,68,2,131,172.04,344.08
T000871,2025-01-08,S007,P0092,Paint,Paint C,31,67,4,94,264.39,1057.56
T000872,2026-06-21,S003,P0029,Appliances,Appliances B,65,45,5,105,295.08,1475.4
T000873,04/26/2025,S015,P0044,Paint,Paint A,108,15,7,116,292.45,2047.15
T000874,2026-02-08,S015,P0028,Electrical,Electrical C,114,4,3,115,184.31,552.93
T000875,2025-01-07,S008,P0079,Electrical,Electrical B,0,44,2,42,129.03,258.06
T000876,2026-05-19, S002 ,P0026,Lawn & Garden,Lawn & Garden C,52,15,2,65,315.29,630.58
T000877,2026-04-27,S006,P0051,Electrical,Electrical B,23,68,4,87,154.49,617.96
T000878,2025-06-15,S006,P0018,Paint,Paint B,113,25,8,130,9.99,79.92
T000879,2025-12-06,S003,P0005,Paint,Paint A,85,34,2,117,332.34,664.68
T000880,2025-05-11,S013,P0042,Plumbing,Plumbing B,118,49,1,166,179.64,179.64
T000881,2025-12-19,S001,P0065,plumbing,Plumbing C,86,43,6,123,88.88,533.28
T000882,2025-10-16,S002,P0063,Plumbing,Plumbing B,19,65,3,81,92.73,278.19
T000883,2025-09-11,S014,P0086,Hardware,Hardware A,100,13,4,109,170.07,680.28
T000884,2025-06-02,S002,P0030,Building Materials,Building Materials B,24,18,1,41,21.12,21.12
T000885,2026-02-22,S005,P0068,Paint,Paint C,28,43,2,69,343.2,686.4
T000886,2025-04-23,S006,P0035,electrical,Electrical B,31,40,5,66,251.36,1256.8
T000887,2025-11-26,S005,P0028,Hardware,Hardware B,12,55,1,66,318.7,318.7
T000888,2025-04-10,S001,P0086,Paint,Paint C,16,42,4,54,271.5,1086.0
T000889,2026-01-16,S011,P0031,Electrical,Electrical A,11,13,3,21,207.84,623.52
T000890,2025-07-15,S012,P0025,Hardware,Hardware A,69,79,1,147,33.61,33.61
T000891,2025-06-07,S003,P0006,Building Materials,Building Materials B,32,71,1,102,196.27,196.27
T000892,2026-03-23,S008,P0009,Hardware,Hardware C,64,2,1,65,326.52,326.52
T000893,2025-03-04,S004,P0089,Paint,Paint B,68,65,3,130,177.3,531.9
T000894,2026-02-04,S010,P0052,Electrical,Electrical A,20,73,3,90,70.95,212.85
T000895,2026-04-12,S012,P0065,Paint,Paint C,109,28,2,135,96.52,193.04
T000896,2025-09-01,S001,P0038,Paint,Paint A,35,17,1,51,330.18,330.18
T000897,2025-08-04,S002,P0069,Appliances,Appliances C,77,47,4,120,126.83,507.32
T000898,2025-05-17,S015,P0053,Lawn & Garden,Lawn & Garden B,7,80,6,81,119.03,714.18
T000899,2025-06-30,S001,P0033,Lawn & Garden,Lawn & Garden C,99,74,5,168,342.74,1713.7
T000900,2025-07-31,S004,P0057,Electrical,Electrical B,80,50,11,119,77.74,855.14
T000901,2026-05-06,S008,P0012,Building Materials,Building Materials B,110,22,2,130,71.28,142.56
T000902,2025-01-22,S003,P0040,Building Materials,Building Materials B,24,8,8,24,243.08,1944.64
T000903,2026-02-17,S012,P0013,Lawn & Garden,Lawn & Garden A,103,1,1,103,256.55,256.55
T000904,2025-02-14,S004,P0017,plumbing,Plumbing A,120,80,1,199,99.54,99.54
T000905,2025-12-13,S002,P0091,Building Materials,Building Materials A,72,56,3,125,172.31,516.93
T000906,2025-10-01,S009,P0081,Appliances,Appliances A,13,69,9,73,290.12,2611.08
T000907,2025-08-18,S004,P0004,Hardware,Hardware B,83,36,2,117,58.4,116.8
T000908,2025-04-26,S003,P0063,Appliances,Appliances A,36,45,1,80,42.79,42.79
T000909,2025-03-28,S010,P0006,Building Materials,Building Materials A,42,76,6,112,154.59,927.54
T000910,2025-10-21,S015,P0045,Appliances,Appliances B,84,47,3,128,321.35,964.05
T000911,2025-01-03,S013,P0020,Paint,Paint A,49,57,4,102,117.53,470.12
T000912,2026-03-14,S005,P0094,Building Materials,Building Materials A,16,23,1,38,118.48,118.48
T000913,2026-02-28,S013,P0078,Paint,Paint B,120,31,3,148,55.27,165.81
T000914,2025-08-24,S002,P0050,lawn & garden,Lawn & Garden C,73,28,1,100,152.27,152.27
T000915,2025-01-18,S009,P0047,Hardware,Hardware A,7,44,10,41,322.95,3229.5
T000916,2026-04-17,S014,P0019,Plumbing,Plumbing C,116,53,6,163,340.36,2042.16
T000917,2025-05-27,S012,P0049,Appliances,Appliances C,47,6,3,50,338.0,1014.0
T000918,2025-06-11,S003,P0004,Electrical,Electrical A,9,1,6,4,35.02,210.12
T000919,2025-05-24,S009,P0096,Paint,Paint B,92,43,1,134,168.8,168.8
T000920,2025-03-03,S001,P0083,Lawn & Garden,Lawn & Garden A,1,50,6,45,180.13,1080.78
T000921,2025-09-22,S009,P0074,Electrical,Electrical C,119,20,2,137,85.74,171.48
T000922,2025-08-05,S010,P0052,Appliances,Appliances A,105,71,2,174,142.16,284.32
T000923,2026-02-19,S003,P0049,Appliances,Appliances B,24,34,1,57,229.15,229.15
T000924,2025-01-29,S005,,Building Materials,Building Materials C,27,76,4,99,44.41,177.64
T000925,02/03/2025,S005,P0031,Appliances,Appliances C,72,61,3,130,201.16,603.48
T000926,2026-01-01,S005,P0097,Hardware,Hardware C,96,50,8,138,74.65,597.2
T000927,2026-02-22,S009,P0095,Appliances,Appliances C,19,3,1,21,284.16,284.16
T000928,2025-10-25,S003,P0021,Paint,Paint B,80,11,4,87,34.93,139.72
T000929,2025-05-25,S012,P0099,Building Materials,Building Materials C,93,77,7,163,184.57,1291.99
T000930,2025-12-14,S006,P0038,Lawn & Garden,Lawn & Garden B,91,49,3,137,21.68,65.04
T000931,2026-05-25,S013,P0013,Appliances,Appliances A,39,70,2,107,270.08,540.16
T000932,2026-04-11,S003,P0041,Electrical,Electrical A,73,46,3,116,31.31,93.93
T000933,2026-04-30,S013,P0033,Hardware,Hardware C,120,15,8,127,324.06,2592.48
T000934,2026-02-23,S015,P0080,Paint,Paint A,65,79,8,136,158.76,1270.08
T000935,2025-09-27,S001,P0088,Lawn & Garden,Lawn & Garden C,101,31,3,129,27.51,82.53
T000936,2026-01-20,S010,P0021,Hardware,Hardware A,111,59,7,163,84.28,589.96
T000937,2026-04-22,S002,P0014,Building Materials,Building Materials C,118,50,3,165,45.06,135.18
T000938,2026-05-13,S012,P0028,Paint,Paint B,58,4,6,56,47.1,282.6
T000939,2025-02-02,S013,P0077,Hardware,Hardware A,46,55,4,97,328.27,1313.08
T000940,2026-03-10,S005,P0035,Paint,Paint A,8,35,2,41,36.59,73.18
T000941,2026-06-22,S011,P0028,Electrical,Electrical A,11,54,1,64,292.05,292.05
T000942,03/06/2026,S008,P0062,Lawn & Garden,Lawn & Garden C,89,55,7,137,276.08,1932.56
T000943,2025-07-23,S012,P0010,Paint,Paint C,41,40,9,72,218.85,1969.65
T000944,2025-11-21,S013,P0015,Paint,Paint B,92,0,4,88,97.88,391.52
T000945,2025-04-10,S004,P0005,Paint,Paint A,69,21,3,87,151.7,455.1
T000946,2025-01-15,S014,P0048,Electrical,Electrical A,39,64,1,102,111.27,111.27
T000947,2026-02-28,S006,P0053,Electrical,Electrical C,97,42,7,132,153.64,1075.48
T000948,2025-06-16,S007,P0070,Hardware,Hardware B,88,55,4,139,297.02,1188.08
T000949,2025-04-12,S013,P0012,Plumbing,Plumbing A,2,78,2,78,38.66,77.32
T000950,2025-04-13,S008,P0082,Lawn & Garden,Lawn & Garden C,85,37,6,116,283.61,1701.66
T000951,2025-04-28,S014,P0026,Hardware,Hardware A,101,59,1,159,127.91,127.91
T000952,2025-01-08,S013,P0048,Building Materials,Building Materials C,112,33,1,144,104.99,104.99
T000953,2025-01-05,S001,P0054,Appliances,Appliances A,47,66,1,112,60.45,60.45
T000954,2026-03-17,S009,P0031,Hardware,Hardware A,50,6,4,52,218.76,875.04
T000955,2025-06-27,S015,P0052,Electrical,Electrical C,29,12,3,38,62.19,186.57
T000956,2026-02-06,S011,P0098,Electrical,Electrical C,41,26,5,62,62.4,312.0
T000957,2025-06-06,S010,P0004,Paint,Paint C,10,73,7,76,322.84,2259.88
T000958,2026-01-02,S004,P0024,Paint,Paint A,68,31,5,94,109.55,547.75
T000959,2025-02-22,S002,P0036,Building Materials,Building Materials C,74,13,11,76,15.91,175.01
T000960,2025-09-26,S002,P0024,Appliances,Appliances B,116,26,7,135,296.86,2078.02
T000961,2025-03-20,S011,P0027,Hardware,Hardware B,81,57,3,135,312.28,936.84
T000962,2025-02-02,S006,,Electrical,Electrical B,76,69,2,143,348.26,696.52
T000963,2025-01-31,S001,P0069,Lawn & Garden,Lawn & Garden C,27,46,3,70,268.25,804.75
T000964,2025-05-10,S005,P0035,Hardware,Hardware A,44,70,5,109,334.0,1670.0
T000965,2026-02-14,S005,P0025,Building Materials,Building Materials A,113,35,2,146,242.97,485.94
T000966,2025-06-19,S012,P0027,Hardware,Hardware B,54,76,5,125,309.94,1549.7
T000967,2026-03-16,S010,P0026,Electrical,Electrical B,104,8,5,107,315.08,1575.4
T000968,2026-02-24,S010,P0038,Plumbing,Plumbing C,67,45,1,111,333.03,333.03
T000969,2025-07-10,S004,P0046,Appliances,Appliances A,47,18,6,59,232.68,1396.08
T000970,2025-12-03,S008,P0028,Lawn & Garden,Lawn & Garden B,71,8,4,75,315.37,1261.48
T000971,2025-10-12,S010,P0092,Plumbing,Plumbing C,114,53,10,157,33.59,335.9
T000972,2025-02-20,S008,P0064,Appliances,Appliances B,15,57,3,69,152.06,456.18
T000973,2025-10-19,S011,P0003,Plumbing,Plumbing C,116,59,2,173,345.88,691.76
T000974,2026-06-25,S006,P0006,Paint ,Paint A,12,53,1,64,31.75,31.75
T000975,2025-11-17,S010,P0064,Appliances,Appliances B,58,63,1,120,110.07,110.07
T000976,2025-04-16,S004,P0004,Appliances,Appliances A,41,55,6,90,55.45,332.7
T000977,2025-01-06,S014,P0089,Appliances,Appliances B,5,14,9,10,310.1,2790.9
T000978,2026-01-24,S012,P0035,Building Materials,Building Materials A,15,16,3,28,207.54,622.62
T000979,2026-02-28,S008,P0082,Paint,Paint A,30,73,2,101,186.44,372.88
T000980,2026-05-10,S002,P0029,Electrical,Electrical B,45,71,3,113,251.29,753.87
T000981,2025-03-21,S008,P0010,Appliances,Appliances A,27,59,7,79,12.49,87.43
T000982,2026-06-25,S014,P0066,Electrical,Electrical B,83,19,1,101,250.31,250.31
T000983,2026-01-30,S014,P0058,Lawn & Garden,Lawn & Garden C,51,24,3,72,77.43,232.29
T000984,2025-04-15,S008,P0019,Appliances,Appliances C,2,58,6,54,45.69,274.14
T000985,2025-09-29,S015,P0016,Lawn & Garden,Lawn & Garden A,27,19,4,42,129.21,516.84
T000986,2026-01-14,S001,P0013,Paint,Paint B,54,24,1,77,258.34,258.34
T000987,2026-05-21,S007,P0067,Appliances,Appliances C,31,14,5,40,25.06,125.3
T000988,2025-03-09,S002,P0069,Electrical,Electrical A,89,51,4,136,309.85,1239.4
T000989,2025-10-02, S004 ,P0064,Building Materials,Building Materials A,36,76,8,104,126.89,1015.12
T000990,2026-05-04,S005,P0095,Plumbing,Plumbing C,40,8,9,39,89.61,806.49
T000991,2026-05-01,S006,P0055,appliances,Appliances A,112,9,8,113,341.23,2729.84
T000992,2026-05-01,S001,P0075,Hardware,Hardware A,5,2,3,4,169.62,508.86
T000993,2025-06-21,S003,P0097,Plumbing,Plumbing A,102,42,1,143,42.2,42.2
T000994,2026-05-14,S006,P0033,Hardware,Hardware A,38,42,2,78,291.09,582.18
T000995,2026-05-11,S005,P0015,Paint,Paint C,2,18,3,17,257.05,771.15
T000996,2026-05-25,S004,P0004,Lawn & Garden,Lawn & Garden C,55,46,9,92,245.97,2213.73
T000997,2025-04-21,S015,P0036,Paint,Paint C,116,57,1,172,194.36,194.36
T000998,2025-12-24,S007,P0043,Lawn & Garden,Lawn & Garden B,35,39,1,73,331.28,331.28
T000999,2025-05-06,S013,P0056,Hardware,Hardware C,101,44,2,143,339.11,678.22
T001000,2026-04-23,S003,P0088,Lawn & Garden,Lawn & Garden B,85,20,1,104,221.34,221.34
T001001,2025-02-11,S005,,Plumbing,Plumbing C,62,39,1,100,50.22,50.22
T001002,2025-05-22,S015,P0045,Electrical,Electrical C,98,71,3,166,235.54,706.62
T001003,2025-07-21,S010,P0056,Appliances,Appliances B,60,45,3,102,82.85,248.55
T001004,2025-04-11,S015,P0034,Electrical,Electrical C,72,55,1,126,114.27,114.27
T001005,2025-07-24,S003,P0033,Hardware,Hardware C,39,10,2,47,76.24,152.48
T001006,2026-03-24,S003,P0013,Lawn & Garden,Lawn & Garden B,64,45,1,108,245.39,245.39
T001007,2025-01-29,S001,P0072,Plumbing,Plumbing B,17,78,3,92,38.24,114.72
T001008,2025-10-28,S013,P0007,Plumbing,Plumbing B,85,0,3,82,51.07,153.21
T001009,2025-03-28,S005,P0008,Plumbing,Plumbing C,76,12,1,87,44.61,44.61
T001010,2025-05-05,S010,P0095,Paint,Paint C,6,26,6,26,260.86,1565.16
T001011,2025-06-08,S011,P0039,Electrical ,Electrical C,0,62,3,59,346.29,1038.87
T001012,2025-05-04,S002,P0067,Building Materials,Building Materials A,3,64,1,66,43.43,43.43
T001013,2025-07-08,S014,P0031,Plumbing,Plumbing C,78,56,1,133,97.01,97.01
T001014,2025-07-09,S014,P0019,Paint,Paint C,65,69,4,130,90.31,361.24
T001015,2026-05-20,S011,P0048,Electrical,Electrical B,102,13,4,111,139.95,559.8
T001016,2025-05-04,S007,P0073,Appliances,Appliances C,82,79,2,159,111.54,223.08
T001017,2026-04-15,S001,P0036,Building Materials,Building Materials B,110,64,3,171,179.22,537.66
T001018,2025-06-28,S003,P0084,Electrical,Electrical C,43,58,9,92,253.97,2285.73
T001019,2025-11-07,S002,P0051,Plumbing,Plumbing C,60,77,6,131,173.44,1040.64
T001020,2026-06-23,S003,P0034,Paint,Paint B,74,44,1,117,209.39,209.39
T001021,2025-06-12,S002,P0030,Paint,Paint A,86,60,1,145,178.81,178.81
T001022,2025-08-31,S015,P0014,Building Materials,Building Materials C,96,53,3,146,313.23,939.69
T001023,2025-03-16,S013,P0057,Electrical,Electrical C,3,22,3,22,223.9,671.7
T001024,2025-07-24,S005,P0026,Hardware,Hardware B,28,25,3,50,240.17,720.51
T001025,2025-03-30,S001,P0075,Paint,Paint C,4,17,4,17,40.9,163.6
T001026,2025-03-15,S003,P0044,Paint,Paint C,93,67,3,157,335.55,1006.65
T001027,2025-12-27,S010,P0046,Lawn & Garden,Lawn & Garden A,56,54,3,107,282.15,846.45
T001028,2026-06-14,S002,P0039,Appliances,Appliances B,76,69,6,139,86.86,521.16
T001029,2025-09-15,S012,P0050,Electrical,Electrical A,20,36,4,52,306.38,1225.52
T001030,2026-05-28,S007,P0040,Lawn & Garden,Lawn & Garden A,114,14,1,127,194.71,194.71
T001031,2025-02-03,S007,P0044,Electrical,Electrical A,97,7,3,101,122.41,367.23
T001032,2025-03-05,S008,P0031,Appliances,Appliances C,89,4,3,90,317.28,951.84
T001033,2025-03-24,S008,P0071,Building Materials,Building Materials B,13,4,1,16,255.38,255.38
T001034,2025-08-22,S015,P0003,Appliances,Appliances A,103,25,3,125,272.58,817.74
T001035,2026-05-09,S007,P0007,Plumbing,Plumbing B,55,54,1,108,245.84,245.84
T001036,2026-01-12,S004,P0046,Electrical,Electrical B,30,29,6,53,321.98,1931.88
T001037,2025-02-16,S014,P0002,Paint,Paint A,9,7,4,12,285.92,1143.68
T001038,2025-09-08,S003,P0038,Lawn & Garden,Lawn & Garden B,15,9,1,23,171.72,171.72
T001039,2026-01-01,S008,P0029,Paint,Paint B,99,70,6,163,329.97,1979.82
T001040,2026-05-31,S001,P0014,Electrical,Electrical B,79,62,8,133,249.28,1994.24
T001041,2025-08-25,S012,P0040,Lawn & Garden,Lawn & Garden A,92,18,2,108,49.98,99.96
T001042,2025-04-27,S008,P0003,Plumbing,Plumbing A,75,49,2,122,100.44,200.88
T001043,2026-01-29,S001,P0064,Plumbing,Plumbing B,5,28,5,28,139.55,697.75
T001044,2025-11-09,S009,P0005,Plumbing,Plumbing B,116,77,7,186,328.53,2299.71
T001045,2025-08-10,S001,P0097,Electrical,Electrical C,55,54,1,108,291.6,291.6
T001046,2026-02-02,S015,P0093,Paint,Paint B,120,68,1,187,301.61,301.61
T001047,2025-06-16,S008,P0049,Paint,Paint A,1,35,2,34,53.1,106.2
T001048,2025-10-30,S010,P0044,Hardware,Hardware A,46,34,2,78,218.52,437.04
T001049,2025-05-08,S010,P0040,paint,Paint B,108,22,5,125,293.91,1469.55
T001050,2026-01-03,S011,P0062,Plumbing,Plumbing C,7,74,7,74,82.5,577.5
T001051,2025-03-07,S003,P0057,Electrical,Electrical B,63,16,8,71,96.76,774.08
T001052,2025-08-27,S011,P0015,Appliances,Appliances A,110,56,1,165,242.08,242.08
T001053,2025-09-23,S001,P0033,Paint,Paint B,5,76,1,80,192.83,192.83
T001054,2025-03-21,S004,P0031,Electrical,Electrical C,105,53,2,156,135.0,270.0
T001055,2026-01-04,S007,P0043,Paint,Paint B,37,79,1,115,168.97,168.97
T001056,2025-01-27,S010,P0014,Building Materials,Building Materials B,99,65,4,160,182.69,730.76
T001057,2025-02-03,S012,P0085,Building Materials,Building Materials B,83,10,4,89,268.81,1075.24
T001058,2026-03-05,S012,P0069,Appliances,Appliances C,77,60,3,134,280.99,842.97
T001059,2025-10-28,S006,P0032,Building Materials,Building Materials B,40,14,3,51,86.96,260.88
T001060,2025-03-23,S009,P0046,Lawn & Garden,Lawn & Garden A,83,61,2,142,320.81,641.62
T001061,2025-05-09,S004,P0069,Plumbing,Plumbing B,85,17,2,100,238.54,477.08
T001062,2026-02-23,S009,P0054,Building Materials,Building Materials C,112,25,9,128,177.02,1593.18
T001063,2025-09-27,S009,P0098,Paint,Paint B,16,4,5,15,262.06,1310.3
T001064,2026-06-12,S015,P0068,Hardware,Hardware B,51,71,2,120,129.19,258.38
T001065,2025-12-11,S010,P0076,Lawn & Garden,Lawn & Garden A,5,9,3,11,347.99,1043.97
T001066,2026-04-06,S014,P0095,Hardware,Hardware B,89,17,4,102,267.12,1068.48
T001067,2026-06-06,S003,P0011,Appliances,Appliances C,86,58,1,143,210.82,210.82
T001068,2025-04-10,S005,P0030,Hardware,Hardware B,66,67,3,130,24.51,73.53
T001069,2025-11-23,S003,P0097,Building Materials,Building Materials A,94,26,5,115,286.38,1431.9
T001070,2025-12-22,S003,P0037,Appliances,Appliances B,56,28,4,80,101.66,406.64
T001071,2025-04-19,S011,P0030,Electrical,Electrical A,70,65,1,134,40.82,40.82
T001072,2025-07-19,S008,P0001,Plumbing,Plumbing A,36,73,1,108,134.38,134.38
T001073,2025-04-23,S012,P0092,Plumbing,Plumbing A,55,63,1,117,159.99,159.99
T001074,2025-04-30,S013,P0046,Appliances,Appliances C,93,9,5,97,279.32,1396.6
T001075,2026-06-10,S013,P0087,Appliances,Appliances C,114,4,12,106,243.27,2919.24
T001076,2025-02-06,S011,P0082,Appliances,Appliances A,48,28,1,75,54.81,54.81
T001077,2026-05-24,S003,,Building Materials,Building Materials C,66,27,7,86,307.55,2152.85
T001078,2025-07-02,S007,P0005,Paint,Paint B,80,74,11,143,217.78,2395.58
T001079,2025-11-04,S015,P0030,Electrical,Electrical C,101,80,2,179,173.89,347.78
T001080,2025-04-26,S013,P0097,Electrical,Electrical B,41,31,3,69,339.52,1018.56
T001081,2025-04-27,S012,P0045,Hardware,Hardware C,112,61,4,169,51.8,207.2
T001082,2025-01-30,S005,P0038,Lawn & Garden,Lawn & Garden A,100,52,4,148,312.32,1249.28
T001083,2026-02-05,S007,P0057,Hardware,Hardware B,34,62,4,92,320.03,1280.12
T001084,2026-02-24,S010,P0029,Building Materials,Building Materials C,80,14,2,92,78.52,157.04
T001085,2025-01-21,S001,P0093,Plumbing,Plumbing B,90,42,5,127,38.87,194.35
T001086,2026-06-16,S006,P0027,Lawn & Garden,Lawn & Garden A,107,68,2,173,344.94,689.88
T001087,2026-01-18,S007,P0043,Building Materials,Building Materials C,120,1,4,117,258.8,1035.2
T001088,2026-02-12,S001,P0063,Building Materials,Building Materials B,29,80,3,106,111.1,333.3
T001089,2026-01-22,S007,P0084,Building Materials,Building Materials C,110,10,1,119,307.8,307.8
T001090,2025-01-21,S012,P0002,Plumbing,Plumbing C,19,12,7,24,214.87,1504.09
T001091,2025-11-16,S007,P0042,Lawn & Garden,Lawn & Garden C,35,58,2,91,16.01,32.02
T001092,2025-10-26,S002,P0055,Building Materials,Building Materials B,61,36,8,89,199.86,1598.88
T001093,2026-05-24,S007,P0094,Electrical,Electrical C,57,28,6,79,252.39,1514.34
T001094,2026-05-04,S002,P0073,Paint,Paint B,103,80,3,180,121.69,365.07
T001095,2026-05-17,S004,P0076,Appliances,Appliances A,107,60,4,163,145.89,583.56
T001096,05/21/2026,S007,P0033,Electrical,Electrical C,19,4,5,18,123.55,617.75
T001097,2025-08-03,S009,P0097,Plumbing,Plumbing B,40,30,2,68,194.59,389.18
T001098,2025-03-25,S007,P0014,Paint,Paint A,96,1,2,95,136.48,272.96
T001099,2025-04-27,S015,P0005,Hardware,Hardware B,102,67,5,164,66.39,331.95
T001100,2025-10-31,S007,P0016,Electrical,Electrical C,86,34,3,117,323.31,969.93
T001101,2025-05-25,S009,P0038,Paint,Paint A,91,47,2,136,282.56,565.12
T001102,2025-05-19,S009,P0022,Paint,Paint B,53,22,1,74,11.36,11.36
T001103,2025-07-12,S012,P0026,Appliances,Appliances C,12,7,4,15,164.84,659.36
T001104,2025-08-20,S011,P0045,Appliances,Appliances A,105,54,1,158,101.91,101.91
T001105,2025-09-18,S009,P0072,Paint,Paint C,75,19,6,88,77.29,463.74
T001106,2025-05-10,S010,P0067,Paint,Paint B,98,75,6,167,120.91,725.46
T001107,2026-04-30,S003,P0027,Appliances,Appliances A,11,78,4,85,346.27,1385.08
T001108,2025-02-23,S009,P0018,Plumbing,Plumbing B,60,41,5,96,153.49,767.45
T001109,2026-01-30,S008,P0091,Electrical,Electrical B,40,67,4,103,294.82,1179.28
T001110,2025-10-12,S003,P0092,Plumbing,Plumbing B,62,32,5,89,199.69,998.45
T001111,2025-01-26,S014,P0047,Hardware,Hardware C,54,27,5,76,126.33,631.65
T001112,2026-01-19,S015,P0023,Paint,Paint A,46,67,4,109,74.98,299.92
T001113,2025-09-17,S015,P0065,Appliances,Appliances C,82,35,6,111,101.38,608.28
T001114,2025-10-08,S001,P0081,Lawn & Garden,Lawn & Garden A,118,60,2,176,303.21,606.42
T001115,2025-04-17,S006,P0005,Appliances,Appliances C,19,22,1,40,313.84,313.84
T001116,2025-02-27,S011,P0057,Paint,Paint A,109,69,1,177,115.47,115.47
T001117,2025-12-07,S014,P0087,Electrical,Electrical C,75,46,2,119,65.87,131.74
T001118,2025-03-04,S004,P0009,Plumbing,Plumbing C,34,10,1,43,58.45,58.45
T001119,2026-02-24,S011,P0023,Paint,Paint A,71,44,3,112,114.42,343.26
T001120,2026-04-20,S002,P0012,Appliances,Appliances A,23,40,5,58,257.51,1287.55
T001121,2025-08-11,S006,P0082,Hardware,Hardware A,120,31,6,145,308.0,1848.0
T001122,2025-05-16,S001,P0040,Hardware,Hardware C,35,17,1,51,106.18,106.18
T001123,2025-07-24,S005,P0023,Electrical,Electrical C,11,62,1,72,158.34,158.34
T001124,2025-06-24,S014,P0005,Lawn & Garden,Lawn & Garden B,72,26,5,93,61.25,306.25
T001125,2025-10-23,S006,P0027,Paint,Paint C,95,34,2,127,196.65,393.3
T001126,2025-02-02,S009,P0015,Paint,Paint C,17,59,5,71,71.76,358.8
T001127,2025-02-04,S012,P0042,Appliances,Appliances C,115,1,1,115,130.74,130.74
T001128,2025-07-11,S005,P0046,Building Materials,Building Materials B,96,2,8,90,195.0,1560.0
T001129,2026-02-13,S014,P0061,Building Materials,Building Materials B,76,43,1,118,255.39,255.39
T001130,2025-08-28,S015,P0098,Lawn & Garden,Lawn & Garden A,99,34,3,130,151.98,455.94
T001131,2025-11-04,S012,P0077,Lawn & Garden,Lawn & Garden A,72,17,3,86,333.41,1000.23
T001132,2025-11-13,S003,,Plumbing,Plumbing B,21,58,2,77,164.88,329.76
T001133,03/24/2025,S004,P0024,Plumbing,Plumbing A,92,31,4,119,157.3,629.2
T001134,2025-06-13,S002,P0045,Hardware,Hardware C,89,27,4,112,242.88,971.52
T001135,2025-04-09,S003,P0050,Electrical,Electrical A,41,36,4,73,144.76,579.04
T001136,2025-03-15,S008,P0045,Paint,Paint C,3,28,2,29,339.82,679.64
T001137,2026-05-29,S010,P0001,Lawn & Garden,Lawn & Garden B,82,29,1,110,320.79,320.79
T001138,2025-12-14,S011,P0050,Building Materials,Building Materials B,39,49,2,86,59.56,119.12
T001139,2025-07-03,S007,P0021,Paint,Paint C,59,10,1,68,293.31,293.31
T001140,2025-01-13,S006,,Building Materials,Building Materials C,87,58,7,138,181.38,1269.66
T001141,2025-02-25,S007,P0039,Electrical,Electrical C,77,57,2,132,224.87,449.74
T001142,2026-01-09,S013,P0015,Building Materials,Building Materials B,49,10,3,56,189.85,569.55
T001143,2025-07-22,S014,P0066,Lawn & Garden,Lawn & Garden C,55,6,5,56,306.29,1531.45
T001144,2025-02-21,S011,P0077,Electrical,Electrical B,86,37,1,122,153.59,153.59
T001145,2026-03-04,S008,P0003,Electrical,Electrical B,76,14,1,89,225.51,225.51
T001146,2025-03-28,S002,P0069,Building Materials,Building Materials C,63,55,1,117,57.47,57.47
T001147,2026-06-21,S008,P0073,Appliances,Appliances A,4,18,4,18,119.69,478.76
T001148,2026-06-09,S002,P0093,Electrical,Electrical C,54,51,3,102,264.25,792.75
T001149,2025-03-23,S002,P0056,Plumbing,Plumbing A,38,78,4,112,203.25,813.0
T001150,2026-01-19,S008,P0074,Building Materials,Building Materials B,88,23,3,108,101.98,305.94
T001151,2025-10-19,S001,P0035,Hardware,Hardware A,53,16,1,68,14.4,14.4
T001152,2025-04-10,S004,P0029,Appliances,Appliances C,8,78,2,84,119.02,238.04
T001153,2025-12-03,S007,P0070,Hardware,Hardware C,43,40,6,77,12.3,73.8
T001154,2025-08-04,S012,P0069,Building Materials,Building Materials C,51,4,7,48,141.4,989.8
T001155,2025-12-20,S004,P0011,Paint,Paint C,37,40,3,74,134.26,402.78
T001156,2025-12-27,S007,P0073,Hardware,Hardware A,36,71,3,104,264.97,794.91
T001157,2026-01-23,S014,P0078,Appliances,Appliances A,27,14,5,36,143.35,716.75
T001158,2026-02-15,S007,P0071,Electrical,Electrical A,76,35,7,104,151.02,1057.14
T001159,2025-11-22,S009,P0065,Lawn & Garden,Lawn & Garden B,51,63,3,111,84.98,254.94
T001160,2025-07-01,S005,P0052,Appliances,Appliances C,97,59,5,151,291.81,1459.05
T001161,2026-03-05,S007,P0054,Building Materials,Building Materials C,28,17,2,43,17.93,35.86
T001162,2026-02-23,S006,P0003,Lawn & Garden,Lawn & Garden A,80,60,1,139,64.93,64.93
T001163,2026-02-03,S009,P0071,Plumbing,Plumbing A,20,58,2,76,298.81,597.62
T001164,2025-07-24,S003,P0042,Electrical,Electrical A,26,73,8,91,313.9,2511.2
T001165,2025-07-01,S009,P0060,Paint,Paint A,107,42,5,144,282.86,1414.3
T001166,2025-03-13,S012,P0001,Appliances,Appliances C,110,66,1,175,239.49,239.49
T001167,2025-09-24,S009,P0092,Appliances,Appliances C,82,68,5,145,273.6,1368.0
T001168,2026-02-12,S013,P0093,Appliances,Appliances B,118,65,1,182,144.6,144.6
T001169,2025-09-26,S014,P0098,Lawn & Garden,Lawn & Garden A,46,52,4,94,254.92,1019.68
T001170,2025-09-28,S006,P0013,Paint,Paint C,115,62,1,176,33.33,33.33
T001171,2025-12-05,S012,P0058,Electrical,Electrical C,4,17,1,20,102.15,102.15
T001172,2026-01-07,S005,P0092,Electrical,Electrical C,81,39,9,111,62.14,559.26
T001173,2025-05-12,S010,P0019,Electrical,Electrical B,29,3,2,30,96.0,192.0
T001174,2026-01-08,S009,P0093,Paint,Paint C,79,21,5,95,146.8,734.0
T001175,2026-06-20,S007,P0048,Plumbing,Plumbing B,111,67,3,175,229.74,689.22
T001176,2025-03-08,S004,P0044,Electrical,Electrical A,35,77,1,111,84.71,84.71
T001177,2026-04-16,S015,P0073,Paint,Paint A,108,67,2,173,295.27,590.54
T001178,2025-04-12,S009,P0043,Appliances,Appliances B,68,68,1,135,197.22,197.22
T001179,2025-09-11,S005,P0032,Plumbing,Plumbing C,119,31,14,136,70.48,986.72
T001180,2025-09-30,S005,P0071,Appliances,Appliances C,106,8,5,109,72.98,364.9
T001181,2025-09-07,S013,P0075,Lawn & Garden,Lawn & Garden B,68,6,3,71,166.78,500.34
T001182,2025-03-27,S004,P0061,Appliances,Appliances C,76,62,4,134,209.57,838.28
T001183,2026-03-30,S011,P0100,Building Materials,Building Materials C,78,58,5,131,283.57,1417.85
T001184,2025-06-30,S009,P0043,Hardware,Hardware C,82,38,5,115,105.04,525.2
T001185,2026-05-31,S011,,Hardware,Hardware A,23,62,5,80,342.21,1711.05
T001186,2025-07-03,S013,P0009,Hardware,Hardware C,118,56,5,169,112.19,560.95
T001187,2025-04-22,S004,P0098,Building Materials,Building Materials B,40,67,3,104,179.61,538.83
T001188,2025-06-08,S003,P0042,Building Materials,Building Materials B,109,20,9,120,276.75,2490.75
T001189,2026-03-03,S012,P0100,Electrical,Electrical A,60,38,3,95,327.03,981.09
T001190,2025-11-19,S005,P0058,Hardware,Hardware C,53,0,3,50,142.59,427.77
T001191,2025-05-24,S013,P0059,Electrical,Electrical A,25,26,3,48,287.94,863.82
T001192,2026-03-14,S006,P0049,Lawn & Garden,Lawn & Garden C,102,27,4,125,260.74,1042.96
T001193,2025-06-14,S012,P0042,Hardware,Hardware C,5,49,1,53,210.79,210.79
T001194,2026-01-20,S002,P0008,Appliances,Appliances C,68,47,1,114,125.2,125.2
T001195,2025-03-17,S013,P0042,Paint,Paint B,111,19,3,127,289.91,869.73
T001196,2025-12-02,S009,P0074,Plumbing,Plumbing C,67,37,1,103,97.17,97.17
T001197,2025-11-18,S015,P0047,Plumbing,Plumbing B,27,23,3,47,263.57,790.71
T001198,2025-09-23,S010,P0033,Paint,Paint A,82,52,3,131,55.97,167.91
T001199,2025-03-03,S006,P0066,Appliances,Appliances C,4,64,1,67,157.52,157.52
T001200,2025-12-08,S002,P0082,Paint,Paint A,71,14,1,84,201.33,201.33
T001201,2026-04-25,S011,P0079,Building Materials,Building Materials A,55,35,7,83,270.35,1892.45
T001202,2025-12-05,S003,P0010,Paint,Paint C,67,55,4,118,124.21,496.84
T001203,2026-02-04,S001,P0003,Building Materials,Building Materials B,33,28,4,57,154.09,616.36
T001204,2025-07-25,S014,P0099,Lawn & Garden,Lawn & Garden B,91,73,7,157,313.49,2194.43
T001205,2025-01-27,S010,P0069,Plumbing,Plumbing A,69,44,1,112,274.58,274.58
T001206,2025-08-02,S005,P0026,Building Materials,Building Materials B,29,27,1,55,346.92,346.92
T001207,2025-05-07,S001,P0049,Hardware,Hardware C,26,48,6,68,300.13,1800.78
T001208,2025-05-08,S003,P0012,Lawn & Garden,Lawn & Garden C,15,20,3,32,255.79,767.37
T001209,11/21/2025,S004,P0054,Building Materials,Building Materials A,46,61,1,106,281.53,281.53
T001210,2026-03-07,S014,P0052,Appliances,Appliances B,39,8,1,46,131.25,131.25
T001211,2025-03-28,S011,P0084,Plumbing,Plumbing B,2,35,3,34,307.57,922.71
T001212,2025-07-01,S001,P0073,Building Materials,Building Materials C,88,60,2,146,61.27,122.54
T001213,2025-10-28,S010,P0048,Hardware,Hardware A,22,66,2,86,151.38,302.76
T001214,2025-04-23,S001,P0021,Hardware,Hardware A,80,47,1,126,112.67,112.67
T001215,2025-12-06,S015,P0004,Hardware,Hardware A,18,52,9,61,259.35,2334.15
T001216,2025-06-11,S001,P0013,Electrical,Electrical A,8,14,1,21,39.51,39.51
T001217,2026-03-27,S014,P0018,Lawn & Garden,Lawn & Garden C,60,60,2,118,8.25,16.5
T001218,2025-04-09,S008,P0062,Paint,Paint C,28,65,2,91,75.13,150.26
T001219,2025-04-08,S007,P0092,Electrical,Electrical C,28,32,5,55,43.99,219.95
T001220,2026-06-17,S010,P0067,Electrical,Electrical A,47,18,1,64,120.16,120.16
T001221,2026-01-30,S001,P0081,Plumbing,Plumbing A,1,18,4,15,343.0,1372.0
T001222,2025-01-12,S008,P0074,Hardware,Hardware B,111,73,3,181,72.21,216.63
T001223,2026-03-27,S012,P0016,Electrical,Electrical C,118,43,1,160,270.83,270.83
T001224,2026-05-15,S009,P0099,Hardware,Hardware C,109,43,4,148,41.0,164.0
T001225,2025-01-27,S003,P0070,Appliances,Appliances A,106,14,3,117,341.48,1024.44
T001226,2026-04-09,S009,P0056,Appliances,Appliances C,104,65,10,159,70.45,704.5
T001227,2025-12-29,S010,P0068,Plumbing,Plumbing A,67,67,2,132,200.51,401.02
T001228,2026-06-28,S006,P0022,Building Materials,Building Materials A,81,79,1,159,240.7,240.7
T001229,2026-03-11,S005,P0026,Appliances,Appliances B,115,66,4,177,109.4,437.6
T001230,2025-11-04,S002,P0001,Electrical,Electrical C,39,26,2,63,198.07,396.14
T001231,2026-02-25,S003,P0018,Hardware,Hardware A,103,31,3,131,269.49,808.47
T001232,2025-09-12,S002,P0045,Building Materials,Building Materials B,51,15,1,65,56.03,56.03
T001233,2025-05-26,S005,P0087,Plumbing,Plumbing B,15,66,5,76,11.68,58.4
T001234,2026-03-25,S014,P0039,Appliances,Appliances C,58,19,2,75,262.08,524.16
T001235,2025-10-06,S007,P0006,Plumbing,Plumbing B,59,54,4,109,46.59,186.36
T001236,2025-10-26,S009,P0029,Appliances,Appliances A,77,76,12,141,349.18,4190.16
T001237,2026-03-19,S001,P0054,Paint,Paint A,35,35,2,68,303.89,607.78
T001238,2025-09-15,S002,P0046,Appliances,Appliances A,62,31,5,88,251.88,1259.4
T001239,2026-05-15,S010,P0072,Plumbing,Plumbing C,66,48,2,112,136.53,273.06
T001240,2025-04-11,S002,P0074,Appliances,Appliances A,86,77,1,162,131.36,131.36
T001241,2026-03-27,S010,P0059,Plumbing,Plumbing C,51,80,8,123,20.75,166.0
T001242,2025-07-05,S011,P0004,Electrical,Electrical A,52,3,1,54,107.96,107.96
T001243,2025-12-19,S004,P0046,Electrical,Electrical B,41,58,6,93,276.03,1656.18
T001244,2025-11-26,S007,P0095,Plumbing,Plumbing B,22,63,1,84,275.09,275.09
T001245,2025-08-22,S014,P0041,Electrical,Electrical A,11,51,6,56,320.65,1923.9
T001246,2025-09-29,S008,P0091,Electrical,Electrical B,114,46,3,157,283.62,850.86
T001247,2025-11-14,S012,P0065,Paint,Paint C,71,68,1,138,109.3,109.3
T001248,2026-02-19,S003,P0034,Paint,Paint B,50,17,2,65,190.23,380.46
T001249,2025-10-28,S010,P0079,Appliances,Appliances B,56,5,5,56,349.81,1749.05
T001250,2025-08-18,S004,P0089,Building Materials,Building Materials A,103,27,11,119,158.6,1744.6
T001251,2026-05-10,S007,P0057,Lawn & Garden,Lawn & Garden C,24,52,1,75,349.44,349.44
T001252,2026-02-01,S005,P0096,Paint,Paint B,33,55,1,87,282.77,282.77
T001253,2026-01-01,S012,P0010,Building Materials,Building Materials B,89,31,1,119,302.1,302.1
T001254,2026-06-04,S008,P0091,Lawn & Garden,Lawn & Garden B,105,77,2,180,43.84,87.68
T001255,2025-08-18,S005,P0060,Lawn & Garden,Lawn & Garden A,56,63,6,113,165.4,992.4
T001256,2026-04-05,S011,P0072,Appliances,Appliances B,90,18,1,107,171.01,171.01
T001257,2025-09-16,S001,P0094,Paint,Paint C,90,17,3,104,175.86,527.58
T001258,2025-11-08,S004,P0043,Lawn & Garden ,Lawn & Garden C,18,69,6,81,331.62,1989.72
T001259,2025-02-24,S013,P0092,Electrical,Electrical C,9,78,2,85,48.93,97.86
T001260,2025-07-03,S001,P0024,Paint,Paint B,42,11,3,50,257.2,771.6
T001261,2026-02-22,S012,P0049,Hardware,Hardware A,23,12,7,28,297.76,2084.32
T001262,2025-04-03,S005,P0024,Hardware,Hardware A,82,10,1,91,85.51,85.51
T001263,2025-03-04,S001,P0072,Paint,Paint B,0,67,1,66,40.66,40.66
T001264,2026-01-19,S003,P0009,Building Materials,Building Materials C,23,68,4,87,220.34,881.36
T001265,2026-01-19,S003,P0074,Hardware,Hardware C,98,22,4,116,297.32,1189.28
T001266,2025-05-04,S015,P0040,Electrical,Electrical A,23,75,2,96,127.38,254.76
T001267,2025-12-12,S015,P0059,Paint,Paint C,100,57,1,156,292.47,292.47
T001268,2025-05-25,S014,P0031,Hardware,Hardware A,5,45,3,47,279.57,838.71
T001269,2025-04-12,S002,P0067,Paint,Paint C,67,72,1,138,117.63,117.63
T001270,2025-07-25,S006,P0037,Building Materials,Building Materials B,37,80,1,116,269.12,269.12
T001271,2025-04-17,S009,P0042,Hardware,Hardware C,63,36,5,94,140.97,704.85
T001272,2025-04-02,S015,P0040,Lawn & Garden,Lawn & Garden C,69,22,1,90,315.89,315.89
T001273,2025-11-07,S004,P0050,Electrical,Electrical C,105,55,1,159,25.93,25.93
T001274,2025-02-15,S002,P0028,Hardware,Hardware A,91,40,1,130,313.19,313.19
T001275,2025-01-16,S015,,Hardware,Hardware A,14,37,2,49,315.91,631.82
T001276,2025-07-01,S014,P0050,Building Materials,Building Materials B,51,5,4,52,321.81,1287.24
T001277,2026-03-09,S010,P0088,Paint,Paint C,120,34,2,152,113.93,227.86
T001278,2025-07-14,S008,P0100,Electrical,Electrical C,88,50,8,130,11.57,92.56
T001279,2025-03-14,S002,P0082,Appliances,Appliances A,62,8,3,67,316.56,949.68
T001280,2026-02-12,S009,P0037,Electrical,Electrical B,33,13,1,45,300.58,300.58
T001281,2025-03-30,S014,P0072,Hardware,Hardware A,4,60,4,60,51.47,205.88
T001282,2025-03-27,S012,P0098,Plumbing,Plumbing A,78,47,8,117,90.68,725.44
T001283,2026-05-31,S004,P0099,Plumbing,Plumbing A,5,72,5,72,255.92,1279.6
T001284,2025-06-29,S008,P0045,Building Materials,Building Materials C,48,19,1,66,27.3,27.3
T001285,2025-12-10,S012,P0085,Hardware,Hardware A,8,31,2,37,306.0,612.0
T001286,2025-11-22,S002,P0008,Paint,Paint A,68,2,4,66,148.19,592.76
T001287,2025-05-27,S011,P0014,Building Materials,Building Materials A,72,7,5,74,138.37,691.85
T001288,2025-02-06,S009,P0073,Appliances,Appliances A,116,60,2,174,229.91,459.82
T001289,2026-04-06,S004,P0096,Paint,Paint B,44,58,2,100,217.51,435.02
T001290,2025-08-18,S005,P0019,Paint,Paint C,49,32,10,71,67.63,676.3
T001291,2025-05-28,S008,P0006,Hardware,Hardware C,109,29,5,133,308.89,1544.45
T001292,2026-02-20,S015,P0054,Hardware,Hardware B,56,49,4,101,258.84,1035.36
T001293,2026-06-27,S004,P0027,Building Materials,Building Materials C,24,79,2,101,73.31,146.62
T001294,2026-01-19,S005,P0083,Building Materials,Building Materials B,13,69,1,81,56.34,56.34
T001295,2026-02-27,S004,P0007,Building Materials,Building Materials B,20,49,4,65,196.68,786.72
T001296,2025-07-31,S010,P0050,Paint,Paint A,95,72,5,162,101.48,507.4
T001297,2025-06-04,S006,P0053,Hardware,Hardware A,16,62,3,75,304.87,914.61
T001298,2025-02-06,S002,P0087,Plumbing,Plumbing A,1,6,5,2,37.33,186.65
T001299,2025-06-04,S005,P0028,Plumbing,Plumbing A,116,40,5,151,132.13,660.65
T001300,2025-10-24,S002,P0039,Plumbing,Plumbing C,112,19,6,125,62.66,375.96
T001301,2026-04-26,S005,P0090,Paint,Paint A,84,18,1,101,341.83,341.83
T001302,2026-04-30,S008,P0049,Building Materials,Building Materials A,104,46,2,148,208.47,416.94
T001303,2026-05-19,S010,P0086,Electrical,Electrical B,113,47,4,156,345.83,1383.32
T001304,2025-06-03,S015,P0015,Plumbing,Plumbing C,81,41,3,119,75.42,226.26
T001305,2026-05-22,S010,P0003,Lawn & Garden,Lawn & Garden B,46,32,5,73,347.16,1735.8
T001306,2026-05-17,S015,P0041,Building Materials,Building Materials A,89,39,4,124,230.1,920.4
T001307,2026-04-15,S002,,Electrical,Electrical C,111,79,1,189,18.73,18.73
T001308,2026-04-27,S007,P0049,Appliances,Appliances C,89,48,7,130,237.79,1664.53
T001309,2026-02-21,S006,P0091,Building Materials,Building Materials B,70,24,2,92,253.94,507.88
T001310,2025-03-28,S015,P0086,Electrical,Electrical C,2,16,1,17,314.37,314.37
T001311,2025-06-07,S013,P0074,Building Materials,Building Materials A,1,1,2,0,303.38,606.76
T001312,2026-04-17,S014,P0081,Electrical,Electrical C,15,7,5,17,44.19,220.95
T001313,2025-04-04,S002,P0092,Appliances,Appliances B,29,26,7,48,278.72,1951.04
T001314,2026-05-03,S012,P0026,Hardware,Hardware C,60,36,4,92,249.55,998.2
T001315,2026-06-04,S002,P0001,Building Materials,Building Materials A,112,69,2,179,98.04,196.08
T001316,2025-07-12,S014,P0024,Electrical,Electrical A,81,75,3,153,63.55,190.65
T001317,2025-09-14,S012,P0045,Building Materials,Building Materials C,113,32,1,144,10.39,10.39
T001318,2025-03-03,S013,,Plumbing,Plumbing B,97,57,1,153,35.34,35.34
T001319,2026-01-06,S011,P0090,Lawn & Garden,Lawn & Garden C,72,33,1,104,336.08,336.08
T001320,2026-01-15,S005,P0064,Plumbing,Plumbing B,95,24,9,110,115.21,1036.89
T001321,2026-04-18,S015,P0042,Plumbing,Plumbing B,115,59,2,172,166.56,333.12
T001322,2025-01-26,S013,P0018,Electrical,Electrical B,80,19,1,98,346.5,346.5
T001323,2025-06-26,S010,P0020,Building Materials,Building Materials A,50,60,2,108,40.44,80.88
T001324,2025-11-07,S005,P0071,Building Materials,Building Materials A,92,63,2,153,174.39,348.78
T001325,2025-03-03,S002,P0046,Appliances,Appliances B,77,37,7,107,249.46,1746.22
T001326,2026-05-18,S005,P0002,Paint,Paint A,39,79,8,110,123.79,990.32
T001327,2026-01-18,S014,P0089,Building Materials,Building Materials B,60,8,2,66,201.34,402.68
T001328,2025-08-28,S011,P0041,Hardware,Hardware B,73,42,4,111,197.81,791.24
T001329,2025-08-23,S010,P0091,Lawn & Garden,Lawn & Garden A,31,62,4,89,286.16,1144.64
T001330,2026-01-29,S003,P0097,Lawn & Garden,Lawn & Garden B,62,59,3,118,35.81,107.43
T001331,2026-04-06,S013,P0050,building materials,Building Materials B,46,7,2,51,251.47,502.94
T001332,2026-05-10,S003,P0072,Plumbing,Plumbing B,62,40,1,101,335.18,335.18
T001333,2025-05-04,S012,P0038,Appliances,Appliances C,67,64,1,130,310.59,310.59
T001334,2025-01-12,S005,P0039,Building Materials,Building Materials A,3,53,1,55,109.27,109.27
T001335,2026-01-27,S003,P0072,Lawn & Garden,Lawn & Garden B,13,35,3,45,267.39,802.17
T001336,2025-05-12,S001,P0042,Appliances,Appliances A,70,61,1,130,304.77,304.77
T001337,2026-03-21,S006,P0083,Hardware,Hardware A,107,4,3,108,119.7,359.1
T001338,2026-06-08,S012,P0008,Paint,Paint C,8,8,3,13,53.1,159.3
T001339,2025-04-05,S006,P0097,Electrical,Electrical B,43,8,2,49,35.76,71.52
T001340,2026-02-10,S003,P0089,Lawn & Garden,Lawn & Garden A,57,20,2,75,286.51,573.02
T001341,2025-01-25,S011,P0007,Plumbing,Plumbing C,5,5,1,9,85.13,85.13
T001342,2026-05-28,S006,P0041,Hardware,Hardware C,2,65,5,62,237.23,1186.15
T001343,2025-03-11,S004,,Lawn & Garden,Lawn & Garden A,74,62,5,131,79.42,397.1
T001344,2025-06-18,S004,P0051,Building Materials,Building Materials C,80,79,1,158,10.51,10.51
T001345,2025-07-26,S010,P0097,Electrical,Electrical B,114,33,1,146,74.95,74.95
T001346,2026-06-09,S007,P0099,Building Materials,Building Materials A,49,13,1,61,46.54,46.54
T001347,2025-11-02,S011,P0089,Building Materials,Building Materials C,46,59,4,101,287.71,1150.84
T001348,2025-09-16,S009,P0028,Appliances,Appliances B,106,23,4,125,12.23,48.92
T001349,2025-12-02,S007,P0059,Lawn & Garden,Lawn & Garden A,61,71,6,126,322.92,1937.52
T001350,2025-03-21,S002,P0079,Appliances,Appliances A,109,1,7,103,219.79,1538.53
T001351,2025-06-13,S001,P0013,Electrical,Electrical A,54,47,1,100,228.85,228.85
T001352,2025-05-03,S003,P0039,Electrical,Electrical B,113,26,4,135,326.1,1304.4
T001353,2026-05-03,S001,P0023,Appliances,Appliances A,58,74,7,125,255.88,1791.16
T001354,2025-03-06,S012,P0094,Building Materials,,86,48,2,132,30.28,60.56
T001355,2025-01-14,S015,P0074,Appliances,Appliances C,98,35,3,130,29.55,88.65
T001356,2025-10-06,S004,P0025,Paint,Paint B,83,5,2,86,285.14,570.28
T001357,2026-05-16,S012,P0030,Plumbing,Plumbing C,46,11,3,54,24.17,72.51
T001358,2026-01-16,S009,P0093,Lawn & Garden,Lawn & Garden A,81,44,5,120,117.68,588.4
T001359,2025-10-27,S014,P0019,Paint,Paint B,52,46,10,88,239.09,2390.9
T001360,2026-01-03,S008,P0083,Hardware,Hardware C,21,5,8,18,302.74,2421.92
T001361,2025-12-16,S011,P0070,Plumbing,Plumbing C,102,73,2,173,62.52,125.04
T001362,2025-03-25,S015,P0054,Appliances,Appliances C,66,13,4,75,194.05,776.2
T001363,2025-08-21,S012,P0088,Plumbing,Plumbing B,41,47,1,87,175.3,175.3
T001364,2025-12-26,S007,P0096,Paint,Paint A,82,58,1,139,85.23,85.23
T001365,2026-06-01,S008,P0014,Building Materials,Building Materials A,39,30,3,66,245.67,737.01
T001366,2025-07-15,S001,P0004,Appliances,Appliances B,23,9,1,31,49.41,49.41
T001367,2026-02-17,S012,P0002,Lawn & Garden,Lawn & Garden B,47,26,2,71,125.36,250.72
T001368,2025-02-12,S008,P0087,Appliances,Appliances B,3,32,3,32,117.31,351.93
T001369,2025-04-11,S012,P0055,Lawn & Garden,Lawn & Garden C,87,62,4,145,309.18,1236.72
T001370,2025-03-30,S005,P0061,Lawn & Garden,Lawn & Garden A,92,80,4,168,36.37,145.48
T001371,2026-04-26,S006,P0005,Electrical,Electrical C,109,57,4,162,273.79,1095.16
T001372,2025-01-29,S008,P0065,Appliances,Appliances C,35,72,1,106,69.98,69.98
T001373,2025-05-01,S009,P0090,Hardware,Hardware A,37,20,1,56,316.57,316.57
T001374,2025-03-20,S008,P0026,Hardware,Hardware A,99,22,3,118,9.95,29.85
T001375,2026-05-21,S012,P0030,Hardware,Hardware C,14,12,6,20,332.23,1993.38
T001376,2025-01-25,S008,P0057,Electrical,Electrical C,90,67,13,144,155.05,2015.65
T001377,2025-02-04,S007,P0036,Lawn & Garden,Lawn & Garden C,8,11,4,15,152.41,609.64
T001378,2025-09-07,S002,P0018,Appliances,Appliances A,23,25,5,43,37.54,187.7
T001379,2025-03-10,S003,P0085,Lawn & Garden,Lawn & Garden B,5,29,1,33,47.62,47.62
T001380,2026-01-16,S009,P0008,Plumbing,Plumbing A,85,34,5,114,46.56,232.8
T001381,2025-09-07,S013,P0062,Building Materials,Building Materials A,61,61,11,111,235.1,2586.1
T001382,2025-03-14,S011,P0019,Building Materials,Building Materials C,97,8,1,104,57.73,57.73
T001383,2026-02-28,S006,P0081,Building Materials,Building Materials B,96,55,2,149,146.99,293.98
T001384,2026-01-18,S008,P0051,Lawn & Garden,Lawn & Garden A,16,61,6,71,264.02,1584.12
T001385,2025-06-11,S010,P0031,Lawn & Garden,Lawn & Garden B,9,55,3,61,178.02,534.06
T001386,2025-05-30,S011,P0099,Appliances,Appliances B,35,59,1,93,102.87,102.87
T001387,2025-12-01,S014,P0040,Hardware,Hardware C,96,75,2,169,174.82,349.64
T001388,2025-05-21,S006,P0061,Appliances,Appliances C,43,68,8,103,175.47,1403.76
T001389,2025-10-05,S010,P0037,Lawn & Garden,Lawn & Garden A,115,41,2,154,115.06,230.12
T001390,2025-12-10,S011,P0067,Hardware,Hardware B,54,24,2,76,98.26,196.52
T001391,2025-10-30,S011,P0025,Paint,Paint B,70,41,5,106,251.72,1258.6
T001392,2025-10-26,S004,P0082,Building Materials,Building Materials C,106,43,4,145,278.16,1112.64
T001393,2026-05-11,S005,P0092,Lawn & Garden,Lawn & Garden B,18,32,2,48,191.79,383.58
T001394,2026-02-07,S002,P0001,Building Materials,Building Materials B,58,70,1,127,325.31,325.31
T001395,2025-02-22,S011,P0055,Hardware,Hardware C,55,49,18,86,44.96,809.28
T001396,2025-02-25,S014,P0006,Appliances,Appliances B,68,34,7,95,44.75,313.25
T001397,2025-02-10,S010,P0085,Appliances,Appliances A,79,35,4,110,46.11,184.44
T001398,2025-10-01,S006,P0071,Plumbing,Plumbing A,70,74,4,140,59.88,239.52
T001399,2025-07-28,S010,P0070,Appliances,Appliances A,94,78,3,169,39.18,117.54
T001400,2026-02-21, S004 ,P0029,Hardware,Hardware C,22,28,4,46,64.65,258.6
T001401,2026-01-31,S004,P0058,Building Materials,Building Materials A,52,56,2,106,297.77,595.54
T001402,2026-01-25,S009,P0003,Plumbing,Plumbing B,86,62,1,147,78.15,78.15
T001403,2026-06-04,S007,P0079,Plumbing,Plumbing B,47,18,4,61,215.44,861.76
T001404,2026-02-18,S004,P0027,Electrical,Electrical B,31,37,2,66,146.54,293.08
T001405,2025-09-07,S012,P0083,Appliances,Appliances B,2,49,4,47,251.87,1007.48
T001406,2026-04-02,S002,P0055,Hardware,Hardware B,34,46,5,75,127.09,635.45
T001407,2026-06-14,S009,P0077,Plumbing,Plumbing A,48,46,4,90,297.3,1189.2
T001408,2025-02-21,S002,P0033,Lawn & Garden,Lawn & Garden B,37,18,1,54,162.96,162.96
T001409,2025-11-16,S009,P0022,Appliances,Appliances A,79,6,2,83,306.16,612.32
T001410,2025-06-30,S009,P0037,Hardware,Hardware B,30,2,2,30,314.06,628.12
T001411,2025-04-14,S014,P0035,Plumbing,Plumbing A,99,59,6,152,190.61,1143.66
T001412,2025-07-11,S013,P0032,Appliances,Appliances B,98,34,6,126,300.55,1803.3
T001413,2025-05-19,S001,P0022,Hardware,Hardware A,30,77,1,106,297.52,297.52
T001414,2025-06-29,S002,P0091,paint,Paint A,77,5,1,81,63.43,63.43
T001415,2026-05-17,S013,P0087,Hardware,Hardware C,51,67,14,104,193.18,2704.52
T001416,2026-02-19,S005,P0097,Lawn & Garden,Lawn & Garden B,109,63,4,168,65.08,260.32
T001417,2025-11-02,S010,P0015,Hardware,Hardware B,47,3,1,49,136.57,136.57
T001418,2025-05-31,S014,P0058,Lawn & Garden,Lawn & Garden C,101,38,2,137,55.83,111.66
T001419,2025-09-16,S007,P0063,Hardware,Hardware C,112,26,6,132,167.1,1002.6
T001420,2025-04-14,S006,P0038,Appliances,Appliances B,49,55,12,92,167.06,2004.72
T001421,2025-02-11,S002,P0062,Electrical,Electrical B,118,64,10,172,74.17,741.7
T001422,2025-10-04,S001,P0008,Lawn & Garden,Lawn & Garden A,47,3,4,46,223.69,894.76
T001423,2025-12-01,S006,P0037,Appliances,Appliances C,113,56,3,166,208.28,624.84
T001424,2026-06-03,S003,P0009,Plumbing,Plumbing B,91,56,1,146,120.91,120.91
T001425,2025-07-21,S010,P0012,Hardware,Hardware B,5,5,3,7,142.88,428.64
T001426,2026-03-04,S007,,Lawn & Garden,Lawn & Garden C,117,26,1,142,95.26,95.26
T001427,2026-05-10,S004,P0009,Hardware,Hardware A,63,14,2,75,324.29,648.58
T001428,2026-01-17,S005,P0061,Lawn & Garden,Lawn & Garden C,115,42,6,151,195.39,1172.34
T001429,2026-06-17,S005,P0088,Plumbing,Plumbing C,31,28,2,57,274.18,548.36
T001430,2025-11-04,S012,P0064,Hardware,Hardware A,38,32,2,68,333.62,667.24
T001431,2025-09-12,S015,P0060,Building Materials,Building Materials A,64,46,3,107,246.5,739.5
T001432,2025-09-06,S010,P0021,Hardware,Hardware C,40,7,15,32,30.68,460.2
T001433,2025-02-01,S006,P0043,Appliances,Appliances B,112,62,1,173,88.6,88.6
T001434,2025-08-29,S004,P0037,Lawn & Garden,Lawn & Garden A,76,41,4,113,122.95,491.8
T001435,2025-01-09, S009 ,P0020,Hardware,Hardware B,119,19,10,128,314.63,3146.3
T001436,2026-01-11,S011,P0087,Plumbing,Plumbing C,73,11,3,81,130.18,390.54
T001437,2025-03-26,S010,P0006,Appliances,Appliances A,114,50,7,157,278.02,1946.14
T001438,2026-06-23,S014,P0010,Lawn & Garden,Lawn & Garden B,59,77,1,135,55.41,55.41
T001439,2026-05-24,S004,P0078,Paint,Paint B,109,43,2,150,18.96,37.92
T001440,2026-06-06,S005,P0040,Paint,Paint C,53,30,1,82,286.61,286.61
T001441,2026-04-18,S012,P0020,Building Materials,Building Materials A,75,15,3,87,35.17,105.51
T001442,2025-10-17,S006,P0099,Paint,Paint B,91,61,3,149,206.11,618.33
T001443,2025-11-06,S004,P0091,Hardware,Hardware C,20,50,3,67,19.57,58.71
T001444,2025-09-16,S003,P0050,Plumbing,Plumbing B,50,41,6,85,166.52,999.12
T001445,2025-11-19,S010,P0097,Plumbing,Plumbing C,111,21,1,131,70.91,70.91
T001446,2025-06-01,S015,P0006,Building Materials,Building Materials A,63,35,1,97,183.37,183.37
T001447,2026-01-05,S006,P0092,Plumbing,Plumbing C,0,13,3,10,135.57,406.71
T001448,2025-12-07,S011,P0088,Plumbing,Plumbing C,35,67,1,101,262.47,262.47
T001449,2025-07-21,S013,P0056,Paint,Paint A,92,75,5,162,163.59,817.95
T001450,2025-12-07,S007,P0003,Lawn & Garden,Lawn & Garden C,8,60,1,67,338.06,338.06
T001451,2025-08-25,S014,P0041,Lawn & Garden,Lawn & Garden A,38,4,2,40,161.65,323.3
T001452,2025-01-05,S004,P0068,Appliances,Appliances A,57,30,6,81,333.59,2001.54
T001453,2025-10-08,S014,P0069,Lawn & Garden,Lawn & Garden B,111,39,7,143,13.59,95.13
T001454,2025-10-22,S002,P0100,Plumbing,Plumbing A,49,71,5,115,324.57,1622.85
T001455,2026-03-16,S006,P0011,Paint,Paint A,2,12,1,13,331.73,331.73
T001456,2025-09-21,S003,P0054,Hardware,Hardware A,46,12,5,53,257.37,1286.85
T001457,2025-03-12,S003,P0010,Plumbing,Plumbing A,0,30,5,25,299.74,1498.7
T001458,2025-07-03,S013,P0015,Hardware,Hardware B,98,68,4,162,49.53,198.12
T001459,2025-03-27,S013,P0046,Appliances,Appliances B,103,24,8,119,68.33,546.64
T001460,2025-03-30,S003,P0009,Building Materials,Building Materials B,104,68,3,169,62.84,188.52
T001461,2025-12-15,S013,P0050,Plumbing,Plumbing B,65,51,8,108,43.42,347.36
T001462,2025-03-10,S004,P0096,Plumbing,Plumbing C,99,63,8,154,327.36,2618.88
T001463,2025-02-12,S008,P0005,Building Materials,Building Materials A,2,47,5,44,203.26,1016.3
T001464,2026-04-20,S003,P0011,Plumbing,Plumbing A,71,14,4,81,211.37,845.48
T001465,2025-12-15,S010,P0016,Plumbing,Plumbing A,81,40,4,117,276.86,1107.44
T001466,2025-04-20,S005,P0008,Paint,Paint A,104,48,9,143,246.0,2214.0
T001467,2026-06-28,S002,P0047,Hardware,Hardware B,52,2,6,48,260.61,1563.66
T001468,2025-05-21,S010,P0068,Lawn & Garden,Lawn & Garden A,12,33,1,44,131.99,131.99
T001469,2025-03-22,S001,P0030,Electrical,Electrical B,70,69,4,135,295.78,1183.12
T001470,2025-11-01,S011,P0071,Electrical,Electrical A,96,5,1,100,314.2,314.2
T001471,2025-02-23,S002,P0018,Appliances,Appliances C,114,61,1,174,9.37,9.37
T001472,2025-06-12,S009,P0076,Plumbing,Plumbing A,21,23,2,42,36.05,72.1
T001473,2025-01-18,S004,P0061,Paint,Paint C,94,65,1,158,51.32,51.32
T001474,2025-07-12,S009,P0064,Building Materials,Building Materials A,78,49,1,126,154.97,154.97
T001475,02/26/2026,S005,P0075,Electrical,Electrical A,113,15,8,120,218.8,1750.4
T001476,2025-04-28,S010,P0052,Building Materials,Building Materials C,16,73,1,88,94.5,94.5
T001477,2025-05-16,S001,P0092,Building Materials,Building Materials A,93,9,6,96,262.75,1576.5
T001478,2025-01-03,S004,P0084,Paint,Paint A,1,52,3,50,291.85,875.55
T001479,2025-05-07,S006,P0048,Hardware,Hardware B,87,35,4,118,233.56,934.24
T001480,2025-12-28,S014,P0025,Paint,Paint C,62,35,5,92,91.03,455.15
T001481,2025-03-03,S008,P0096,Lawn & Garden,Lawn & Garden B,14,36,1,49,77.71,77.71
T001482,2026-06-27,S010,P0009,Hardware,Hardware B,28,57,6,79,111.69,670.14
T001483,2025-10-04,S008,P0021,Building Materials,Building Materials B,2,30,1,31,317.44,317.44
T001484,2025-05-29,S005,P0015,Paint,Paint B,88,12,1,99,186.53,186.53
T001485,2025-01-21,S010,P0009,Appliances,Appliances A,32,31,5,58,315.38,1576.9
T001486,2026-06-27,S011,P0024,Hardware,,2,41,1,42,9.15,9.15
T001487,2026-05-08,S003,P0025,Appliances,Appliances C,97,54,1,150,112.77,112.77
T001488,2026-01-01,S007,P0013,Hardware,Hardware C,31,41,4,68,75.12,300.48
T001489,2025-12-08,S004,P0064,Hardware,Hardware C,9,13,1,21,13.62,13.62
T001490,2026-04-24,S009,P0053,Paint,Paint A,70,56,5,121,43.09,215.45
T001491,2025-02-07,S001,P0033,Lawn & Garden,Lawn & Garden B,35,75,2,108,49.13,98.26
T001492,2025-05-02,S013,P0012,Electrical,Electrical C,80,30,4,106,191.62,766.48
T001493,01/07/2025,S014,P0063,Building Materials,Building Materials B,12,11,4,19,311.51,1246.04
T001494,2025-12-24,S013,P0046,Hardware,Hardware C,3,12,5,10,246.01,1230.05
T001495,2025-06-10,S012,P0030,Appliances,Appliances C,105,26,5,126,69.35,346.75
T001496,2025-05-18,S002,P0005,Paint,Paint C,80,38,1,117,77.82,77.82
T001497,2025-06-12,S007,P0061,Appliances,Appliances A,68,22,2,88,136.09,272.18
T001498,2025-08-05,S003,P0010,Hardware,Hardware A,89,21,4,106,156.64,626.56
T001499,2025-12-04,S003,P0058,Plumbing,Plumbing C,72,27,8,91,190.23,1521.84
T001500,2025-10-13,S005,P0041,Lawn & Garden,Lawn & Garden A,102,2,5,99,324.76,1623.8
T001501,2025-04-04,S002,P0075,Plumbing,Plumbing C,6,29,8,27,51.36,410.88
T001502,2026-02-09,S010,P0084,Paint,Paint C,6,66,4,68,287.31,1149.24
T001503,2025-02-21,S014,P0066,Lawn & Garden,Lawn & Garden C,30,68,7,91,310.47,2173.29
T001504,2025-12-07,S003,P0071,Plumbing,Plumbing A,62,26,4,84,23.05,92.2
T001505,2025-06-01,S008,P0080,Appliances,Appliances B,69,10,6,73,254.55,1527.3
T001506,2025-12-12,S001,P0004,Plumbing,Plumbing A,99,3,2,100,274.78,549.56
T001507,2025-03-25,S012,P0011,Building Materials,Building Materials B,12,56,9,59,333.96,3005.64
T001508,2025-01-27,S003,P0093,Electrical,Electrical B,14,64,4,74,137.63,550.52
T001509,2025-06-01,S011,P0077,Lawn & Garden,Lawn & Garden C,62,66,1,127,171.06,171.06
T001510,05/29/2026,S013,P0080,Appliances,Appliances B,5,64,4,65,137.77,551.08
T001511,2025-09-25,S007,P0032,Electrical,Electrical C,46,66,5,107,124.79,623.95
T001512,2026-02-27,S013,P0020,Electrical,Electrical C,41,47,6,82,85.92,515.52
T001513,2026-01-20,S001,P0094,Lawn & Garden,Lawn & Garden C,60,6,11,55,21.47,236.17
T001514,2026-04-17,S006,P0080,Plumbing,Plumbing A,99,67,2,164,272.15,544.3
T001515,2025-05-06,S005,P0051,Plumbing,Plumbing C,71,67,11,127,50.5,555.5
T001516,2025-07-01,S008,P0071,Hardware,Hardware A,48,24,3,69,184.36,553.08
T001517,2025-03-09,S012,P0019,Hardware,Hardware C,92,21,1,112,239.84,239.84
T001518,2025-11-01,S001,P0021,Building Materials,Building Materials B,16,47,2,61,266.72,533.44
T001519,2025-09-15,S008,P0011,Plumbing,Plumbing A,37,80,5,112,289.14,1445.7
T001520,2025-02-13,S007,P0024,Plumbing,Plumbing A,47,43,1,89,254.62,254.62
T001521,2025-01-24,S002,P0086,Hardware,Hardware B,101,35,2,134,113.24,226.48
T001522,2025-01-24,S004,P0099,Paint,Paint A,71,64,4,131,133.98,535.92
T001523,2025-05-18,S010,P0060,Plumbing,Plumbing C,88,43,9,122,29.04,261.36
T001524,2025-09-02,S015,P0027,Building Materials,Building Materials A,105,45,6,144,339.65,2037.9
T001525,2025-05-06,S012,P0051,Building Materials,Building Materials A,11,12,3,20,283.63,850.89
T001526,2025-05-07,S001,P0070,Lawn & Garden,Lawn & Garden A,11,80,4,87,90.45,361.8
T001527,2025-08-20,S015,P0006,Hardware,Hardware A,10,78,3,85,255.39,766.17
T001528,2025-04-08,S009,P0060,Plumbing,Plumbing B,92,67,1,158,274.39,274.39
T001529,2025-01-31,S002,P0076,Electrical,Electrical B,16,76,10,82,46.31,463.1
T001530,2026-05-25,S012,P0034,Electrical,Electrical C,92,53,9,136,48.94,440.46
T001531,2025-12-21,S015,P0018,Appliances,Appliances A,9,15,3,21,114.44,343.32
T001532,2025-10-27,S004,P0029,Hardware,Hardware C,107,3,2,108,171.25,342.5
T001533,2025-06-11,S010,P0028,Lawn & Garden,Lawn & Garden C,30,57,1,86,58.58,58.58
T001534,2025-02-07,S012,P0090,Plumbing,Plumbing C,66,68,5,129,108.53,542.65
T001535,2025-12-12,S008,P0031,Hardware,Hardware B,101,5,5,101,156.9,784.5
T001536,2025-01-19,S004,P0006,Plumbing,Plumbing A,26,46,1,71,185.93,185.93
T001537,2025-01-28,S003,P0050,Paint,Paint B,120,27,4,143,32.86,131.44
T001538,2025-12-31,S014,P0007,Hardware,Hardware C,55,73,5,123,196.2,981.0
T001539,2025-05-27,S004,P0080,lawn & garden,Lawn & Garden B,5,14,2,17,107.32,214.64
T001540,2026-04-04,S004,P0100,Electrical,Electrical B,110,70,2,178,89.2,178.4
T001541,2026-01-19,S012,P0079,Appliances,Appliances A,47,57,2,102,43.05,86.1
T001542,2025-03-08,S005,P0038,Lawn & Garden,Lawn & Garden A,91,57,1,147,327.76,327.76
T001543,2026-03-07,S010,P0099,Lawn & Garden,Lawn & Garden B,84,37,2,119,305.4,610.8
T001544,2026-04-13,S015,P0012,Lawn & Garden,Lawn & Garden B,100,46,1,145,57.65,57.65
T001545,2025-04-16,S001,P0038,Plumbing,Plumbing C,72,79,2,149,311.47,622.94
T001546,2025-04-21,S014,P0024,Plumbing,Plumbing A,18,55,2,71,108.7,217.4
T001547,2025-01-24,S008,P0072,Building Materials,Building Materials B,58,53,3,108,226.96,680.88
T001548,2025-11-13,S012,P0072,Building Materials,Building Materials C,41,77,4,114,215.5,862.0
T001549,2025-01-18,S014,P0037,Appliances,Appliances B,113,15,1,127,336.33,336.33
T001550,2025-01-31,S013,P0071,Plumbing,Plumbing A,97,45,1,141,146.93,146.93
T001551,2026-01-27,S007,P0074,Electrical,Electrical B,118,27,1,144,223.58,223.58
T001552,2025-05-30,S004,P0099,Plumbing,Plumbing C,43,15,1,57,115.28,115.28
T001553,2025-09-04,S013,P0076,Plumbing,Plumbing B,34,80,5,109,298.62,1493.1
T001554,2025-08-18,S001,P0001,Paint,Paint C,50,49,2,97,156.51,313.02
T001555,2026-05-31,S002,P0026,Appliances,Appliances C,78,42,3,117,74.12,222.36
T001556,2026-01-20,S001,P0068,Lawn & Garden,Lawn & Garden C,37,80,1,116,103.5,103.5
T001557,2025-07-01,S009,P0081,Building Materials,Building Materials C,82,52,2,132,332.7,665.4
T001558,2025-10-04,S015,P0003,Hardware,Hardware B,36,50,4,82,159.4,637.6
T001559,2026-02-17,S014,P0098,Hardware,Hardware C,17,44,4,57,52.47,209.88
T001560,2026-05-01,S015,P0050,Appliances,Appliances A,119,77,1,195,201.37,201.37
T001561,2025-09-27,S004,P0009,Building Materials,Building Materials A,11,16,3,24,163.22,489.66
T001562,2025-12-20,S002,P0052,Hardware,Hardware C,59,1,1,59,325.09,325.09
T001563,2025-03-22,S003,P0078,Appliances,Appliances B,96,54,3,147,46.52,139.56
T001564,2026-05-23,S010,P0070,Electrical,Electrical B,27,57,1,83,49.47,49.47
T001565,2025-02-20,S003,P0093,Plumbing,Plumbing C,18,50,10,58,118.47,1184.7
T001566,2025-10-19,S004,P0007,Hardware,Hardware A,106,13,5,114,241.26,1206.3
T001567,2026-05-27,S009,P0086,Building Materials,Building Materials A,106,20,4,122,33.71,134.84
T001568,2025-07-06,S011,P0014,Building Materials,Building Materials B,53,21,2,72,185.64,371.28
T001569,2026-03-25,S013,P0030,Hardware,Hardware A,69,31,6,94,307.16,1842.96
T001570,2025-11-23,S001,P0053,Electrical,Electrical A,57,2,3,56,203.77,611.31
T001571,2026-02-17,S015,P0088,Appliances,Appliances B,7,51,9,49,171.59,1544.31
T001572,2025-05-31,S006,P0002,Plumbing,Plumbing A,18,10,6,22,136.63,819.78
T001573,2025-06-13,S007,P0012,Paint,Paint C,99,42,2,139,133.19,266.38
T001574,2025-06-03,S002,P0094,Lawn & Garden,Lawn & Garden C,22,9,9,22,271.37,2442.33
T001575,2025-02-10,S010,P0072,Lawn & Garden,Lawn & Garden C,55,79,2,132,99.83,199.66
T001576,2025-06-12,S015,P0017,Appliances,Appliances B,77,29,11,95,281.05,3091.55
T001577,2025-09-14,S005,P0065,Paint,Paint A,77,43,9,111,109.96,989.64
T001578,2025-03-28,S006,P0037,Hardware,Hardware C,58,4,4,58,194.63,778.52
T001579,2026-02-16,S007,P0058,Hardware,Hardware A,84,23,1,106,192.43,192.43
T001580,2025-03-07,S011,P0093,Paint,Paint B,68,63,3,128,177.26,531.78
T001581,2026-06-02,S012,P0064,Plumbing,Plumbing A,16,40,1,55,294.27,294.27
T001582,2026-06-29,S011,P0041,Lawn & Garden,Lawn & Garden A,23,80,1,102,144.32,144.32
T001583,2026-01-05,S007,P0097,Hardware,Hardware C,87,58,2,143,219.88,439.76
T001584,2025-06-30,S012,P0100,Electrical,Electrical B,23,67,1,89,99.77,99.77
T001585,2025-10-29,S011,P0024,Building Materials,Building Materials C,87,68,3,152,333.46,1000.38
T001586,2025-08-16,S009,P0025,Lawn & Garden,Lawn & Garden A,21,33,1,53,124.34,124.34
T001587,2025-12-12,S015,P0093,Hardware,Hardware A,43,49,2,90,320.57,641.14
T001588,2025-08-16,S009,P0044,Lawn & Garden,Lawn & Garden C,28,64,2,90,134.56,269.12
T001589,2026-05-17,S005,P0067,Hardware,Hardware C,78,41,4,115,118.94,475.76
T001590,2025-01-08,S005,P0025,Paint,Paint C,86,65,4,147,49.03,196.12
T001591,2026-05-11,S001,P0022,Building Materials,Building Materials C,42,74,2,114,292.89,585.78
T001592,2026-02-08,S002,P0040,Electrical,Electrical B,41,41,4,78,163.16,652.64
T001593,2025-08-08,S008,P0054,Paint,Paint C,102,54,7,149,41.3,289.1
T001594,2025-06-03,S014,P0090,Paint,Paint A,98,11,1,108,104.95,104.95
T001595,2025-05-05, S010 ,P0090,Lawn & Garden,Lawn & Garden B,77,16,2,91,200.03,400.06
T001596,2026-06-11,S009,P0068,Plumbing,Plumbing B,113,17,1,129,145.55,145.55
T001597,2026-03-03,S006,P0008,Plumbing,Plumbing C,101,57,1,157,181.2,181.2
T001598,2025-12-12,S006,P0066,Paint,Paint C,80,43,1,122,103.63,103.63
T001599,2025-10-22,S009,P0023,Building Materials,Building Materials B,116,15,1,130,335.64,335.64
T001600,2025-05-20,S015,P0001,Appliances,Appliances A,39,47,2,84,61.33,122.66
T001601,2025-08-31, S011 ,P0017,Plumbing,Plumbing A,111,40,2,149,281.36,562.72
T001602,2025-07-28,S011,P0082,Hardware,Hardware C,87,12,8,91,260.45,2083.6
T001603,2026-01-31,S010,P0076,Paint,Paint B,108,28,3,133,57.27,171.81
T001604,2025-10-27,S007,P0083,Building Materials,Building Materials C,46,65,4,107,10.18,40.72
T001605,2025-03-13,S004,P0068,Plumbing,Plumbing A,103,13,27,89,249.99,6749.73
T001606,2025-05-27,S001,P0083,Paint,Paint B,7,48,10,45,221.43,2214.3
T001607,2026-05-17,S004,P0021,Paint,Paint C,3,68,3,68,166.41,499.23
T001608,2026-04-12,S013,P0023,Building Materials,Building Materials B,41,33,2,72,172.19,344.38
T001609,2026-01-24,S014,P0020,Lawn & Garden,Lawn & Garden A,79,11,2,88,119.3,238.6
T001610,2025-09-04,S002,P0094,Hardware,Hardware A,23,56,4,75,195.89,783.56
T001611,2025-08-09,S008,P0026,Plumbing,Plumbing C,118,72,2,188,257.08,514.16
T001612,2025-11-30,S003,P0024,Building Materials,Building Materials C,116,78,1,193,334.68,334.68
T001613,2026-03-14,S011,P0042,Plumbing,Plumbing C,38,30,2,66,33.77,67.54
T001614,2026-01-08,S004,P0090,Plumbing,Plumbing C,69,26,4,91,300.65,1202.6
T001615,2026-04-20,S012,P0095,Hardware,Hardware A,50,37,5,82,63.25,316.25
T001616,2026-05-26,S012,P0079,Paint,Paint A,57,77,10,124,69.72,697.2
T001617,2025-06-28,S002,P0057,Building Materials,Building Materials A,85,76,3,158,121.24,363.72
T001618,2026-05-18,S015,P0091,Plumbing,Plumbing B,71,66,7,130,55.29,387.03
T001619,2025-04-11,S013,P0018,Electrical,Electrical B,92,6,2,96,257.39,514.78
T001620,2026-05-16,S013,P0078,Paint,Paint B,64,72,3,133,185.37,556.11
T001621,2026-01-17,S009,P0086,Electrical,Electrical A,68,50,3,115,88.98,266.94
T001622,2025-02-11,S001,P0026,Electrical,Electrical B,49,10,3,56,88.81,266.43
T001623,2025-03-10,S014,P0045,Plumbing,Plumbing A,111,73,6,178,334.3,2005.8
T001624,2025-06-21,S015,P0100,Paint,Paint C,84,3,2,85,264.25,528.5
T001625,2026-06-08,S001,P0025,Lawn & Garden,Lawn & Garden A,73,53,1,125,319.79,319.79
T001626,2025-04-28,S007,P0019,Appliances,Appliances C,19,14,6,27,59.62,357.72
T001627,2026-04-17,S008,P0053,Plumbing,Plumbing C,14,77,6,85,55.76,334.56
T001628,2025-04-18,S015,P0017,Building Materials,Building Materials A,92,4,8,88,49.37,394.96
T001629,2026-03-25,S004,P0032,Lawn & Garden,Lawn & Garden C,4,37,2,39,257.55,515.1
T001630,2025-07-03,S011,P0059,Paint,Paint B,13,19,2,30,273.61,547.22
T001631,2026-02-09,S009,P0081,Building Materials,Building Materials B,73,41,6,108,302.07,1812.42
T001632,2025-07-18,S014,P0090,electrical,Electrical B,107,8,2,113,254.78,509.56
T001633,2025-12-20,S013,P0017,Paint,Paint C,2,12,5,9,177.82,889.1
T001634,2026-01-03,S006,P0071,Lawn & Garden,Lawn & Garden B,97,16,2,111,140.48,280.96
T001635,2025-06-09,S003,P0004,Hardware,Hardware A,46,78,4,120,152.48,609.92
T001636,2025-03-04,S012,P0057,Paint,Paint A,110,75,1,184,155.48,155.48
T001637,2025-04-20,S006,P0044,Electrical,Electrical A,87,80,3,164,291.1,873.3
T001638,2025-09-13,S002,P0008,Appliances,Appliances C,115,51,7,159,132.21,925.47
T001639,2026-03-10,S010,P0040,Appliances,Appliances B,86,44,5,125,159.44,797.2
T001640,2026-05-07,S003,P0014,Plumbing,Plumbing B,0,14,1,13,165.92,165.92
T001641,2025-05-06,S004,P0005,Appliances,Appliances C,70,29,10,89,279.05,2790.5
T001642,2025-06-15,S009,P0055,Appliances,Appliances C,12,46,7,51,12.49,87.43
T001643,2025-12-17,S001,P0091,Hardware,Hardware A,5,52,1,56,74.86,74.86
T001644,2025-03-23,S014,P0007,Plumbing,Plumbing B,67,35,2,100,131.5,263.0
T001645,2025-07-21,S001,P0004,Lawn & Garden,Lawn & Garden B,68,67,1,134,70.15,70.15
T001646,2026-05-24,S004,P0004,Appliances,Appliances C,25,25,4,46,9.87,39.48
T001647,2025-09-18,S015,P0056,Hardware,Hardware B,10,45,2,53,289.53,579.06
T001648,2026-05-02,S001,P0003,Appliances,Appliances B,54,12,1,65,145.82,145.82
T001649,2025-04-30,S008,P0007,Lawn & Garden,Lawn & Garden B,15,32,3,44,235.96,707.88
T001650,2025-03-11,S010,P0092,Plumbing,Plumbing C,80,34,6,108,301.41,1808.46
T001651,2025-11-21,S001,P0023,Electrical,Electrical C,4,75,3,76,216.23,648.69
T001652,2026-02-09,S009,P0078,Hardware,Hardware C,8,25,4,29,84.5,338.0
T001653,2025-10-27,S007,P0014,Hardware,Hardware A,62,36,3,95,58.77,176.31
T001654,2025-06-28,S006,P0098,Hardware,Hardware A,88,65,5,148,80.14,400.7
T001655,2026-04-02,S002,P0002,Paint,Paint B,55,17,4,68,64.48,257.92
T001656,2025-06-25,S002,P0014,Hardware,Hardware A,84,3,3,84,295.63,886.89
T001657,2025-03-27,S006,P0031,Paint,Paint C,73,65,3,135,264.82,794.46
T001658,2025-05-31,S002,P0015,Hardware,Hardware A,68,64,8,124,257.99,2063.92
T001659,2025-03-14,S015,P0070,Hardware,Hardware B,17,20,5,32,112.01,560.05
T001660,2026-06-10,S015,P0095,Building Materials,Building Materials C,64,47,1,110,344.14,344.14
T001661,2025-09-23,S001,P0070,Hardware,Hardware B,85,11,3,93,117.51,352.53
T001662,2025-11-03,S007,P0077,Appliances,Appliances C,119,20,4,135,236.45,945.8
T001663,2025-06-19,S011,P0077,Hardware,Hardware C,19,59,2,76,317.1,634.2
T001664,2026-05-04,S011,P0086,Appliances,Appliances B,45,29,1,73,22.75,22.75
T001665,2026-03-10,S006,P0015,Hardware,Hardware A,70,31,1,100,177.07,177.07
T001666,2025-08-18,S012,P0043,Hardware,Hardware B,119,58,2,175,44.6,89.2
T001667,2025-07-06,S011,P0038,Appliances,Appliances C,89,36,10,115,324.77,3247.7
T001668,2026-03-16,S005,,Hardware,,8,56,4,60,114.84,459.36
T001669,2025-12-31,S013,P0075,Building Materials,Building Materials C,69,69,1,137,147.07,147.07
T001670,2025-08-16,S009,P0035,Hardware,Hardware C,29,78,3,104,246.27,738.81
T001671,2025-06-04,S009,P0097,Hardware,Hardware C,54,2,8,48,204.91,1639.28
T001672,2025-04-26,S015,P0076,Plumbing,Plumbing C,84,76,2,158,92.91,185.82
T001673,2026-02-22,S004,P0014,Building Materials,Building Materials B,114,0,6,108,254.14,1524.84
T001674,2026-06-08,S007,P0013,Electrical,Electrical C,21,46,1,66,15.5,15.5
T001675,2025-05-08,S002,P0079,Hardware,Hardware B,111,24,1,134,230.4,230.4
T001676,2025-03-06,S013,P0061,Paint,Paint B,119,8,7,120,314.63,2202.41
T001677,2025-02-12,S009,P0070,Paint,Paint A,59,70,2,127,304.27,608.54
T001678,2025-04-18,S014,P0029,Electrical,Electrical C,50,80,2,128,71.17,142.34
T001679,2025-09-12,S010,P0090,Hardware,Hardware C,56,39,3,92,219.54,658.62
T001680,2025-04-03,S006,P0042,Lawn & Garden,Lawn & Garden B,102,6,4,104,342.78,1371.12
T001681,2025-03-01,S013,P0088,Hardware,Hardware B,118,48,1,165,92.27,92.27
T001682,2026-03-09,S012,P0088,Appliances,Appliances A,68,71,1,138,292.72,292.72
T001683,2025-05-09, S009 ,P0013,Lawn & Garden,Lawn & Garden B,76,7,3,80,120.06,360.18
T001684,2025-11-05,S005,P0018,Lawn & Garden,Lawn & Garden C,6,37,4,39,93.57,374.28
T001685,2026-03-22,S008,P0056,Hardware,Hardware A,55,33,1,87,119.79,119.79
T001686,2026-01-08,S013,P0063,Hardware,Hardware B,3,73,2,74,191.83,383.66
T001687,2025-07-16,S013,P0065,Lawn & Garden,Lawn & Garden A,31,47,2,76,153.4,306.8
T001688,2025-07-08,S007,P0099,Electrical,Electrical C,13,50,3,60,106.9,320.7
T001689,2025-01-10,S015,P0089,Paint,Paint B,23,15,7,31,62.81,439.67
T001690,2026-03-15,S012,P0062,Paint,Paint B,17,40,2,55,114.23,228.46
T001691,04/13/2025,S006,P0012,Plumbing,Plumbing C,32,68,1,99,286.83,286.83
T001692,2025-01-16,S008,P0014,Lawn & Garden,Lawn & Garden C,61,63,1,123,343.84,343.84
T001693,2026-01-02,S015,P0057,Plumbing,Plumbing A,34,57,10,81,326.4,3264.0
T001694,2026-03-12,S003,P0010,Paint,Paint A,6,26,1,31,322.48,322.48
T001695,2025-08-22,S006,P0056,Paint,Paint C,110,68,1,177,257.49,257.49
T001696,2026-01-13,S009,P0034,Building Materials,Building Materials B,85,71,2,154,51.75,103.5
T001697,2025-10-02,S001,P0007,Paint,Paint B,83,47,3,127,95.03,285.09
T001698,2025-03-20,S003,P0015,Building Materials,Building Materials A,57,36,2,91,327.65,655.3
T001699,2025-03-28,S008,P0058,Plumbing,Plumbing B,31,37,1,67,269.34,269.34
T001700,2025-07-16,S009,P0072,Hardware,Hardware C,9,60,4,65,66.04,264.16
T001701,2025-03-10,S013,P0078,Hardware,Hardware A,32,42,3,71,290.73,872.19
T001702,2025-08-24,S012,P0042,Lawn & Garden,Lawn & Garden C,34,79,5,108,291.77,1458.85
T001703,2025-02-06,S013,P0090,Paint,Paint C,8,50,3,55,43.51,130.53
T001704,2026-03-12,S003,P0045,Electrical,Electrical B,85,46,9,122,95.0,855.0
T001705,2026-01-06,S002,P0089,Hardware,Hardware C,57,70,5,122,219.88,1099.4
T001706,2025-11-25,S011,P0031,Lawn & Garden,Lawn & Garden A,58,64,4,118,58.3,233.2
T001707,2026-03-12,S009,P0076,Lawn & Garden,Lawn & Garden A,97,76,7,166,310.6,2174.2
T001708,2025-05-17,S002,P0062,Electrical,Electrical B,32,48,3,77,240.91,722.73
T001709,2026-01-26,S005,P0091,Building Materials,Building Materials B,26,71,2,95,53.21,106.42
T001710,2025-04-16,S002,P0020,Paint,Paint C,3,50,4,49,196.0,784.0
T001711,2025-06-26,S014,P0067,Lawn & Garden,Lawn & Garden A,71,27,1,97,251.4,251.4
T001712,2025-08-24,S015,P0023,Appliances,Appliances A,66,49,3,112,29.56,88.68
T001713,2026-05-08,S007,P0092,Appliances,Appliances A,104,37,3,138,195.33,585.99
T001714,2025-08-29,S005,P0071,Electrical,Electrical C,120,10,4,126,91.44,365.76
T001715,2025-05-22,S006,P0025,Electrical,Electrical B,75,40,6,109,304.29,1825.74
T001716,2025-01-18,S014,P0059,Plumbing,Plumbing B,0,47,5,42,321.27,1606.35
T001717,2026-01-24,S014,P0057,Appliances,Appliances B,88,5,1,92,14.68,14.68
T001718,2025-04-05,S001,P0010,Paint,Paint B,38,11,6,43,321.32,1927.92
T001719,2025-10-16,S013,P0001,Hardware,Hardware C,51,78,9,120,118.78,1069.02
T001720,2025-02-12,S010,P0067,Appliances,Appliances B,97,24,6,115,272.37,1634.22
T001721,2026-02-19,S007,P0021,Lawn & Garden,Lawn & Garden B,67,29,1,95,276.44,276.44
T001722,2025-05-02,S009,P0061,Paint,Paint C,100,78,5,173,227.17,1135.85
T001723,2026-01-07,S014,P0059,Appliances,Appliances C,48,2,1,49,163.43,163.43
T001724,2026-03-18,S013,P0090,Electrical,Electrical B,80,66,2,144,298.45,596.9
T001725,2025-03-22,S014,P0071,Appliances,Appliances C,17,9,4,22,134.04,536.16
T001726,2025-05-01,S008,P0059,Hardware,Hardware B,85,17,4,98,249.47,997.88
T001727,2025-05-29,S002,P0036,Lawn & Garden,Lawn & Garden C,120,17,6,131,210.54,1263.24
T001728,2025-12-09,S010,P0066,Appliances,Appliances B,90,33,9,114,26.26,236.34
T001729,2025-12-21,S005,P0088,electrical,Electrical B,5,40,4,41,293.04,1172.16
T001730,2025-05-10,S008,P0047,Plumbing,Plumbing A,2,6,2,6,250.92,501.84
T001731,2026-02-24,S001,P0036,Hardware,Hardware A,17,35,1,51,80.26,80.26
T001732,2025-12-02,S015,P0093,Plumbing,Plumbing B,11,62,8,65,9.73,77.84
T001733,2025-09-26,S008,P0092,Building Materials,Building Materials A,53,9,3,59,54.6,163.8
T001734,2026-01-18,S008,P0001,Appliances,Appliances A,120,71,3,188,276.92,830.76
T001735,2026-01-16,S010,P0001,Building Materials,Building Materials B,13,11,3,21,310.98,932.94
T001736,2026-01-07,S014,P0030,Plumbing,Plumbing B,72,17,4,85,26.21,104.84
T001737,2025-11-18,S001,P0088,Appliances,Appliances B,89,11,4,96,95.7,382.8
T001738,2025-10-28,S013,P0030,Paint,Paint A,66,59,2,123,280.73,561.46
T001739,2025-12-19,S010,P0017,Electrical,Electrical B,98,14,3,109,335.14,1005.42
T001740,2026-06-12,S008,P0019,Building Materials,Building Materials B,10,27,2,35,285.34,570.68
T001741,2025-02-16,S006,P0020,Plumbing,Plumbing C,51,28,1,78,235.08,235.08
T001742,2026-01-04,S005,P0057,Lawn & Garden,Lawn & Garden A,117,19,1,135,123.39,123.39
T001743,2026-03-22,S012,P0005,Hardware,Hardware B,70,28,3,95,74.26,222.78
T001744,2026-05-31,S009,P0025,Electrical,,29,48,1,76,116.73,116.73
T001745,2026-02-20,S009,P0018,Appliances,Appliances B,57,56,1,112,122.23,122.23
T001746,2025-12-10,S002,P0046,Electrical,Electrical B,72,23,2,93,62.53,125.06
T001747,2025-11-29,S001,P0014,Hardware,Hardware C,93,3,1,95,247.34,247.34
T001748,2025-03-27,S008,P0013,Plumbing,Plumbing C,12,76,3,85,329.96,989.88
T001749,2026-04-01,S007,P0088,Appliances,Appliances C,21,3,1,23,248.32,248.32
T001750,2025-10-02,S002,P0090,Paint,Paint A,114,10,4,120,349.39,1397.56
T001751,2026-01-01,S001,P0008,Building Materials,Building Materials B,89,6,1,94,267.76,267.76
T001752,2025-07-07,S013,P0045,Paint ,Paint C,33,56,1,88,242.75,242.75
T001753,2026-05-20,S013,P0013,Hardware,Hardware C,16,59,3,72,73.41,220.23
T001754,2026-01-10,S001,,Building Materials,Building Materials C,8,6,2,12,264.84,529.68
T001755,2025-11-08,S012,,Appliances,Appliances A,74,15,1,88,243.99,243.99
T001756,2026-03-15,S009,P0006,Lawn & Garden,Lawn & Garden C,36,8,5,39,340.53,1702.65
T001757,2025-08-15,S006,P0084,Lawn & Garden,Lawn & Garden C,69,45,1,113,313.03,313.03
T001758,2025-12-15,S001,P0019,Electrical,Electrical B,7,52,1,58,32.17,32.17
T001759,2026-02-12,S007,P0074,Plumbing,Plumbing C,69,49,6,112,28.11,168.66
T001760,2025-09-05,S009,P0062,Electrical,Electrical C,91,27,4,114,240.63,962.52
T001761,2026-01-19,S001,P0029,Appliances,Appliances B,48,20,1,67,175.85,175.85
T001762,2025-01-12,S008,P0010,Building Materials,Building Materials B,16,50,2,64,115.08,230.16
T001763,2025-03-04,S003,P0081,Paint,Paint C,19,28,1,46,248.24,248.24
T001764,2025-02-02,S001,P0074,Paint,Paint B,5,45,6,44,294.91,1769.46
T001765,2026-02-28,S005,P0066,Building Materials,Building Materials A,115,14,6,123,59.8,358.8
T001766,2025-01-07,S015,P0037,Paint,Paint B,118,58,10,166,335.53,3355.3
T001767,2026-04-07,S014,P0042,Lawn & Garden,Lawn & Garden A,75,75,13,137,38.0,494.0
T001768,2025-09-04,S011,P0054,Plumbing,Plumbing A,113,18,1,130,280.69,280.69
T001769,2026-04-20,S012,P0004,Lawn & Garden,Lawn & Garden A,56,14,5,65,8.38,41.9
T001770,2025-01-07,S004,P0024,Hardware,Hardware C,12,77,1,88,335.44,335.44
T001771,2025-05-08,S010,P0067,Hardware,Hardware C,46,72,3,115,9.46,28.38
T001772,2026-01-16,S009,P0043,Lawn & Garden,Lawn & Garden A,112,40,4,148,257.77,1031.08
T001773,2025-04-07,S009,P0049,Lawn & Garden,Lawn & Garden A,96,43,1,138,250.42,250.42
T001774,2025-08-10,S009,P0009,Hardware,Hardware C,65,74,1,138,330.37,330.37
T001775,2025-11-15,S011,P0007,Appliances,Appliances C,92,61,6,147,55.23,331.38
T001776,2025-05-11,S015,P0081,Plumbing,Plumbing A,19,7,4,22,54.26,217.04
T001777,2025-08-05,S003,P0094,Paint,Paint C,8,53,9,52,263.74,2373.66
T001778,2025-01-11,S003,P0087,Paint,Paint C,16,4,9,11,259.3,2333.7
T001779,2025-06-02,S014,P0029,Building Materials,Building Materials A,63,45,1,107,253.19,253.19
T001780,07/18/2025,S015,P0006,Plumbing,Plumbing A,53,42,2,93,180.14,360.28
T001781,2025-02-28,S012,P0045,Plumbing,Plumbing C,106,56,1,161,86.94,86.94
T001782,2025-08-18,S013,P0017,Appliances,Appliances C,20,76,5,91,15.84,79.2
T001783,2025-03-17,S005,P0061,Hardware,Hardware C,120,20,4,136,21.98,87.92
T001784,2025-01-30,S004,P0034,Plumbing,Plumbing C,35,8,1,42,193.09,193.09
T001785,2025-07-27,S007,P0016,Hardware,Hardware A,46,51,1,96,179.37,179.37
T001786,2026-02-07,S013,P0059,Appliances,Appliances B,50,19,7,62,87.98,615.86
T001787,2025-11-07,S005,P0075,Plumbing,Plumbing B,4,56,2,58,110.77,221.54
T001788,2025-07-13,S004,P0092,Lawn & Garden,Lawn & Garden B,38,77,1,114,125.58,125.58
T001789,2025-05-18,S015,P0056,Plumbing,Plumbing A,18,32,1,49,38.25,38.25
T001790,2025-12-18,S009,P0084,Paint,Paint B,19,12,11,20,99.16,1090.76
T001791,2026-05-20,S011,P0077,Lawn & Garden,Lawn & Garden A,119,52,6,165,261.05,1566.3
T001792,2025-03-28,S010,P0085,Lawn & Garden,Lawn & Garden C,28,25,1,52,138.05,138.05
T001793,2025-10-16,S003,P0059,Electrical,Electrical C,68,30,3,95,27.7,83.1
T001794,2025-09-04,S002,P0010,Paint,Paint B,67,63,6,124,298.13,1788.78
T001795,2026-04-24,S012,P0100,Hardware,Hardware C,34,63,1,96,200.79,200.79
T001796,2025-10-02,S013,P0093,Paint,Paint B,46,30,6,70,331.87,1991.22
T001797,2026-01-31,S010,P0094,Plumbing,Plumbing C,103,8,4,107,138.75,555.0
T001798,2025-10-20,S001,P0048,Lawn & Garden,Lawn & Garden C,73,42,1,114,318.62,318.62
T001799,2025-03-31,S003,P0044,Plumbing,Plumbing B,41,47,5,83,211.81,1059.05
T001800,2025-09-03,S008,P0002,Plumbing,Plumbing B,47,75,4,118,54.75,219.0
T001801,2025-10-20,S011,P0007,Electrical,Electrical C,25,31,4,52,194.21,776.84
T001802,2025-11-21,S004,P0040,Paint,Paint A,52,28,3,77,162.86,488.58
T001803,2025-01-19,S009,P0004,Paint,Paint C,63,67,1,129,257.96,257.96
T001804,2026-01-13,S009,P0094,Hardware,Hardware A,71,35,1,105,321.32,321.32
T001805,2025-06-30,S015,P0056,Lawn & Garden,Lawn & Garden B,108,63,2,169,96.84,193.68
T001806,2025-01-26,S009,P0089,Hardware,Hardware B,105,18,3,120,307.36,922.08
T001807,2026-02-14,S006,P0088,Hardware,Hardware A,0,14,5,9,74.68,373.4
T001808,2026-01-01,S014,P0020,Hardware,Hardware C,118,47,11,154,29.51,324.61
T001809,2025-06-05,S014,P0062,Paint,Paint A,8,39,3,44,257.48,772.44
T001810,2026-03-12,S010,P0004,Electrical,Electrical A,88,15,5,98,338.94,1694.7
T001811,2025-03-30,S003,P0064,Appliances,Appliances A,48,79,6,121,49.6,297.6
T001812,2025-01-28,S011,P0077,Building Materials,Building Materials C,109,62,5,166,256.38,1281.9
T001813,2025-12-27,S011,P0085,Building Materials,Building Materials A,19,56,1,74,58.74,58.74
T001814,2025-06-28,S005,P0001,Electrical,Electrical B,106,28,8,126,244.39,1955.12
T001815,2026-06-04,S001,P0045,Hardware,Hardware B,6,70,7,69,39.34,275.38
T001816,2025-05-04,S009,P0098,Plumbing,Plumbing A,25,48,3,70,291.78,875.34
T001817,2025-12-29,S014,P0083,Plumbing,Plumbing C,71,71,1,141,84.01,84.01
T001818,2026-03-22,S013,P0091,Electrical,Electrical C,99,51,3,147,301.96,905.88
T001819,2025-08-03,S012,P0028,Building Materials,Building Materials A,117,65,1,181,333.68,333.68
T001820,2025-06-07,S009,P0045,Paint,Paint C,91,80,8,163,201.6,1612.8
T001821,2026-01-22,S014,P0024,Lawn & Garden,Lawn & Garden B,83,6,1,88,80.18,80.18
T001822,2026-05-06,S002,P0032,Plumbing,Plumbing C,7,34,2,39,47.24,94.48
T001823,2025-01-07,S011,P0063,Electrical,Electrical A,39,15,8,46,301.02,2408.16
T001824,2025-08-14,S007,P0100,Building Materials,Building Materials B,65,36,7,94,234.1,1638.7
T001825,2026-01-10,S002,P0050,Electrical,Electrical C,60,5,4,61,102.68,410.72
T001826,2025-03-10,S002,P0048,Hardware,Hardware C,9,72,9,72,99.54,895.86
T001827,2025-04-04,S012,P0074,Hardware,Hardware C,75,41,1,115,344.79,344.79
T001828,2025-01-01,S001,P0018,Electrical,Electrical A,20,1,4,17,156.63,626.52
T001829,2025-04-02,S005,P0020,Appliances,Appliances A,96,55,1,150,203.48,203.48
T001830,2026-04-10,S001,P0052,Lawn & Garden,Lawn & Garden C,9,21,7,23,170.3,1192.1
T001831,2025-07-09,S008,P0017,Paint ,Paint B,3,58,6,55,238.83,1432.98
T001832,2026-05-02,S009,P0084,Hardware,Hardware B,81,26,10,97,89.13,891.3
T001833,2025-11-13,S002,P0026,Lawn & Garden,Lawn & Garden A,48,42,3,87,223.45,670.35
T001834,2025-12-09,S004,P0024,Appliances,Appliances A,15,75,12,78,23.62,283.44
T001835,2026-01-23,S005,P0035,lawn & garden,Lawn & Garden C,117,36,1,152,163.98,163.98
T001836,2026-04-21,S005,P0051,Electrical,Electrical C,55,63,3,115,235.56,706.68
T001837,2025-04-02,S014,P0054,Building Materials,Building Materials B,54,4,1,57,312.56,312.56
T001838,2025-11-19,S004,P0090,Hardware,Hardware A,94,49,3,140,20.87,62.61
T001839,2026-03-28,S002,P0011,Paint,Paint C,17,72,1,88,230.33,230.33
T001840,2026-04-23,S001,P0093,Building Materials,Building Materials B,20,67,7,80,127.62,893.34
T001841,2025-03-22,S010,P0041,Electrical,Electrical C,71,72,4,139,220.3,881.2
T001842,2026-03-22,S005,P0032,Electrical,Electrical B,120,37,1,156,307.13,307.13
T001843,2025-11-09,S002,P0079,Hardware,Hardware C,75,31,5,101,325.38,1626.9
T001844,2025-10-10,S008,P0075,Electrical,Electrical A,34,52,9,77,204.62,1841.58
T001845,2025-06-25,S004,P0019,Appliances,Appliances C,53,16,5,64,120.24,601.2
T001846,2026-06-30,S013,P0083,lawn & garden,Lawn & Garden C,34,12,1,45,301.48,301.48
T001847,2026-04-02,S001,P0017,Paint,Paint A,61,5,2,64,47.38,94.76
T001848,2025-10-21,S012,P0081,Plumbing,Plumbing B,60,74,5,129,134.73,673.65
T001849,2025-11-06,S010,P0036,Hardware,Hardware B,8,18,2,24,138.47,276.94
T001850,2025-12-31,S003,P0014,Plumbing,Plumbing A,110,59,1,168,77.78,77.78
T001851,2026-02-06,S006,P0025,Lawn & Garden,Lawn & Garden B,107,60,7,160,222.78,1559.46
T001852,2025-08-12,S005,P0009,Paint,Paint B,24,33,2,55,196.97,393.94
T001853,2026-01-15,S015,P0007,Building Materials,Building Materials B,24,52,9,67,312.47,2812.23
T001854,2025-07-19,S008,P0040,Electrical,Electrical A,26,13,2,37,98.67,197.34
T001855,2026-06-01,S012,P0095,Paint,Paint C,105,69,2,172,143.52,287.04
T001856,2025-11-18,S012,P0091,Building Materials,Building Materials C,48,74,2,120,302.24,604.48
T001857,2026-05-14,S015,P0057,Electrical,Electrical A,24,4,2,26,167.31,334.62
T001858,2026-01-11,S003,P0007,Building Materials,Building Materials C,35,54,4,85,216.45,865.8
T001859,2025-06-13,S004,,Building Materials,Building Materials C,79,29,1,107,347.95,347.95
T001860,2025-04-21,S004,P0028,Appliances,,25,32,1,56,15.51,15.51
T001861,2026-03-15,S006,P0059,Plumbing,Plumbing A,54,18,1,71,157.64,157.64
T001862,2025-09-13,S001,P0096,Building Materials,Building Materials B,26,7,1,32,227.48,227.48
T001863,2025-09-22,S003,P0063,Building Materials,Building Materials A,91,16,1,106,82.14,82.14
T001864,2025-01-17,S008,P0012,Paint,Paint A,84,16,2,98,335.5,671.0
T001865,2026-02-28,S011,P0034,Lawn & Garden,Lawn & Garden B,13,60,3,70,257.54,772.62
T001866,2025-04-19,S013,P0080,Plumbing,Plumbing C,23,33,4,52,328.01,1312.04
T001867,2026-03-28,S013,P0020,Paint,Paint B,43,64,3,104,223.09,669.27
T001868,2025-12-18,S007,P0050,Plumbing,Plumbing C,32,64,8,88,104.36,834.88
T001869,2025-07-12,S010,P0058,Plumbing,Plumbing A,12,16,10,18,279.69,2796.9
T001870,2026-06-10,S004,P0006,Paint,Paint B,70,53,2,121,344.02,688.04
T001871,2025-03-17,S014,P0059,Appliances,Appliances B,4,80,1,83,107.64,107.64
T001872,2025-09-15,S006,P0089,Building Materials,Building Materials C,113,14,12,115,116.87,1402.44
T001873,2026-02-02,S005,P0096,Building Materials,Building Materials A,23,20,7,36,198.68,1390.76
T001874,2025-06-30,S011,P0049,Electrical,Electrical C,75,48,7,116,285.33,1997.31
T001875,2025-07-20,S005,P0026,Electrical,Electrical B,115,2,2,115,159.44,318.88
T001876,2025-12-05,S005,P0002,Hardware,Hardware A,1,47,6,42,283.12,1698.72
T001877,2025-11-17,S013,P0025,Paint,Paint B,79,23,3,99,177.92,533.76
T001878,2025-11-21,S004,P0054,Electrical,Electrical A,63,60,3,120,162.7,488.1
T001879,2025-01-18,S002,P0054,Hardware,Hardware B,18,77,3,92,193.62,580.86
T001880,2025-06-04,S005,P0076,Appliances,Appliances A,110,52,4,158,118.32,473.28
T001881,2026-02-16,S007,P0030,Building Materials,Building Materials B,103,19,8,114,236.58,1892.64
T001882,2025-07-04,S007,P0006,Hardware,Hardware A,33,79,13,99,122.65,1594.45
T001883,2025-07-29,S002,P0093,Building Materials,Building Materials C,108,5,2,111,192.1,384.2
T001884,2025-06-10,S014,P0009,Paint,Paint A,19,12,3,28,68.46,205.38
T001885,2026-06-08,S015,P0085,Appliances,Appliances C,19,55,3,71,135.39,406.17
T001886,2025-01-09,S013,P0014,Lawn & Garden,Lawn & Garden A,33,71,4,100,189.55,758.2
T001887,2025-01-01,S013,P0006,Hardware,Hardware A,64,63,2,125,202.95,405.9
T001888,2025-12-02,S012,P0100,Hardware,Hardware C,111,51,1,161,145.39,145.39
T001889,2025-05-13,S005,P0028,Paint,Paint A,18,55,2,71,46.23,92.46
T001890,2025-03-07,S005,P0006,Building Materials,Building Materials C,27,14,2,39,94.5,189.0
T001891,2025-04-25,S008,P0012,Plumbing,Plumbing C,105,52,2,155,160.71,321.42
T001892,2026-06-24,S011,P0013,Building Materials,Building Materials C,14,70,1,83,246.82,246.82
T001893,2025-06-22,S001,P0091,Appliances,Appliances A,25,20,2,43,126.96,253.92
T001894,01/04/2025,S011,P0042,Appliances,Appliances B,34,31,4,61,284.89,1139.56
T001895,2025-12-30,S012,P0071,Building Materials,Building Materials B,78,21,4,95,296.12,1184.48
T001896,2026-02-12,S012,P0069,Hardware,Hardware A,96,55,4,147,289.34,1157.36
T001897,2025-07-31,S010,P0065,Hardware,Hardware C,26,27,8,45,278.04,2224.32
T001898,2025-04-27,S009,P0081,Plumbing,Plumbing B,58,13,4,67,68.55,274.2
T001899,2025-03-18,S003,P0025,Paint,Paint C,25,28,8,45,278.56,2228.48
T001900,2025-08-18,S015,P0045,Building Materials,Building Materials B,93,8,13,88,260.11,3381.43
T001901,2025-01-21,S015,P0052,Hardware,Hardware B,83,5,6,82,139.89,839.34
T001902,2025-01-07,S015,P0082,Lawn & Garden,Lawn & Garden C,83,34,1,116,42.35,42.35
T001903,2026-02-24,S008,P0015,Lawn & Garden,Lawn & Garden C,75,53,4,124,45.85,183.4
T001904,2025-12-25,S008,P0085,Building Materials,Building Materials C,91,19,3,107,239.04,717.12
T001905,2026-01-29,S003,P0098,Lawn & Garden,Lawn & Garden B,12,17,9,20,204.56,1841.04
T001906,2025-06-16,S006,P0044,Building Materials,Building Materials C,55,80,3,132,101.31,303.93
T001907,2025-01-24,S005,P0057,Paint,Paint B,79,52,1,130,56.81,56.81
T001908,2026-02-10,S001,P0063,Lawn & Garden,Lawn & Garden A,76,58,2,132,197.21,394.42
T001909,2025-10-19,S005,P0052,Appliances,Appliances C,77,64,1,140,74.19,74.19
T001910,2026-04-15,S011,P0067,Electrical,Electrical A,74,68,11,131,144.34,1587.74
T001911,2025-01-29,S005,P0034,Electrical,Electrical A,21,65,3,83,278.98,836.94
T001912,2025-02-02,S007,P0021,Building Materials,Building Materials B,51,37,1,87,21.37,21.37
T001913,2025-10-05,S014,,Electrical,Electrical B,98,28,9,117,185.87,1672.83
T001914,2025-02-12,S008,P0043,Electrical,Electrical C,70,30,11,89,286.66,3153.26
T001915,2025-04-19,S006,P0071,Hardware,Hardware A,118,57,3,172,12.98,38.94
T001916,2025-12-20,S007,P0093,Plumbing,Plumbing C,75,76,1,150,145.93,145.93
T001917,2026-02-01,S002,P0038,Lawn & Garden,Lawn & Garden B,24,56,2,78,270.4,540.8
T001918,2026-04-05,S001,P0073,Lawn & Garden,Lawn & Garden B,116,2,2,116,320.58,641.16
T001919,2025-02-05,S002,P0004,Paint,Paint A,113,15,3,125,154.28,462.84
T001920,2025-09-16,S010,P0017,Lawn & Garden,Lawn & Garden A,35,43,1,77,142.54,142.54
T001921,2026-01-19,S005,P0022,Appliances,Appliances B,99,16,6,109,56.48,338.88
T001922,2026-05-05, S006 ,P0018,Hardware,Hardware A,109,23,1,131,71.01,71.01
T001923,2025-10-29,S013,P0057,Appliances,Appliances B,61,49,7,103,178.63,1250.41
T001924,2025-08-17,S007,P0077,Electrical,Electrical A,105,29,8,126,40.97,327.76
T001925,2025-05-21,S006,P0037,Paint,Paint B,21,76,2,95,82.61,165.22
T001926,2025-04-04,S015,P0009,Paint,Paint B,99,18,3,114,89.0,267.0
T001927,2025-09-10,S006,P0080,Lawn & Garden,Lawn & Garden B,41,70,9,102,251.63,2264.67
T001928,2025-12-21,S012,P0018,Plumbing,Plumbing B,14,64,5,73,42.68,213.4
T001929,2025-12-11,S009,P0007,Plumbing,Plumbing C,39,76,2,113,24.13,48.26
T001930,2026-01-10,S004,P0082,Electrical,Electrical A,111,67,2,176,109.77,219.54
T001931,2026-04-18,S006,P0016,Lawn & Garden,Lawn & Garden B,73,58,4,127,248.2,992.8
T001932,2025-12-08,S008,P0030,Lawn & Garden,Lawn & Garden C,24,15,11,28,18.36,201.96
T001933,2025-07-25,S014,P0031,Paint,Paint C,23,54,2,75,322.11,644.22
T001934,2025-03-11,S013,P0046,Building Materials,Building Materials B,25,1,2,24,193.81,387.62
T001935,2025-11-17,S002,P0024,Hardware,Hardware C,41,27,3,65,112.56,337.68
T001936,2026-06-09,S002,P0007,Lawn & Garden,Lawn & Garden C,45,54,3,96,303.31,909.93
T001937,2025-03-31,S008,P0095,Hardware,Hardware C,20,75,4,91,137.58,550.32
T001938,2025-08-03,S003,P0051,Lawn & Garden,Lawn & Garden C,113,48,3,158,204.85,614.55
T001939,2025-01-30,S001,P0089,Appliances,Appliances A,70,43,7,106,190.03,1330.21
T001940,2025-12-15,S002,P0021,Paint,Paint A,52,66,1,117,192.78,192.78
T001941,2026-06-11,S009,P0100,Electrical,Electrical C,115,78,4,189,264.87,1059.48
T001942,2026-01-15,S015,P0100,Hardware,Hardware B,73,44,4,113,225.21,900.84
T001943,2025-02-22,S003,P0023,Appliances,Appliances B,59,68,1,126,262.86,262.86
T001944,2025-05-21,S009,P0039,Lawn & Garden,Lawn & Garden A,116,57,4,169,226.64,906.56
T001945,2026-06-26,S015,P0039,Electrical,Electrical B,101,34,4,131,285.32,1141.28
T001946,2026-06-20,S009,P0051,Appliances,Appliances A,27,3,1,29,70.32,70.32
T001947,2025-04-27,S002,P0100,Lawn & Garden,Lawn & Garden A,62,68,1,129,216.54,216.54
T001948,2025-01-24,S013,P0095,Lawn & Garden,Lawn & Garden C,107,73,9,171,321.59,2894.31
T001949,2025-02-18,S006,P0048,Building Materials,Building Materials C,118,54,2,170,302.61,605.22
T001950,2025-11-17,S009,P0096,Lawn & Garden,Lawn & Garden A,59,1,1,59,266.05,266.05
T001951,2025-01-21,S012,P0096,Appliances,Appliances A,100,74,1,173,204.88,204.88
T001952,2026-05-01,S003,P0040,Paint,Paint B,31,54,1,84,127.55,127.55
T001953,2025-04-14,S012,P0065,Appliances,Appliances A,7,17,3,21,104.93,314.79
T001954,2025-12-18,S013,P0090,Plumbing,Plumbing C,48,51,1,98,177.7,177.7
T001955,2026-02-15,S004,P0073,Building Materials,Building Materials B,79,7,5,81,90.76,453.8
T001956,2026-03-17,S006,P0012,Paint,Paint B,31,11,1,41,162.02,162.02
T001957,2026-05-15,S003,P0073,Electrical,Electrical B,14,12,4,22,278.13,1112.52
T001958,2025-05-18,S015,P0066,Building Materials,Building Materials B,58,3,8,53,174.27,1394.16
T001959,2026-01-23,S001,P0053,Electrical,Electrical A,66,10,8,68,108.88,871.04
T001960,2026-02-27,S001,P0010,Appliances,Appliances C,59,41,4,96,349.72,1398.88
T001961,2025-11-03,S014,P0053,electrical,Electrical A,15,4,1,18,341.56,341.56
T001962,2025-08-08,S005,P0002,Building Materials,Building Materials B,54,17,3,68,151.54,454.62
T001963,2025-10-05,S002,P0059,Lawn & Garden,Lawn & Garden C,40,27,4,63,86.63,346.52
T001964,2026-05-23,S005,P0052,Paint,Paint C,80,0,14,66,302.21,4230.94
T001965,2026-06-06,S013,P0059,Electrical,Electrical B,44,14,1,57,266.0,266.0
T001966,2026-04-10,S014,P0018,Hardware,Hardware A,113,25,3,135,163.1,489.3
T001967,2025-05-03,S013,P0014,Hardware,Hardware B,98,4,5,97,273.28,1366.4
T001968,2025-03-08,S008,P0065,Building Materials,Building Materials C,83,45,3,125,168.7,506.1
T001969,2026-05-02,S001,P0058,Plumbing,Plumbing B,91,1,3,89,40.25,120.75
T001970,2025-07-17,S014,P0066,Paint,Paint B,23,69,1,91,339.51,339.51
T001971,2025-02-10,S002,P0034,Paint,Paint A,29,10,6,33,302.93,1817.58
T001972,2025-01-08,S013,P0035,Electrical,Electrical A,90,63,3,150,14.73,44.19
T001973,2025-06-13,S006,P0035,Plumbing,Plumbing A,82,9,3,88,295.34,886.02
T001974,2025-05-28,S013,P0019,Electrical,Electrical C,3,75,6,72,333.62,2001.72
T001975,2025-09-19,S007,P0074,Building Materials,Building Materials A,10,63,2,71,68.69,137.38
T001976,2025-08-08,S007,P0023,Appliances,Appliances A,79,6,7,78,190.48,1333.36
T001977,2026-01-26,S001,P0028,Hardware,Hardware A,51,57,1,107,59.06,59.06
T001978,2025-02-05,S010,P0005,Electrical,Electrical A,102,53,4,151,141.7,566.8
T001979,2025-02-01,S006,P0002,Hardware,Hardware B,3,7,1,9,214.88,214.88
T001980,2025-01-13,S013,P0004,Hardware,Hardware A,11,24,1,34,218.44,218.44
T001981,2025-04-22,S009,P0027,Plumbing,Plumbing B,95,65,11,149,201.7,2218.7
T001982,2025-05-03,S013,P0004,Plumbing,Plumbing B,118,35,1,152,116.14,116.14
T001983,2025-06-21,S013,P0071,Appliances,Appliances B,58,32,3,87,293.31,879.93
T001984,2025-08-19,S005,P0098,Electrical,Electrical A,18,11,1,28,70.81,70.81
T001985,2025-10-04,S002,P0097,Building Materials,Building Materials C,85,2,7,80,320.54,2243.78
T001986,2026-05-01,S007,P0024,Lawn & Garden,Lawn & Garden A,23,53,2,74,79.22,158.44
T001987,2026-04-27,S002,P0053,Paint,Paint B,38,71,6,103,214.12,1284.72
T001988,2026-01-03,S009,P0075,Electrical,Electrical A,16,13,5,24,138.73,693.65
T001989,2025-04-04,S013,P0022,Hardware,Hardware C,96,36,13,119,309.25,4020.25
T001990,2026-03-15,S011,P0066,Hardware,Hardware A,48,7,1,54,81.15,81.15
T001991,2025-01-25,S012,P0066,Building Materials,Building Materials B,71,11,1,81,288.74,288.74
T001992,2025-05-14,S007,P0011,Electrical,Electrical A,73,67,6,134,25.22,151.32
T001993,2025-05-11,S013,P0026,Electrical,Electrical A,34,65,4,95,103.28,413.12
T001994,2025-05-01,S010,P0029,Lawn & Garden,Lawn & Garden B,55,23,2,76,116.95,233.9
T001995,2025-07-24,S012,P0096,Hardware,Hardware C,18,1,11,8,329.07,3619.77
T001996,2025-01-03,S001,P0008,Appliances,Appliances C,31,37,3,65,185.5,556.5
T001997,2025-01-05,S009,P0001,Lawn & Garden,Lawn & Garden C,72,11,1,82,270.7,270.7
T001998,2025-04-05,S010,P0050,Plumbing,Plumbing C,105,30,6,129,222.7,1336.2
T001999,2026-06-29,S010,P0099,Paint,Paint B,79,5,3,81,261.08,783.24
T002000,2025-03-26,S007,P0071,Hardware,Hardware B,5,6,3,8,140.87,422.61
T002001,2025-10-11,S004,P0088,Building Materials,Building Materials B,12,31,5,38,48.61,243.05
T002002,2025-11-22,S011,P0012,Lawn & Garden,Lawn & Garden C,88,33,5,116,228.85,1144.25
T002003,2025-06-03,S004,P0003,Paint,Paint B,85,1,1,85,283.28,283.28
T002004,2026-02-25,S008,P0004,Electrical,Electrical B,77,76,2,151,330.66,661.32
T002005,2026-03-19,S003,P0057,Paint,Paint A,70,17,1,86,40.66,40.66
T002006,2025-04-04,S009,P0089,Building Materials,Building Materials A,65,57,4,118,231.2,924.8
T002007,2026-02-05,S001,P0019,Lawn & Garden,Lawn & Garden B,8,63,11,60,179.27,1971.97
T002008,2026-01-03,S004,P0082,hardware,Hardware B,119,28,1,146,62.64,62.64
T002009,2025-04-07,S009,P0099,Building Materials,Building Materials C,13,70,1,82,247.82,247.82
T002010,2025-12-02,S010,P0045,Appliances,Appliances B,114,50,1,163,235.62,235.62
T002011,2025-02-26,S007,P0034,Hardware,Hardware A,16,71,2,85,26.39,52.78
T002012,2025-06-29,S015,P0026,Building Materials,Building Materials C,118,80,5,193,259.37,1296.85
T002013,2025-09-28,S012,P0069,Electrical,Electrical A,54,55,2,107,178.23,356.46
T002014,2025-09-22,S007,P0040,Paint,Paint A,39,22,4,57,339.96,1359.84
T002015,2025-11-04,S014,,Appliances,Appliances A,42,30,2,70,220.74,441.48
T002016,2025-07-29,S005,P0094,Hardware,Hardware A,44,71,2,113,96.74,193.48
T002017,06/17/2025,S013,P0041,Appliances,Appliances C,105,58,1,162,240.35,240.35
T002018,2026-02-06,S012,P0054,Plumbing,Plumbing B,119,51,1,169,327.75,327.75
T002019,2026-03-29,S014,P0053,Lawn & Garden,Lawn & Garden B,108,34,5,137,182.64,913.2
T002020,2025-06-13,S001,P0075,Paint,Paint A,4,52,2,54,131.67,263.34
T002021,2026-05-10,S003,P0039,Building Materials,Building Materials A,34,26,4,56,115.12,460.48
T002022,2026-01-23,S003,P0071,Appliances,Appliances A,101,55,1,155,37.71,37.71
T002023,2025-09-20,S013,P0074,Building Materials,Building Materials A,84,35,3,116,339.7,1019.1
T002024,2026-05-20,S004,P0100,Lawn & Garden,Lawn & Garden C,18,59,1,76,35.47,35.47
T002025,2025-12-12,S010,P0087,Plumbing,Plumbing B,110,64,2,172,179.15,358.3
T002026,2026-03-06,S001,P0069,Hardware,Hardware B,99,2,1,100,96.81,96.81
T002027,2025-04-04,S014,P0021,Electrical,Electrical B,95,35,7,123,75.06,525.42
T002028,2026-02-16,S005,P0007,Lawn & Garden,Lawn & Garden C,54,0,1,53,333.26,333.26
T002029,2026-06-02,S001,P0050,Appliances,Appliances A,89,25,2,112,63.8,127.6
T002030,2025-02-20,S002,P0011,Plumbing,Plumbing B,1,26,4,23,19.09,76.36
T002031,2026-05-24,S002,P0096,Lawn & Garden,Lawn & Garden B,71,53,6,118,268.58,1611.48
T002032,2025-06-09,S006,P0098,Paint,Paint C,96,6,6,96,218.96,1313.76
T002033,2026-04-23,S006,P0068,Plumbing,Plumbing B,80,15,3,92,323.07,969.21
T002034,06/19/2025,S002,P0091,Appliances,Appliances B,71,67,3,135,323.54,970.62
T002035,2025-05-21,S008,P0100,Lawn & Garden,Lawn & Garden A,59,14,7,66,252.55,1767.85
T002036,2025-04-24,S010,P0100,Hardware,Hardware A,25,76,3,98,52.38,157.14
T002037,2026-05-18,S002,P0100,Lawn & Garden,Lawn & Garden A,107,29,3,133,173.93,521.79
T002038,2025-01-08,S013,P0024,Electrical,Electrical C,92,70,7,155,13.1,91.7
T002039,2025-01-16,S011,P0022,Electrical,Electrical C,24,17,14,27,304.9,4268.6
T002040,2025-05-05,S010,P0051,Appliances,Appliances B,97,48,4,141,214.04,856.16
T002041,2025-01-21,S013,P0050,Hardware,Hardware C,8,55,4,59,241.46,965.84
T002042,2026-01-09,S012,P0090,Building Materials,Building Materials A,94,14,6,102,118.07,708.42
T002043,2025-01-05,S015,P0062,Appliances,Appliances A,5,66,7,64,75.59,529.13
T002044,2025-04-26,S009,P0080,Plumbing,Plumbing A,36,69,6,99,205.64,1233.84
T002045,2025-04-20,S007,P0095,Lawn & Garden,Lawn & Garden A,40,29,2,67,286.4,572.8
T002046,2026-01-09,S013,P0098,Paint,Paint C,89,37,4,122,346.29,1385.16
T002047,2025-12-04,S005,P0030,Lawn & Garden,Lawn & Garden A,41,2,6,37,39.97,239.82
T002048,2025-09-23,S003,P0099,Hardware,Hardware C,74,54,8,120,288.53,2308.24
T002049,2025-11-25,S013,P0096,Plumbing,Plumbing A,98,9,2,105,54.79,109.58
T002050,2025-08-28,S006,P0076,Plumbing,Plumbing C,12,43,4,51,178.23,712.92
T002051,2026-04-18,S004,P0021,Paint,Paint B,37,37,4,70,14.45,57.8
T002052,2026-03-09,S008,P0099,Hardware,Hardware A,8,56,3,61,20.54,61.62
T002053,2025-05-06,S007,P0047,Plumbing,Plumbing B,61,68,4,125,266.11,1064.44
T002054,2025-08-10,S008,P0013,Electrical,Electrical B,67,2,20,49,342.72,6854.4
T002055,2025-11-05,S014,P0065,Electrical,Electrical C,23,49,2,70,164.98,329.96
T002056,2026-02-08,S009,P0088,Hardware,Hardware A,23,71,3,91,313.58,940.74
T002057,2025-09-14,S001,P0018,Hardware,Hardware C,87,26,1,112,313.19,313.19
T002058,2025-12-13,S012,P0027,Lawn & Garden,Lawn & Garden B,88,17,1,104,170.75,170.75
T002059,2026-06-01,S010,P0061,Appliances,Appliances B,88,3,4,87,314.4,1257.6
T002060,2025-08-28,S001,P0023,Paint,Paint B,99,30,6,123,274.82,1648.92
T002061,2025-05-29,S004,P0061,Lawn & Garden,Lawn & Garden B,115,41,6,150,261.83,1570.98
T002062,2025-11-18,S011,P0025,Paint,Paint C,57,7,1,63,118.01,118.01
T002063,2025-12-14,S005,P0045,Building Materials,Building Materials B,75,3,5,73,298.88,1494.4
T002064,2026-05-04,S014,P0027,Hardware,Hardware C,58,26,3,81,294.35,883.05
T002065,2026-05-09,S002,P0014,Plumbing,Plumbing A,106,47,2,151,293.88,587.76
T002066,2025-04-20,S003,P0055,Appliances,Appliances B,113,69,1,181,61.9,61.9
T002067,2025-08-27,S006,P0005,Building Materials,Building Materials A,74,1,1,74,293.76,293.76
T002068,2025-07-04,S007,P0096,Lawn & Garden,Lawn & Garden C,113,34,4,143,12.76,51.04
T002069,2026-03-09,S001,P0070,Plumbing,Plumbing A,113,2,4,111,162.1,648.4
T002070,2026-04-02,S001,P0100,Electrical,Electrical C,4,37,3,38,11.69,35.07
T002071,2025-09-17,S007,P0036,Lawn & Garden,Lawn & Garden A,110,56,1,165,299.66,299.66
T002072,2025-01-06,S004,P0070,Lawn & Garden,Lawn & Garden A,96,41,3,134,261.57,784.71
T002073,2025-11-29,S012,P0014,Lawn & Garden,Lawn & Garden A,28,16,2,42,260.45,520.9
T002074,2025-03-31,S015,P0021,Lawn & Garden,Lawn & Garden A,28,44,4,68,289.21,1156.84
T002075,2025-03-02,S014,P0017,Hardware,Hardware C,50,42,7,85,151.57,1060.99
T002076,2025-12-31,S010,P0027,hardware,Hardware B,80,75,2,153,221.21,442.42
T002077,2026-03-22,S014,P0039,Appliances,Appliances B,46,52,3,95,263.88,791.64
T002078,2025-04-16,S014,P0073,Plumbing,Plumbing A,21,23,11,33,211.5,2326.5
T002079,2025-09-01,S001,P0080,Electrical,Electrical B,116,4,4,116,193.44,773.76
T002080,2025-09-11,S003,P0027,Appliances,Appliances A,8,5,3,10,91.68,275.04
T002081,2025-03-02,S010,P0015,Paint,Paint A,36,42,1,77,346.34,346.34
T002082,2026-06-01,S013,P0071,Lawn & Garden,Lawn & Garden B,26,79,5,100,245.74,1228.7
T002083,2025-09-10,S015,P0051,Building Materials,Building Materials C,0,68,1,67,153.95,153.95
T002084,2025-08-25,S003,P0016,Plumbing,Plumbing B,11,20,7,24,265.41,1857.87
T002085,2026-02-07,S015,P0041,Plumbing,Plumbing C,17,7,5,19,213.59,1067.95
T002086,2026-05-08,S005,P0059,Lawn & Garden,Lawn & Garden B,8,1,2,7,103.03,206.06
T002087,2025-07-28,S006,P0058,Lawn & Garden,Lawn & Garden A,23,50,1,72,208.4,208.4
T002088,2026-02-15,S007,P0017,Plumbing,Plumbing B,19,65,1,83,169.92,169.92
T002089,2025-05-26,S001,P0090,Lawn & Garden,Lawn & Garden B,103,29,1,131,49.2,49.2
T002090,2026-06-30,S006,P0035,Plumbing,Plumbing A,24,21,4,41,100.5,402.0
T002091,2025-12-30,S006,P0002,Appliances,Appliances B,98,17,1,114,79.78,79.78
T002092,2025-02-20,S014,P0067,Hardware,Hardware B,59,17,3,73,321.73,965.19
T002093,2025-09-15,S003,P0017,Appliances,Appliances C,90,32,2,120,194.48,388.96
T002094,2025-04-23,S003,P0076,Paint,Paint A,69,61,2,128,111.46,222.92
T002095,2025-07-23,S015,P0027,Building Materials,Building Materials A,71,55,4,122,209.41,837.64
T002096,2025-12-15,S012,P0060,Lawn & Garden ,Lawn & Garden C,55,35,2,88,107.12,214.24
T002097,2026-01-03,S009,P0095,Lawn & Garden,Lawn & Garden A,69,21,3,87,291.7,875.1
T002098,2025-05-19,S013,P0052,Building Materials,Building Materials A,34,50,7,77,260.96,1826.72
T002099,2025-08-10,S011,P0100,Plumbing,Plumbing B,10,74,5,79,260.09,1300.45
T002100,2025-01-09,S002,P0097,Lawn & Garden,Lawn & Garden A,101,51,2,150,128.61,257.22
T002101,2026-02-26,S010,P0025,Plumbing,Plumbing B,82,1,3,80,309.24,927.72
T002102,2025-10-08,S005,P0012,Lawn & Garden,Lawn & Garden C,1,1,2,0,67.85,135.7
T002103,2026-03-31,S003,P0006,Hardware,Hardware B,117,43,2,158,8.08,16.16
T002104,2025-07-09,S008,P0009,Plumbing,Plumbing B,2,29,3,28,229.28,687.84
T002105,2025-09-09,S013,P0048,Building Materials,Building Materials C,17,20,1,36,219.76,219.76
T002106,2026-01-27,S012,P0001,Appliances,Appliances B,119,67,1,185,338.06,338.06
T002107,2026-02-14,S015,P0015,Paint,Paint C,107,7,1,113,150.95,150.95
T002108,2026-06-23,S006,P0092,Appliances,Appliances A,29,59,4,84,203.78,815.12
T002109,2025-05-31,S011,P0029,Appliances,Appliances A,113,25,5,133,344.2,1721.0
T002110,2025-09-23,S012,P0037,Appliances,Appliances B,120,25,5,140,110.49,552.45
T002111,2025-04-30,S004,P0096,Hardware,Hardware A,84,49,1,132,166.66,166.66
T002112,2025-02-02,S014,P0055,Paint,Paint A,77,37,3,111,278.19,834.57
T002113,2025-03-13,S006,P0061,Plumbing,Plumbing B,70,56,2,124,42.23,84.46
T002114,2025-07-13,S005,P0023,Paint,Paint A,21,36,3,54,22.08,66.24
T002115,2026-05-24,S004,P0022,Electrical,Electrical B,42,25,2,65,154.51,309.02
T002116,2025-01-12,S006,P0022,Plumbing,Plumbing B,47,28,4,71,272.27,1089.08
T002117,2025-10-15,S008,P0089,Building Materials,Building Materials A,93,34,1,126,184.38,184.38
T002118,2025-08-21,S014,P0065,Electrical,Electrical C,61,34,7,88,310.89,2176.23
T002119,2025-01-17,S010,P0005,Plumbing,Plumbing A,9,33,7,35,171.12,1197.84
T002120,2026-02-25,S002,P0095,Electrical,Electrical A,116,66,4,178,163.82,655.28
T002121,2025-03-26,S013,P0070,Hardware,Hardware C,44,53,6,91,337.35,2024.1
T002122,2026-02-02,S004,P0097,Hardware,Hardware C,115,8,1,122,324.22,324.22
T002123,2026-06-14,S010,P0096,Lawn & Garden,Lawn & Garden A,19,57,7,69,328.93,2302.51
T002124,2026-06-14,S006,P0040,Appliances,Appliances C,107,71,4,174,163.41,653.64
T002125,2026-03-15,S006,P0005,Appliances,Appliances A,56,34,1,89,249.41,249.41
T002126,2026-05-10,S008,P0083,Paint,Paint A,51,60,1,110,15.61,15.61
T002127,2025-07-07,S003,P0095,Hardware,Hardware B,60,73,9,124,311.65,2804.85
T002128,2026-04-08,S011,P0066,Lawn & Garden,Lawn & Garden B,64,42,5,101,120.55,602.75
T002129,2025-07-30,S007,P0074,Building Materials,Building Materials B,21,65,2,84,240.47,480.94
T002130,2026-02-14,S012,P0004,Plumbing,Plumbing B,81,41,1,121,281.2,281.2
T002131,2025-05-23,S012,P0016,Hardware,Hardware A,109,71,7,173,97.73,684.11
T002132,2026-03-30,S007,P0004,Hardware,Hardware A,7,8,1,14,71.89,71.89
T002133,2025-01-16,S004,P0061,Plumbing,Plumbing C,98,65,2,161,206.82,413.64
T002134,2025-06-13,S002,P0063,Lawn & Garden,Lawn & Garden A,41,26,2,65,151.19,302.38
T002135,2025-01-07,S007,P0069,Plumbing,Plumbing B,21,51,1,71,216.88,216.88
T002136,2025-08-29,S011,P0012,Plumbing,Plumbing A,38,76,2,112,335.51,671.02
T002137,2026-03-05,S001,P0058,hardware,Hardware C,78,43,3,118,69.43,208.29
T002138,2026-06-28,S005,P0021,Building Materials,Building Materials C,95,35,2,128,320.06,640.12
T002139,2025-03-19,S012,P0060,Lawn & Garden,Lawn & Garden A,64,0,4,60,149.69,598.76
T002140,2025-04-27,S015,P0044,Paint,Paint C,96,6,9,93,206.33,1856.97
T002141,2025-05-26,S009,P0084,Appliances,Appliances B,120,57,1,176,8.5,8.5
T002142,2025-06-09,S011,P0053,Electrical,Electrical A,6,26,3,29,160.62,481.86
T002143,2025-03-09,S003,P0059,Hardware,Hardware A,76,53,1,128,188.81,188.81
T002144,2026-06-24,S013,P0042,Appliances,Appliances C,58,18,1,75,298.93,298.93
T002145,2025-07-08,S011,P0083,Hardware,Hardware C,9,53,6,56,102.26,613.56
T002146,2026-01-30,S003,P0015,Plumbing,Plumbing B,16,1,4,13,146.9,587.6
T002147,2025-05-03,S001,P0059,Paint,Paint A,53,24,1,76,348.04,348.04
T002148,2026-01-26,S011,P0081,Building Materials,Building Materials C,66,62,2,126,94.55,189.1
T002149,2025-05-27,S003,P0039,Paint,Paint B,76,2,1,77,81.51,81.51
T002150,2026-01-08,S001,P0032,Building Materials,Building Materials C,72,57,2,127,319.04,638.08
T002151,2026-01-21,S013,P0084,Hardware,Hardware A,96,37,5,128,53.1,265.5
T002152,2025-11-12,S006,P0006,Electrical,,54,32,5,81,246.85,1234.25
T002153,2026-01-12,S005,P0100,Paint,Paint A,111,51,2,160,340.05,680.1
T002154,2025-05-31,S006,P0016,Plumbing,Plumbing C,63,31,6,88,202.92,1217.52
T002155,2025-07-22,S004,P0017,Hardware,Hardware A,103,59,8,154,138.36,1106.88
T002156,2025-03-17,S006,P0017,Lawn & Garden,Lawn & Garden B,62,22,5,79,201.9,1009.5
T002157,2026-02-01,S003,P0024,Hardware,Hardware C,1,49,2,48,220.0,440.0
T002158,2026-02-22,S004,P0023,Electrical,Electrical B,75,76,3,148,216.71,650.13
T002159,2025-09-11,S006,P0028,Plumbing,Plumbing C,110,51,9,152,259.3,2333.7
T002160,2026-01-17,S007,P0100,Appliances,Appliances B,32,67,2,97,49.52,99.04
T002161,2025-09-10,S006,P0013,Building Materials,Building Materials C,24,76,5,95,188.54,942.7
T002162,2025-03-10,S005,P0038,Appliances,Appliances C,89,59,1,147,342.78,342.78
T002163,2025-03-10,S012,P0040,Paint,Paint C,4,36,6,34,85.58,513.48
T002164,2025-07-29,S013,P0067,Lawn & Garden,Lawn & Garden B,115,69,1,183,117.92,117.92
T002165,2025-12-02,S007,P0086,Electrical,Electrical A,85,17,3,99,261.86,785.58
T002166,2025-06-04,S009,P0008,Building Materials,Building Materials A,29,3,4,28,123.2,492.8
T002167,2025-04-15,S005,P0080,Lawn & Garden,Lawn & Garden C,117,72,10,179,145.03,1450.3
T002168,2025-02-04,S014,P0084,Electrical,Electrical B,112,0,3,109,190.61,571.83
T002169,2026-04-05,S007,P0079,Hardware,Hardware A,55,73,2,126,328.26,656.52
T002170,2025-10-25,S005,P0001,Building Materials,Building Materials B,15,20,2,33,175.84,351.68
T002171,2025-11-20,S002,P0052,Appliances,Appliances A,63,25,6,82,177.7,1066.2
T002172,2025-08-20,S002,P0054,Plumbing,Plumbing C,22,5,4,23,268.53,1074.12
T002173,2025-03-14,S004,P0076,Lawn & Garden,Lawn & Garden B,58,5,5,58,74.13,370.65
T002174,2025-11-14,S014,P0036,Hardware,Hardware B,0,34,9,25,196.08,1764.72
T002175,2025-05-12,S004,P0100,Electrical,Electrical A,113,0,3,110,323.67,971.01
T002176,2025-03-15,S011,P0061,Appliances,Appliances C,99,45,4,140,198.62,794.48
T002177,2025-12-22,S005,P0011,Electrical,Electrical B,32,4,2,34,73.86,147.72
T002178,2025-12-19,S009,P0045,Paint,Paint A,103,12,1,114,257.29,257.29
T002179,2026-02-06,S006,P0086,Building Materials,Building Materials C,117,50,2,165,235.91,471.82
T002180,2025-01-12,S004,P0076,Plumbing,Plumbing A,40,39,1,78,253.15,253.15
T002181,2025-06-03,S002,P0023,Plumbing,Plumbing C,26,75,4,97,16.25,65.0
T002182,2025-02-10,S009,P0031,Electrical,Electrical C,87,35,4,118,197.7,790.8
T002183,2025-01-13,S007,P0020,Electrical,Electrical A,43,11,4,50,215.96,863.84
T002184,2025-07-31,S012,P0027,Building Materials,Building Materials B,16,25,1,40,254.52,254.52
T002185,2025-01-22,S015,P0065,Lawn & Garden,Lawn & Garden A,107,55,2,160,268.63,537.26
T002186,2025-02-13,S003,P0077,Appliances,Appliances C,76,78,1,153,252.75,252.75
T002187,2025-10-16,S002,P0029,Appliances,Appliances A,116,18,7,127,240.82,1685.74
T002188,2025-12-13,S001,P0072,Electrical,Electrical A,30,23,3,50,281.72,845.16
T002189,2026-04-11,S011,P0088,Building Materials,Building Materials A,28,76,3,101,14.19,42.57
T002190,2026-01-08,S005,P0092,Electrical,Electrical B,101,7,5,103,256.43,1282.15
T002191,2025-07-21,S008,P0011,Plumbing,Plumbing A,95,9,1,103,106.93,106.93
T002192,2026-03-08,S013,P0063,Hardware,Hardware B,52,23,4,71,53.24,212.96
T002193,2026-01-08,S001,P0030,Building Materials,Building Materials C,94,68,11,151,139.45,1533.95
T002194,2026-04-05,S004,P0001,Hardware,Hardware C,42,6,7,41,145.24,1016.68
T002195,2025-01-09,S001,P0048,Building Materials,Building Materials C,82,11,4,89,189.57,758.28
T002196,2025-05-04,S014,P0002,Building Materials,Building Materials C,15,21,3,33,22.98,68.94
T002197,2025-05-19,S010,P0003,Electrical,Electrical B,25,58,4,79,62.06,248.24
T002198,2025-04-25,S011,P0074,Plumbing,Plumbing A,5,6,8,3,339.46,2715.68
T002199,2026-04-20,S015,P0045,Plumbing,Plumbing B,84,41,8,117,327.58,2620.64
T002200,2025-02-14,S005,P0041,Paint,Paint C,36,36,9,63,337.22,3034.98
T002201,2025-05-04,S009,P0092,Lawn & Garden,Lawn & Garden B,44,67,4,107,126.97,507.88
T002202,2026-02-12,S003,P0052,Plumbing,Plumbing A,87,47,1,133,212.21,212.21
T002203,2026-02-22,S001,P0049,Building Materials,Building Materials B,53,17,11,59,43.07,473.77
T002204,2025-06-07,S007,P0097,Hardware,Hardware A,45,8,1,52,52.83,52.83
T002205,2025-01-05,S008,P0009,Building Materials,Building Materials C,11,54,5,60,256.24,1281.2
T002206,2026-03-27,S001,P0074,Electrical,Electrical A,38,9,1,46,69.3,69.3
T002207,2025-02-27,S007,P0091,Electrical,Electrical C,27,12,3,36,262.91,788.73
T002208,2025-02-25,S012,P0041,Hardware,Hardware A,94,10,2,102,203.85,407.7
T002209,2026-03-22,S015,P0096,Electrical,Electrical C,27,54,9,72,146.38,1317.42
T002210,2025-11-27,S010,P0092,Hardware,Hardware B,71,58,4,125,222.5,890.0
T002211,2025-07-10,S012,P0032,paint,Paint B,102,11,3,110,297.87,893.61
T002212,2025-07-10,S001,P0021,Lawn & Garden,Lawn & Garden B,30,27,4,53,155.91,623.64
T002213,2026-05-06,S013,P0028,Paint,Paint A,110,51,1,160,79.93,79.93
T002214,2025-11-26,S013,P0031,Building Materials,Building Materials B,114,58,1,171,327.69,327.69
T002215,2026-03-26,S015,P0061,Building Materials,Building Materials C,20,28,2,46,327.1,654.2
T002216,2025-09-02,S003,P0088,Appliances,Appliances C,88,0,5,83,40.12,200.6
T002217,06/13/2026,S005,P0036,Building Materials,Building Materials A,63,9,1,71,336.84,336.84
T002218,2026-05-10,S014,P0043,Electrical,Electrical A,34,43,3,74,120.26,360.78
T002219,2026-03-23, S012 ,P0073,Lawn & Garden,Lawn & Garden C,70,28,3,95,31.75,95.25
T002220,2025-09-09,S011,P0028,Building Materials,Building Materials A,55,80,2,133,272.52,545.04
T002221,2026-04-24,S004,P0028,Appliances,Appliances B,64,4,2,66,311.25,622.5
T002222,2026-03-30,S004,P0001,Lawn & Garden,Lawn & Garden B,48,4,3,49,25.91,77.73
T002223,2025-05-19,S005,P0081,Appliances,Appliances C,81,60,1,140,289.84,289.84
T002224,2025-10-04,S011,P0003,Paint,Paint B,97,46,5,138,169.85,849.25
T002225,2025-01-03,S014,P0056,Building Materials,Building Materials A,31,51,1,81,296.23,296.23
T002226,2026-02-18,S007,P0034,Paint,Paint A,57,34,2,89,104.69,209.38
T002227,2025-08-11,S012,P0076,Plumbing,Plumbing C,95,73,9,159,240.35,2163.15
T002228,2025-03-21,S010,P0033,Paint,Paint C,75,79,5,149,154.12,770.6
T002229,2025-08-01,S014,P0019,Hardware,Hardware B,16,16,1,31,109.44,109.44
T002230,2025-05-14,S003,P0013,Paint,Paint C,119,68,1,186,208.32,208.32
T002231,2025-10-23,S015,P0072,Electrical,Electrical A,0,9,4,5,94.01,376.04
T002232,2025-06-17,S015,P0018,Building Materials,Building Materials C,90,38,2,126,340.48,680.96
T002233,2025-06-15,S007,P0044,Paint,Paint B,89,62,3,148,263.31,789.93
T002234,2025-05-12,S008,P0027,Lawn & Garden,Lawn & Garden C,61,7,5,63,194.74,973.7
T002235,2026-06-19,S007,P0007,Paint,Paint A,25,32,6,51,345.71,2074.26
T002236,2025-10-05,S001,P0051,Plumbing ,Plumbing C,54,56,2,108,119.0,238.0
T002237,2025-09-05,S014,P0001,Lawn & Garden,Lawn & Garden B,50,15,3,62,60.72,182.16
T002238,2025-03-27,S007,P0050,Building Materials,Building Materials A,41,45,4,82,41.84,167.36
T002239,2025-10-12,S008,P0043,Paint,Paint C,41,41,4,78,331.88,1327.52
T002240,2025-06-26,S008,P0033,Hardware,Hardware B,6,49,3,52,9.96,29.88
T002241,2026-06-28,S005,P0017,Paint,Paint A,53,48,8,93,130.24,1041.92
T002242,2025-11-06,S002,,Plumbing,Plumbing C,60,37,4,93,209.35,837.4
T002243,2026-02-21,S007,P0069,Appliances,Appliances C,107,40,5,142,273.23,1366.15
T002244,2025-09-09,S004,P0053,Appliances,Appliances C,119,34,4,149,110.02,440.08
T002245,2025-02-16,S006,P0089,Paint,Paint A,94,68,1,161,192.87,192.87
T002246,2025-03-12,S005,P0028,Paint,Paint C,98,55,1,152,12.14,12.14
T002247,2026-05-14,S014,P0018,Electrical,Electrical B,71,34,1,104,346.59,346.59
T002248,2025-11-02,S015,P0041,Appliances,Appliances B,96,48,6,138,77.99,467.94
T002249,2025-01-15,S006,P0074,Hardware,Hardware C,28,73,1,100,226.59,226.59
T002250,2025-02-16,S011,P0018,Hardware,Hardware A,78,32,2,108,65.66,131.32
T002251,2025-08-27,S006,P0012,Lawn & Garden,Lawn & Garden C,17,42,2,57,341.44,682.88
T002252,2025-11-16,S001,P0020,Building Materials,Building Materials A,56,58,2,112,200.72,401.44
T002253,2025-04-27,S005,P0085,Appliances,Appliances C,94,34,2,126,315.58,631.16
T002254,2026-05-28,S013,P0067,Paint,Paint A,40,66,9,97,294.97,2654.73
T002255,2026-03-07,S004,P0021,Paint,Paint A,114,54,1,167,65.56,65.56
T002256,10/14/2025,S008,P0022,Hardware,Hardware B,66,26,7,85,108.05,756.35
T002257,2026-02-17,S014,P0024,Lawn & Garden,Lawn & Garden A,82,11,2,91,232.76,465.52
T002258,2025-04-03,S009,P0060,Lawn & Garden,Lawn & Garden A,18,48,6,60,108.86,653.16
T002259,2025-01-24,S015,P0054,Building Materials,Building Materials A,92,18,3,107,53.66,160.98
T002260,2025-01-28,S015,P0020,Building Materials,Building Materials A,105,73,1,177,169.26,169.26
T002261,2025-11-20,S014,P0035,Plumbing,Plumbing C,81,57,8,130,193.42,1547.36
T002262,2026-04-03,S006,P0075,Paint,Paint B,101,56,7,150,32.15,225.05
T002263,2025-02-10,S012,P0058,Building Materials,Building Materials B,45,74,1,118,183.85,183.85
T002264,2026-01-14,S010,P0066,Plumbing,Plumbing C,21,51,5,67,222.5,1112.5
T002265,2026-02-25,S009,P0027,Appliances,Appliances A,87,61,2,146,336.14,672.28
T002266,2025-07-04,S015,P0015,Paint,Paint C,80,42,1,121,214.1,214.1
T002267,2026-06-20,S007,P0083,Plumbing,Plumbing C,12,65,1,76,276.18,276.18
T002268,2025-01-08,S007,P0052,Paint,Paint C,15,6,8,13,20.53,164.24
T002269,2025-05-28,S009,P0050,Lawn & Garden,Lawn & Garden A,115,65,6,174,84.58,507.48
T002270,2026-04-11,S004,P0006,Paint,Paint B,62,41,2,101,23.13,46.26
T002271,2025-08-19,S006,P0025,Electrical,Electrical C,102,62,8,156,160.56,1284.48
T002272,2025-08-12,S006,P0013,Electrical,Electrical B,87,40,7,120,224.19,1569.33
T002273,2026-06-22,S010,P0062,Lawn & Garden,Lawn & Garden C,28,66,1,93,307.99,307.99
T002274,2026-06-06,S004,P0069,Appliances,,39,61,9,91,114.49,1030.41
T002275,2025-08-21,S013,P0083,Electrical,Electrical A,68,56,2,122,75.87,151.74
T002276,2025-03-18,S001,P0096,Lawn & Garden,Lawn & Garden C,111,57,2,166,157.77,315.54
T002277,2025-11-06,S011,P0100,Electrical,Electrical B,37,33,1,69,153.81,153.81
T002278,2025-08-26,S007,P0099,Paint,Paint B,104,2,1,105,334.19,334.19
T002279,2025-08-12,S008,P0098,Lawn & Garden,Lawn & Garden C,15,45,2,58,79.24,158.48
T002280,2025-05-31,S008,P0085,Building Materials,Building Materials A,71,26,4,93,182.09,728.36
T002281,2026-01-13,S011,P0091,Electrical,Electrical C,105,29,1,133,63.98,63.98
T002282,2026-01-17,S009,P0009,Electrical,Electrical C,68,31,1,98,260.69,260.69
T002283,2025-08-01,S005,P0039,Plumbing,Plumbing B,90,32,9,113,297.52,2677.68
T002284,2026-01-01,S005,P0070,Paint,Paint A,62,34,6,90,323.18,1939.08
T002285,2026-03-29,S006,P0001,Appliances,Appliances A,9,65,7,67,314.97,2204.79
T002286,2025-10-21,S004,P0013,Plumbing,Plumbing B,85,61,3,143,294.52,883.56
T002287,2025-07-28,S008,P0089,Plumbing,Plumbing B,94,16,4,106,106.43,425.72
T002288,2025-09-05,S013,P0026,Appliances,Appliances A,109,44,5,148,153.27,766.35
T002289,2026-01-29,S014,P0091,Building Materials,Building Materials A,24,53,9,68,198.78,1789.02
T002290,2026-03-02,S007,P0053,Appliances,Appliances A,40,50,1,89,55.73,55.73
T002291,2025-05-18,S003,P0017,Paint,Paint C,34,78,2,110,342.77,685.54
T002292,2026-03-25,S009,P0055,Building Materials,Building Materials B,79,2,4,77,174.97,699.88
T002293,2025-11-08,S014,P0036,Hardware,Hardware A,3,78,3,78,101.83,305.49
T002294,2025-11-08,S015,P0051,Electrical,Electrical B,17,48,1,64,309.54,309.54
T002295,2025-05-12,S004,P0049,Appliances,Appliances C,96,45,4,137,207.92,831.68
T002296,2025-12-31,S013,P0075,Building Materials,Building Materials C,87,56,2,141,70.49,140.98
T002297,2025-02-16,S004,P0004,Plumbing,Plumbing C,22,42,3,61,118.59,355.77
T002298,2025-10-05,S005,P0100,Paint,Paint B,51,61,4,108,307.25,1229.0
T002299,2025-11-04,S013,P0061,Building Materials,Building Materials A,118,46,2,162,30.61,61.22
T002300,2026-05-09,S010,P0038,Plumbing,Plumbing A,11,14,5,20,58.9,294.5
T002301,2025-11-21,S002,P0028,Building Materials,Building Materials C,1,74,6,69,10.76,64.56
T002302,2025-04-08,S004,P0066,Appliances,Appliances C,47,64,1,110,188.69,188.69
T002303,2025-09-07,S005,P0011,Building Materials,Building Materials C,11,8,2,17,36.83,73.66
T002304,2025-04-17,S008,P0002,Plumbing,Plumbing C,58,12,1,69,34.54,34.54
T002305,2025-11-05, S006 ,P0017,Plumbing,Plumbing B,52,70,3,119,294.92,884.76
T002306,2025-07-22,S015,P0032,Plumbing,Plumbing C,120,33,4,149,32.66,130.64
T002307,2025-07-09,S001,P0025,Building Materials,Building Materials C,42,42,2,82,155.65,311.3
T002308,2025-06-22,S012,P0037,Appliances,Appliances A,19,3,4,18,106.93,427.72
T002309,2025-11-24,S010,P0095,Lawn & Garden,Lawn & Garden A,110,51,2,159,14.53,29.06
T002310,2025-05-12,S014,P0018,Building Materials,Building Materials B,40,29,2,67,20.78,41.56
T002311,2026-01-17,S003,P0049,Paint,Paint A,84,78,4,158,40.7,162.8
T002312,2025-11-11,S004,P0027,Lawn & Garden,Lawn & Garden A,82,22,2,102,73.82,147.64
T002313,2025-08-08,S004,P0021,Paint,Paint C,106,52,3,155,94.92,284.76
T002314,2026-02-14,S013,P0039,Plumbing,Plumbing B,54,0,4,50,216.42,865.68
T002315,2025-06-28,S001,P0096,Paint,Paint C,31,55,4,82,333.16,1332.64
T002316,2025-09-06,S011,P0036,Lawn & Garden,Lawn & Garden C,46,22,2,66,225.85,451.7
T002317,2025-04-05,S012,P0043,Building Materials,Building Materials B,51,47,7,91,343.79,2406.53
T002318,2026-02-04,S006,P0021,Plumbing,Plumbing A,65,7,5,67,306.34,1531.7
T002319,2026-01-14,S004,P0029,Hardware,Hardware C,20,36,4,52,246.71,986.84
T002320,2026-02-08,S012,P0056,Electrical,Electrical C,26,71,1,96,87.8,87.8
T002321,2025-12-14,S004,P0096,Building Materials,Building Materials B,116,49,3,162,77.27,231.81
T002322,2025-03-25,S011,P0021,Hardware,Hardware C,53,25,1,77,246.66,246.66
T002323,2025-10-21,S009,P0053,Electrical,Electrical C,31,73,4,100,264.19,1056.76
T002324,2025-10-31,S008,P0073,Lawn & Garden,Lawn & Garden C,77,69,1,145,88.84,88.84
T002325,2026-05-28,S002,P0011,Hardware,Hardware C,88,59,2,145,232.28,464.56
T002326,2025-05-14,S001,P0049,Hardware,Hardware C,106,0,2,104,64.79,129.58
T002327,2025-01-20,S015,P0072,Building Materials,Building Materials B,73,26,5,94,258.32,1291.6
T002328,2025-07-21,S013,P0076,Electrical,Electrical B,41,35,1,75,143.73,143.73
T002329,2026-02-02,S005,P0090,Electrical,Electrical B,104,24,3,125,78.15,234.45
T002330,2025-11-04,S004,P0002,Hardware,Hardware C,108,10,4,114,97.69,390.76
T002331,2026-01-28,S005,P0092,Lawn & Garden,Lawn & Garden B,52,57,10,99,38.24,382.4
T002332,2025-08-12,S004,P0043,Lawn & Garden,Lawn & Garden A,49,13,2,60,19.24,38.48
T002333,2025-09-10,S010,P0073,Electrical,Electrical C,97,10,4,103,208.1,832.4
T002334,2026-03-06,S011,P0062,Plumbing,Plumbing A,35,68,1,102,335.29,335.29
T002335,2025-09-29,S012,P0012,Appliances,Appliances A,63,76,3,136,303.82,911.46
T002336,2025-04-17,S001,P0052,Electrical,Electrical C,75,10,7,78,231.82,1622.74
T002337,2025-06-15,S003,P0005,Lawn & Garden,Lawn & Garden C,53,53,10,96,292.13,2921.3
T002338,2025-03-16,S010,P0080,Appliances,Appliances A,15,25,4,36,107.86,431.44
T002339,2025-09-25,S001,P0020,Building Materials,Building Materials B,54,7,1,60,75.54,75.54
T002340,2025-04-13,S015,P0027,Lawn & Garden,Lawn & Garden B,41,61,8,94,28.1,224.8
T002341,2025-07-28,S013,P0018,Paint,Paint A,39,2,1,40,207.37,207.37
T002342,2025-06-15,S009,P0067,Plumbing,Plumbing C,11,15,1,25,38.19,38.19
T002343,2025-05-20,S015,P0063,Paint,Paint A,77,27,8,96,272.23,2177.84
T002344,2025-10-29,S004,P0055,Lawn & Garden,Lawn & Garden A,100,10,3,107,89.68,269.04
T002345,2026-01-24,S013,P0016,Lawn & Garden,Lawn & Garden B,82,19,2,99,65.91,131.82
T002346,2025-03-26,S004,P0043,Electrical,Electrical A,84,55,5,134,148.55,742.75
T002347,2025-12-19, S003 ,P0044,Electrical,Electrical A,63,39,3,99,267.12,801.36
T002348,2025-03-08,S008,P0091,Lawn & Garden,Lawn & Garden C,78,35,6,107,212.25,1273.5
T002349,2025-10-17,S010,P0065,Lawn & Garden,Lawn & Garden A,3,47,3,47,343.56,1030.68
T002350,2026-04-08,S011,P0045,Hardware,Hardware A,99,64,3,160,133.04,399.12
T002351,03/30/2025,S003,P0059,Hardware,Hardware B,83,46,6,123,53.58,321.48
T002352,2025-01-24,S001,P0085,Appliances,Appliances B,83,35,3,115,301.79,905.37
T002353,2026-03-08, S005 ,P0024,Appliances,Appliances C,99,13,1,111,183.09,183.09
T002354,2026-02-23,S010,P0070,appliances,Appliances C,102,12,5,109,101.0,505.0
T002355,2025-07-16,S012,P0065,Appliances,Appliances A,101,20,2,119,128.1,256.2
T002356,2025-06-08,S001,P0037,Lawn & Garden,Lawn & Garden B,110,19,4,125,169.1,676.4
T002357,2025-02-02,S005,P0001,Appliances,Appliances A,70,34,1,103,256.39,256.39
T002358,2025-04-15,S002,P0091,Building Materials,Building Materials B,105,40,3,142,236.12,708.36
T002359,2025-06-18,S011,P0099,Lawn & Garden,Lawn & Garden C,105,0,2,103,52.89,105.78
T002360,2026-01-04,S009,P0063,Appliances,Appliances C,67,30,1,96,267.64,267.64
T002361,2025-11-04,S010,P0014,Electrical ,Electrical C,31,38,3,66,330.58,991.74
T002362,2026-06-07,S015,P0098,Appliances,Appliances C,60,71,3,128,97.82,293.46
T002363,2025-02-07,S002,P0023,Paint,Paint C,118,78,4,192,238.55,954.2
T002364,2025-01-26,S004,P0087,Hardware,Hardware C,14,18,7,25,208.13,1456.91
T002365,2026-04-01,S015,P0033,Building Materials,Building Materials C,73,1,6,68,145.65,873.9
T002366,05/20/2026,S010,P0048,Lawn & Garden,Lawn & Garden B,2,69,2,69,246.67,493.34
T002367,2026-03-06,S007,P0078,Lawn & Garden,Lawn & Garden C,38,45,3,80,24.7,74.1
T002368,2026-01-22,S012,P0009,Appliances,Appliances B,58,30,4,84,121.39,485.56
T002369,2025-03-26,S006,P0052,Building Materials,Building Materials B,118,28,2,144,149.72,299.44
T002370,2025-03-01,S006,P0018,Building Materials,Building Materials C,35,24,1,58,15.01,15.01
T002371,2026-02-12,S005,P0038,electrical,Electrical B,63,23,2,84,272.66,545.32
T002372,2025-07-08,S012,,Building Materials,Building Materials B,38,65,7,96,67.55,472.85
T002373,2025-11-12,S012,P0015,Electrical,Electrical B,111,50,1,160,92.34,92.34
T002374,2025-01-30,S003,P0050,Plumbing,Plumbing B,48,1,1,48,200.58,200.58
T002375,2025-08-07,S011,P0029,Building Materials,Building Materials C,86,76,1,161,279.83,279.83
T002376,2025-05-23,S007,P0068,Building Materials,Building Materials A,116,17,1,132,103.6,103.6
T002377,2025-04-03,S003,P0057,Appliances,Appliances B,20,76,5,91,109.06,545.3
T002378,2025-07-01,S006,P0016,Paint,Paint A,115,51,1,165,209.9,209.9
T002379,2026-02-10,S003,P0029,Plumbing,Plumbing B,27,15,5,37,265.02,1325.1
T002380,2026-01-02,S003,P0001,Building Materials,Building Materials A,85,74,3,156,150.95,452.85
T002381,2025-08-20,S010,P0063,Hardware,Hardware A,0,7,1,6,214.47,214.47
T002382,2025-04-12,S003,P0049,Building Materials,Building Materials B,91,35,2,124,136.79,273.58
T002383,2025-11-13,S012,P0001,Hardware,Hardware C,103,18,6,115,349.15,2094.9
T002384,2025-08-11,S012,P0018,Building Materials,Building Materials A,83,80,3,160,337.13,1011.39
T002385,2025-12-06,S005,P0049,Hardware,Hardware C,31,56,2,85,106.48,212.96
T002386,2025-12-28,S011,P0026,Lawn & Garden ,Lawn & Garden C,117,10,7,120,320.05,2240.35
T002387,2026-03-15,S001,P0044,Electrical,Electrical A,82,53,1,134,233.32,233.32
T002388,2025-11-25,S009,P0062,Appliances,Appliances B,102,79,2,179,234.47,468.94
T002389,2026-05-05,S009,P0081,Paint,Paint B,80,61,6,135,16.22,97.32
T002390,2026-05-13,S009,P0016,Electrical,Electrical C,111,17,5,123,61.12,305.6
T002391,2026-01-12,S004,P0054,Hardware,Hardware A,108,19,1,126,36.43,36.43
T002392,2025-09-08,S014,P0059,Electrical,Electrical A,68,72,4,136,202.87,811.48
T002393,2025-08-01,S005,P0019,Hardware,Hardware B,80,64,1,143,213.01,213.01
T002394,2025-09-22,S008,P0014,Paint,Paint C,87,63,1,149,76.98,76.98
T002395,2025-08-04,S003,P0068,Appliances,,35,3,2,36,41.64,83.28
T002396,2025-10-27,S007,P0024,Hardware,Hardware A,47,8,11,44,306.05,3366.55
T002397,2025-12-20,S013,P0029,Building Materials,Building Materials B,46,50,6,90,332.96,1997.76
T002398,2025-09-24,S008,P0068,Lawn & Garden,Lawn & Garden B,20,21,3,38,209.33,627.99
T002399,2025-05-04,S005,P0003,Hardware,Hardware C,0,52,1,51,55.23,55.23
T002400,2025-12-08,S003,P0015,Plumbing,Plumbing C,53,16,1,68,26.55,26.55
T002401,2025-08-25,S006,P0095,Paint,Paint A,74,27,3,98,217.95,653.85
T002402,2025-04-23,S007,P0039,Plumbing,Plumbing C,0,23,4,19,134.97,539.88
T002403,2025-01-07,S015,P0037,Electrical,Electrical B,59,17,5,71,255.28,1276.4
T002404,2026-04-15,S004,P0004,Building Materials,Building Materials C,17,11,5,23,216.95,1084.75
T002405,2025-05-28,S004,P0100,Building Materials,Building Materials B,112,19,5,126,228.63,1143.15
T002406,2025-03-07,S015,,Hardware,Hardware B,93,56,4,145,144.87,579.48
T002407,2026-06-17,S004,P0055,Appliances,Appliances A,17,19,7,29,31.04,217.28
T002408,2026-06-15,S009,P0038,Electrical,Electrical A,32,69,2,99,140.59,281.18
T002409,2026-01-26,S013,P0003,Lawn & Garden,Lawn & Garden A,88,69,3,154,328.97,986.91
T002410,2025-07-31,S001,P0049,Plumbing,Plumbing B,32,77,1,108,226.92,226.92
T002411,2025-01-25,S006,P0072,Hardware,Hardware B,106,6,2,110,202.34,404.68
T002412,2025-04-06,S015,P0073,Building Materials,Building Materials B,83,0,6,77,25.07,150.42
T002413,2025-12-20,S012,P0068,Paint,Paint C,69,6,5,70,227.66,1138.3
T002414,2025-02-06,S005,P0037,Paint,Paint A,7,34,1,40,28.95,28.95
T002415,2025-03-19,S004,P0088,Plumbing,Plumbing B,81,13,11,83,73.3,806.3
T002416,2025-12-27,S001,P0065,Building Materials,Building Materials A,1,13,3,11,221.57,664.71
T002417,2025-04-23,S014,P0063,Plumbing,Plumbing B,4,11,3,12,195.73,587.19
T002418,2025-04-16,S015,P0052,Lawn & Garden,Lawn & Garden C,82,26,1,107,245.32,245.32
T002419,2026-02-03,S013,P0055,Lawn & Garden,Lawn & Garden B,72,73,2,143,46.59,93.18
T002420,2026-06-18,S011,P0026,Building Materials,Building Materials A,60,5,3,62,149.53,448.59
T002421,2025-08-01,S004,P0048,Electrical,Electrical B,8,75,5,78,228.12,1140.6
T002422,2025-09-10,S004,P0047,Building Materials,Building Materials C,98,65,4,159,232.4,929.6
T002423,2026-04-25,S012,P0100,Hardware,Hardware B,8,42,2,48,199.37,398.74
T002424,2025-08-02,S014,P0001,Plumbing,Plumbing A,100,65,1,164,10.21,10.21
T002425,2026-01-29,S010,P0056,Lawn & Garden,Lawn & Garden C,40,8,1,47,83.92,83.92
T002426,2025-05-09,S006,P0067,Electrical,Electrical B,30,0,6,24,44.42,266.52
T002427,2026-04-29,S015,P0017,Paint,Paint A,97,28,6,119,226.51,1359.06
T002428,2026-05-02,S008,P0061,Paint,Paint A,97,64,4,157,49.34,197.36
T002429,2026-06-01,S004,P0050,Appliances,Appliances C,56,10,6,60,29.03,174.18
T002430,2025-05-25,S005,P0025,Paint,Paint B,113,6,3,116,175.19,525.57
T002431,2026-04-03,S002,P0061,Plumbing,Plumbing C,100,54,6,148,293.3,1759.8
T002432,2026-01-21,S012,P0047,Lawn & Garden,Lawn & Garden B,51,51,4,98,127.65,510.6
T002433,2026-01-22,S014,P0068,Building Materials,Building Materials A,34,2,6,30,106.35,638.1
T002434,2025-10-16,S011,P0018,Hardware,Hardware C,25,58,1,82,251.73,251.73
T002435,2025-03-19,S005,P0098,Building Materials,Building Materials C,58,2,4,56,248.57,994.28
T002436,2025-04-27,S008,P0043,Plumbing,Plumbing C,10,42,2,50,208.67,417.34
T002437,2025-06-05,S001,P0054,Appliances,Appliances C,51,44,1,94,19.18,19.18
T002438,2025-12-11,S008,P0077,Plumbing,Plumbing C,26,28,7,47,322.13,2254.91
T002439,2025-04-02,S003,P0077,Appliances,Appliances B,60,72,6,126,203.1,1218.6
T002440,2026-06-02,S011,P0053,Hardware,Hardware B,30,19,4,45,240.14,960.56
T002441,2025-05-23,S007,P0085,Hardware,Hardware B,66,18,1,83,58.02,58.02
T002442,2025-06-20,S008,P0093,Paint,Paint A,5,4,1,8,107.21,107.21
T002443,2026-02-05,S001,P0086,Appliances,Appliances B,48,2,1,49,235.96,235.96
T002444,2025-08-02,S008,P0019,Appliances,Appliances B,25,7,2,30,334.39,668.78
T002445,2026-03-07,S015,P0084,Building Materials,Building Materials B,97,25,5,117,212.61,1063.05
T002446,2025-02-23,S014,P0068,Lawn & Garden,Lawn & Garden C,70,56,2,124,88.3,176.6
T002447,2026-06-29,S003,P0006,Lawn & Garden,Lawn & Garden C,29,42,4,67,343.98,1375.92
T002448,2025-07-04,S011,P0080,Appliances,Appliances C,6,33,4,35,260.94,1043.76
T002449,2026-03-04,S003,P0051,Lawn & Garden,Lawn & Garden C,100,10,5,105,16.46,82.3
T002450,2025-12-24,S010,P0098,Electrical,Electrical B,32,58,1,89,313.79,313.79
T002451,2025-04-01,S006,,Paint,Paint C,86,31,1,116,331.83,331.83
T002452,2026-04-04,S009,P0080,Electrical,Electrical A,74,15,4,85,40.38,161.52
T002453,2026-02-22,S014,P0094,Electrical,Electrical C,93,13,8,98,17.84,142.72
T002454,2026-06-06,S008,P0064,Hardware,Hardware A,69,27,7,89,233.11,1631.77
T002455,2026-01-02,S002,P0004,Paint,Paint C,99,20,4,115,143.61,574.44
T002456,2026-03-19,S008,P0056,Lawn & Garden,Lawn & Garden C,72,24,7,89,184.09,1288.63
T002457,2025-11-29, S003 ,P0022,Lawn & Garden,Lawn & Garden C,114,68,4,178,213.96,855.84
T002458,2025-11-22,S009,P0073,Appliances,Appliances A,79,61,1,139,118.62,118.62
T002459,2026-05-23,S005,P0049,Appliances,Appliances C,116,71,5,182,294.8,1474.0
T002460,2025-03-16,S015,P0091,Electrical,Electrical A,13,49,7,55,272.44,1907.08
T002461,2025-05-23,S014,P0076,Electrical,Electrical B,11,68,10,69,128.01,1280.1
T002462,2026-06-23,S001,P0055,Appliances,Appliances C,5,0,2,3,131.48,262.96
T002463,2025-07-05,S008,P0067,Lawn & Garden,Lawn & Garden B,59,6,1,64,127.56,127.56
T002464,2025-01-19,S002,P0016,Paint,Paint A,1,8,6,3,124.24,745.44
T002465,2025-06-25,S013,P0074,Appliances,Appliances B,76,44,4,116,234.26,937.04
T002466,2025-08-04,S011,P0016,Lawn & Garden,Lawn & Garden A,113,5,4,114,139.48,557.92
T002467,2025-05-20,S013,P0034,Building Materials,Building Materials B,54,17,7,64,230.71,1614.97
T002468,2025-10-23,S012,P0004,Plumbing,Plumbing B,100,11,6,105,177.23,1063.38
T002469,2026-01-12,S011,P0053,Plumbing,Plumbing B,92,48,4,136,95.45,381.8
T002470,2025-09-17,S004,P0048,Electrical,Electrical B,35,48,2,81,255.8,511.6
T002471,2026-03-05,S015,P0046,Plumbing,Plumbing C,95,34,5,124,75.93,379.65
T002472,2025-12-28,S009,P0084,Hardware,Hardware C,53,63,1,115,62.73,62.73
T002473,2025-09-04, S001 ,P0020,Plumbing,Plumbing C,60,46,4,102,285.5,1142.0
T002474,2025-09-07,S013,P0021,Paint,Paint B,78,71,3,146,271.84,815.52
T002475,2026-03-17,S012,P0077,Electrical,Electrical C,3,39,1,41,18.83,18.83
T002476,2025-06-29,S005,P0069,Hardware,Hardware B,105,1,4,102,64.49,257.96
T002477,2025-07-20,S001,P0073,Paint,Paint B,117,62,2,177,160.82,321.64
T002478,2025-12-20,S011,P0086,Paint,Paint A,118,3,4,117,90.66,362.64
T002479,2025-12-29,S011,P0005,Building Materials,Building Materials C,0,38,1,37,246.44,246.44
T002480,2025-11-16,S006,P0027,Building Materials,Building Materials A,59,76,6,129,55.63,333.78
T002481,2025-08-18,S008,P0097,Lawn & Garden,Lawn & Garden B,102,12,9,105,72.33,650.97
T002482,2025-06-20,S006,P0052,Building Materials,Building Materials B,19,70,1,88,287.45,287.45
T002483,2025-12-19,S012,P0015,Appliances,Appliances C,28,67,1,94,132.31,132.31
T002484,2025-03-24,S011,P0034,Plumbing,Plumbing B,102,77,1,178,342.07,342.07
T002485,2025-03-22,S011,P0062,Electrical,Electrical B,40,28,2,66,291.45,582.9
T002486,2026-05-01,S009,P0024,Plumbing,Plumbing A,25,31,4,52,150.18,600.72
T002487,2025-03-30,S006,P0086,Plumbing,Plumbing B,54,21,5,70,136.1,680.5
T002488,2025-01-30,S005,P0066,Lawn & Garden,Lawn & Garden A,100,56,4,152,182.82,731.28
T002489,2025-08-28,S010,P0011,Plumbing,Plumbing B,101,30,5,126,90.25,451.25
T002490,2026-05-21,S005,P0008,Electrical,Electrical A,92,78,3,167,251.6,754.8
T002491,2026-03-05,S004,P0057,Paint,Paint A,97,27,2,122,332.09,664.18
T002492,2026-06-28,S005,P0005,Lawn & Garden,Lawn & Garden B,11,37,1,47,298.77,298.77
T002493,2026-02-15,S006,P0039,Appliances,Appliances C,22,30,2,50,57.51,115.02
T002494,2026-03-29,S008,P0049,Building Materials,Building Materials C,14,42,1,55,216.49,216.49
T002495,2025-03-29,S014,P0067,Paint,Paint A,31,55,4,82,229.24,916.96
T002496,2025-02-09,S011,P0088,Plumbing,Plumbing A,74,61,1,134,235.25,235.25
T002497,2025-05-31,S010,P0088,Appliances,Appliances C,77,16,2,91,328.16,656.32
T002498,2026-04-08,S014,P0028,Building Materials,Building Materials C,54,18,6,66,46.15,276.9
T002499,2025-08-23,S003,P0080,Building Materials,Building Materials A,31,50,7,74,211.05,1477.35
T002500,2026-04-17,S013,P0056,Hardware,Hardware A,45,17,7,55,272.32,1906.24
T002501,2025-10-27,S014,P0045,Lawn & Garden,Lawn & Garden C,93,10,3,100,219.61,658.83
T002502,2025-01-11,S001,P0023,Building Materials,Building Materials C,103,66,2,167,137.03,274.06
T002503,2025-11-14,S006,P0082,Appliances,Appliances A,64,51,4,111,211.3,845.2
T002504,2025-10-06,S010,P0002,Plumbing,Plumbing C,34,52,1,85,277.73,277.73
T002505,2025-05-30,S013,P0031,Hardware,Hardware C,5,9,5,9,180.71,903.55
T002506,2025-03-15,S014,P0007,Plumbing,Plumbing B,31,35,1,65,42.24,42.24
T002507,2025-04-11,S009,P0031,Paint,Paint C,101,30,2,129,65.82,131.64
T002508,2025-03-20,S011,P0097,Hardware,Hardware C,99,52,5,146,49.57,247.85
T002509,2025-03-30,S012,P0084,Hardware,Hardware A,76,1,1,76,260.49,260.49
T002510,2026-03-15,S003,P0062,Appliances,Appliances A,16,10,2,24,15.91,31.82
T002511,2025-01-10,S002,P0059,Hardware,Hardware A,46,3,4,45,100.0,400.0
T002512,2025-07-04,S008,P0028,Appliances,Appliances C,97,14,5,106,134.99,674.95
T002513,2025-11-08,S005,P0047,Electrical,Electrical B,18,78,4,92,215.08,860.32
T002514,2026-04-10,S008,P0055,Appliances,Appliances A,93,14,2,105,158.2,316.4
T002515,2026-03-12,S010,P0031,Electrical,Electrical B,94,51,6,139,44.44,266.64
T002516,2025-01-26,S006,P0048,Hardware,Hardware A,25,69,1,93,164.9,164.9
T002517,2025-02-17,S012,P0022,Building Materials,Building Materials A,118,36,1,153,243.09,243.09
T002518,2026-01-26,S008,P0023,Hardware,Hardware A,0,37,4,33,256.81,1027.24
T002519,2025-04-10,S005,P0088,Building Materials,Building Materials C,47,23,1,69,237.46,237.46
T002520,2026-03-08,S015,P0027,Hardware,Hardware B,107,32,10,129,171.89,1718.9
T002521,2026-06-07,S015,,Appliances,Appliances A,71,29,2,98,137.07,274.14
T002522,2025-08-22,S012,P0052,Building Materials,Building Materials C,97,44,6,135,296.29,1777.74
T002523,2025-04-27,S011,P0085,Building Materials,Building Materials B,49,42,1,90,327.78,327.78
T002524,2026-01-22,S015,P0096,Paint,Paint A,10,69,8,71,206.02,1648.16
T002525,2026-06-16,S001,P0025,Appliances,Appliances C,89,74,3,160,47.06,141.18
T002526,2026-05-07,S011,P0043,Hardware,Hardware C,101,66,2,165,217.59,435.18
T002527,2026-04-05,S010,P0080,Appliances,Appliances B,111,17,2,126,63.14,126.28
T002528,12/10/2025,S006,P0054,Lawn & Garden,Lawn & Garden C,79,68,1,146,40.46,40.46
T002529,2025-03-20,S004,P0064,Paint,Paint C,110,40,2,148,300.12,600.24
T002530,2025-04-07,S010,P0022,Hardware,Hardware B,57,22,1,78,292.82,292.82
T002531,2026-02-25,S008,P0028,Lawn & Garden,Lawn & Garden C,73,27,2,98,32.29,64.58
T002532,2025-02-24,S009,P0051,Building Materials,Building Materials C,97,26,5,118,24.2,121.0
T002533,2025-12-23,S013,P0025,Paint,Paint C,49,28,3,74,66.74,200.22
T002534,2025-09-05,S008,P0010,Lawn & Garden,Lawn & Garden C,74,4,1,77,120.66,120.66
T002535,2025-09-06,S011,P0061,Building Materials,Building Materials C,37,47,2,82,130.18,260.36
T002536,2025-08-29,S010,P0088,Lawn & Garden,Lawn & Garden C,15,19,7,27,267.41,1871.87
T002537,2025-06-07,S015,P0019,Electrical,Electrical B,103,34,2,135,44.2,88.4
T002538,2025-03-10,S012,P0081,Plumbing,Plumbing B,111,53,1,163,292.57,292.57
T002539,2025-07-06,S004,P0091,Hardware,Hardware A,69,50,4,115,49.56,198.24
T002540,08/01/2025,S013,P0093,Lawn & Garden,Lawn & Garden B,12,40,1,51,116.87,116.87
T002541,2026-04-27,S007,P0077,Lawn & Garden,Lawn & Garden C,99,79,2,176,260.01,520.02
T002542,2026-04-21,S011,P0018,Electrical,Electrical C,95,78,7,166,18.98,132.86
T002543,2025-07-12,S011,P0043,Plumbing,Plumbing A,65,8,2,71,151.14,302.28
T002544,2026-03-16,S001,P0058,Hardware,Hardware C,61,28,6,83,54.54,327.24
T002545,2025-05-16,S003,P0084,Paint,Paint A,120,34,1,153,259.36,259.36
T002546,2025-08-24,S007,P0008,Paint,Paint A,30,55,2,83,71.21,142.42
T002547,2025-11-14,S005,P0038,Building Materials,Building Materials B,70,34,2,102,268.19,536.38
T002548,2025-09-08,S006,P0097,Appliances,Appliances C,56,52,4,104,213.52,854.08
T002549,2026-06-12,S011,P0055,Appliances,Appliances B,35,1,3,33,150.45,451.35
T002550,2025-07-17,S009,P0080,Lawn & Garden,Lawn & Garden C,24,59,8,75,30.21,241.68
T002551,2025-11-29,S011,P0012,Paint,Paint C,116,22,2,136,27.08,54.16
T002552,2025-01-28,S004,P0083,Electrical,Electrical B,34,23,3,54,117.28,351.84
T002553,2025-06-28,S008,P0031,Hardware,Hardware C,74,54,2,126,138.51,277.02
T002554,2026-01-28,S010,P0012,Electrical,Electrical A,80,69,3,146,293.49,880.47
T002555,2025-08-25,S003,,Electrical,Electrical C,19,37,3,53,223.78,671.34
T002556,2025-10-04,S004,P0053,Building Materials,Building Materials B,68,77,1,144,238.69,238.69
T002557,2026-06-24,S007,P0049,Lawn & Garden,Lawn & Garden B,64,55,5,114,258.23,1291.15
T002558,2025-06-30,S010,P0050,Building Materials,Building Materials C,2,57,1,58,120.78,120.78
T002559,2025-12-22,S013,P0021,Plumbing,,119,66,1,184,224.69,224.69
T002560,2026-05-07,S014,P0081,Appliances,Appliances A,103,77,1,179,202.71,202.71
T002561,2025-04-09, S007 ,P0061,Electrical,Electrical A,15,70,2,83,96.45,192.9
T002562,2025-12-15,S003,P0036,Lawn & Garden,Lawn & Garden C,27,35,1,61,332.74,332.74
T002563,2026-01-22,S007,P0067,Hardware,Hardware B,78,74,1,151,209.45,209.45
T002564,2025-01-23,S010,P0056,Appliances,Appliances A,79,56,2,133,297.43,594.86
T002565,06/21/2026,S013,P0034,Paint,Paint B,50,61,8,103,43.1,344.8
T002566,2025-12-13,S009,P0010,Paint,Paint C,2,12,1,13,152.45,152.45
T002567,2025-07-05,S005,P0027,Paint,Paint A,47,78,3,122,339.62,1018.86
T002568,2025-10-12,S013,P0042,Appliances,Appliances C,52,52,2,102,122.61,245.22
T002569,2025-11-15,S003,P0006,Plumbing,Plumbing C,33,22,5,50,264.29,1321.45
T002570,2025-06-21,S013,P0043,Hardware,Hardware A,4,16,5,15,110.83,554.15
T002571,2025-11-28,S008,P0091,Hardware,Hardware C,48,38,12,74,66.97,803.64
T002572,2025-09-13,S011,P0067,Electrical,Electrical C,95,52,4,143,91.62,366.48
T002573,2026-06-09,S004,P0045,Appliances,Appliances C,2,10,1,11,295.25,295.25
T002574,2025-12-08,S013,P0011,Lawn & Garden,Lawn & Garden C,97,37,2,132,79.27,158.54
T002575,2026-05-17,S006,P0059,Lawn & Garden,Lawn & Garden B,6,27,2,31,267.57,535.14
T002576,2026-03-09,S005,P0028,Electrical,Electrical C,80,76,1,155,104.19,104.19
T002577,2025-09-08,S002,P0030,Lawn & Garden,Lawn & Garden A,19,25,9,35,238.6,2147.4
T002578,2025-02-18,S015,P0058,Building Materials,Building Materials A,38,35,5,68,310.98,1554.9
T002579,2026-02-28,S007,P0018,Building Materials,Building Materials B,40,5,4,41,160.02,640.08
T002580,2026-05-16,S005,P0064,Plumbing,Plumbing B,109,47,1,155,338.44,338.44
T002581,2026-05-30,S006,P0092,Building Materials,Building Materials C,24,57,5,76,129.12,645.6
T002582,2025-09-03,S007,P0061,Hardware,Hardware B,36,3,7,32,198.69,1390.83
T002583,2026-04-24,S002,P0046,Electrical,Electrical C,25,38,2,61,160.24,320.48
T002584,2025-08-01,S010,P0008,Lawn & Garden,Lawn & Garden A,82,5,2,85,277.76,555.52
T002585,2026-02-12,S012,P0046,Lawn & Garden,Lawn & Garden A,37,33,8,62,90.82,726.56
T002586,2026-03-09,S004,P0047,Electrical,Electrical A,110,16,1,125,320.52,320.52
T002587,2025-01-14,S005,P0005,Hardware,Hardware A,73,10,1,82,300.57,300.57
T002588,2026-01-06,S002,P0054,Appliances,Appliances C,76,64,1,139,243.79,243.79
T002589,2025-03-30,S002,P0071,Paint,Paint B,95,57,3,149,179.81,539.43
T002590,2025-11-10,S008,P0061,Hardware,Hardware A,97,52,4,145,182.67,730.68
T002591,2026-02-26,S011,P0052,Paint,Paint B,18,78,6,90,195.27,1171.62
T002592,2026-01-19,S009,P0003,paint,Paint C,91,21,4,108,31.19,124.76
T002593,2025-07-10,S007,P0064,Electrical,Electrical A,107,61,4,164,115.92,463.68
T002594,2025-03-10,S001,P0033,Electrical,Electrical A,11,68,7,72,81.97,573.79
T002595,2025-09-07,S009,P0028,Lawn & Garden,Lawn & Garden A,93,64,1,156,94.64,94.64
T002596,2025-05-12,S004,P0001,Electrical,Electrical C,13,2,1,14,97.76,97.76
T002597,2025-08-20,S008,P0065,Paint,Paint A,10,68,5,73,294.7,1473.5
T002598,2025-11-14,S008,P0064,electrical,Electrical A,26,46,3,69,77.7,233.1
T002599,2026-01-18,S005,P0026,Hardware,Hardware B,10,44,6,48,190.8,1144.8
T002600,2025-06-21,S002,P0089,Hardware,Hardware C,43,79,3,119,213.99,641.97
T002601,2025-03-19,S009,P0022,Hardware,Hardware B,66,14,1,79,131.46,131.46
T002602,2025-07-30,S010,P0013,Building Materials,Building Materials B,73,11,5,79,190.11,950.55
T002603,2025-07-20,S002,P0069,Plumbing,Plumbing B,24,33,3,54,304.22,912.66
T002604,2025-06-10,S012,P0014,Lawn & Garden,Lawn & Garden B,95,30,3,122,204.39,613.17
T002605,2025-04-15,S002,P0023,Lawn & Garden,Lawn & Garden B,115,24,14,125,60.92,852.88
T002606,2025-07-21,S002,P0032,Electrical,Electrical C,25,6,7,24,129.87,909.09
T002607,2025-11-11,S001,P0038,Hardware,Hardware B,85,12,5,92,190.23,951.15
T002608,2025-11-07,S013,P0085,Electrical,Electrical B,94,55,3,146,164.16,492.48
T002609,2025-05-03,S012,P0072,Building Materials,Building Materials C,18,52,3,67,210.13,630.39
T002610,2025-02-26,S005,P0054,Paint,Paint A,117,13,2,128,327.75,655.5
T002611,2026-01-25,S010,P0089,Appliances,Appliances A,96,67,3,160,28.13,84.39
T002612,2025-05-07,S009,P0052,Building Materials,Building Materials B,118,16,2,132,289.89,579.78
T002613,2026-02-16,S011,P0022,Plumbing,Plumbing B,72,48,1,119,293.8,293.8
T002614,2025-03-30,S001,P0096,Appliances,Appliances B,17,45,3,59,202.5,607.5
T002615,2025-07-26,S003,P0021,Appliances,Appliances A,84,59,4,139,336.38,1345.52
T002616,2025-05-12,S013,P0033,Building Materials,Building Materials C,15,18,6,27,166.37,998.22
T002617,2025-02-15,S011,P0043,Lawn & Garden,Lawn & Garden C,119,18,1,136,15.89,15.89
T002618,2025-02-14,S009,P0037,Appliances,Appliances A,106,23,3,126,278.62,835.86
T002619,2026-05-04,S008,P0034,Plumbing,Plumbing B,77,43,4,116,244.87,979.48
T002620,2026-05-30,S010,P0094,Lawn & Garden,Lawn & Garden B,88,33,4,117,156.99,627.96
T002621,2025-12-29,S013,P0056,Building Materials,Building Materials A,62,67,9,120,184.07,1656.63
T002622,2026-03-12,S015,P0090,Lawn & Garden,Lawn & Garden C,9,26,2,33,291.72,583.44
T002623,2025-05-22,S001,P0076,Appliances,Appliances A,111,24,1,134,281.38,281.38
T002624,2025-10-11,S013,P0086,Hardware,Hardware A,78,1,3,76,265.75,797.25
T002625,2025-09-20,S010,P0067,Plumbing,Plumbing B,71,21,2,90,257.61,515.22
T002626,2025-05-05,S008,P0034,Plumbing,Plumbing C,46,29,2,73,258.03,516.06
T002627,2025-04-06,S007,P0095,Hardware,Hardware A,104,72,2,174,226.74,453.48
T002628,2025-01-09,S005,P0072,Plumbing,Plumbing C,51,80,4,127,267.63,1070.52
T002629,2025-06-02,S015,P0076,Building Materials,Building Materials B,120,68,1,187,272.81,272.81
T002630,2025-01-02,S013,P0098,Appliances,Appliances C,31,47,5,73,82.67,413.35
T002631,2025-11-02,S014,P0088,Hardware,Hardware B,81,63,5,139,318.07,1590.35
T002632,2025-08-13,S005,P0062,Paint,Paint B,106,73,4,175,204.49,817.96
T002633,2025-03-25,S006,P0062,Electrical,Electrical C,42,76,1,117,277.25,277.25
T002634,2026-04-14,S002,P0036,Paint,Paint A,37,67,4,100,249.37,997.48
T002635,2025-11-27,S002,P0098,Plumbing,Plumbing C,101,78,6,173,230.95,1385.7
T002636,2026-02-21,S013,P0046,Electrical,Electrical A,99,55,5,149,270.49,1352.45
T002637,2026-03-14,S015,P0031,Paint,Paint A,6,72,5,73,320.42,1602.1
T002638,2025-04-23,S013,P0051,Building Materials,Building Materials A,94,41,3,132,37.36,112.08
T002639,2025-05-29,S009,P0017,Electrical,Electrical C,27,39,3,63,278.82,836.46
T002640,2025-02-19,S011,P0073,Lawn & Garden,Lawn & Garden B,88,6,7,87,157.08,1099.56
T002641,2025-10-09,S013,P0002,Building Materials,Building Materials A,70,0,4,66,319.22,1276.88
T002642,2025-09-05,S013,P0048,Lawn & Garden,Lawn & Garden B,95,62,4,153,144.88,579.52
T002643,2025-01-17,S004,P0045,Lawn & Garden,Lawn & Garden A,5,78,16,67,313.23,5011.68
T002644,2026-02-17,S012,P0082,Building Materials,Building Materials B,80,42,2,120,54.52,109.04
T002645,2025-03-06,S010,P0014,Paint,Paint A,105,44,1,148,251.02,251.02
T002646,2026-05-29,S012,P0047,Appliances,Appliances A,112,45,2,155,343.54,687.08
T002647,2025-08-11,S004,P0072,Plumbing,Plumbing A,58,43,3,98,238.36,715.08
T002648,2025-07-06,S005,P0054,building materials,Building Materials C,61,65,4,122,134.81,539.24
T002649,2025-01-23,S014,P0062,Electrical,Electrical A,114,72,4,182,235.88,943.52
T002650,2026-05-10,S006,P0048,Appliances,Appliances A,88,35,1,122,203.82,203.82
T002651,2025-07-30,S002,P0087,Hardware,Hardware B,22,66,4,84,220.01,880.04
T002652,2026-05-03,S008,P0035,Hardware,Hardware B,99,40,3,136,127.87,383.61
T002653,2025-09-27,S013,P0084,Paint,Paint A,39,28,2,65,226.42,452.84
T002654,2025-12-11,S013,P0053,Lawn & Garden,Lawn & Garden A,92,0,1,91,333.16,333.16
T002655,2026-05-14,S012,P0052,Building Materials,Building Materials B,44,26,8,62,303.87,2430.96
T002656,2025-02-18,S002,P0015,Electrical,Electrical C,58,29,2,85,94.27,188.54
T002657,2025-09-26,S009,P0089,Hardware,Hardware A,120,46,5,161,67.15,335.75
T002658,2025-12-17,S011,P0035,Paint,Paint C,12,50,1,61,174.83,174.83
T002659,2025-11-18,S004,P0020,Plumbing,Plumbing A,47,44,4,87,191.45,765.8
T002660,2025-12-19,S012,P0063,Lawn & Garden,Lawn & Garden B,46,64,2,108,292.84,585.68
T002661,2026-06-28,S015,P0099,Electrical,Electrical C,99,24,5,118,226.97,1134.85
T002662,2025-11-06,S001,P0057,Electrical,Electrical A,32,51,2,81,167.03,334.06
T002663,2025-09-18,S008,P0094,Paint,Paint C,103,31,1,133,175.29,175.29
T002664,2025-12-15,S009,P0006,Paint,Paint A,36,47,3,80,178.77,536.31
T002665,2026-02-02,S001,P0013,Appliances,Appliances B,86,3,3,86,126.99,380.97
T002666,2026-01-28,S010,P0059,Plumbing,Plumbing C,4,62,3,63,100.24,300.72
T002667,2025-11-18,S002,P0088,Hardware,Hardware C,95,46,6,135,61.38,368.28
T002668,2026-03-11,S007,P0057,Paint,Paint A,25,54,1,78,128.71,128.71
T002669,2026-06-24,S007,P0077,Appliances,Appliances B,16,17,6,27,27.77,166.62
T002670,2025-08-25,S014,P0045,Appliances,Appliances A,9,34,1,42,217.34,217.34
T002671,2026-05-20,S005,P0082,Lawn & Garden,Lawn & Garden A,108,28,5,131,155.82,779.1
T002672,2025-03-06,S005,P0089,Lawn & Garden,Lawn & Garden A,98,1,5,94,75.04,375.2
T002673,2026-01-08,S011,P0100,Hardware,Hardware B,19,49,2,66,199.77,399.54
T002674,2026-03-02,S015,P0031,Paint,Paint B,33,8,1,40,284.94,284.94
T002675,2025-04-17,S013,P0012,Building Materials,Building Materials C,25,21,1,45,51.92,51.92
T002676,2026-01-22,S015,P0011,Appliances,Appliances C,82,69,3,148,175.32,525.96
T002677,2025-11-10,S013,P0051,Plumbing,Plumbing B,33,80,5,108,162.41,812.05
T002678,2026-01-19,S014,P0088,Electrical,Electrical B,9,14,2,21,105.95,211.9
T002679,2025-12-17,S004,P0011,Hardware,Hardware B,2,43,1,44,72.15,72.15
T002680,2025-04-13,S010,P0089,Building Materials,Building Materials B,92,54,2,144,294.43,588.86
T002681,2026-05-24,S005,P0011,Hardware,Hardware C,3,9,2,10,54.03,108.06
T002682,2025-03-03, S002 ,,Building Materials,Building Materials B,26,49,4,71,65.79,263.16
T002683,2025-10-26,S015,P0060,Hardware,Hardware A,1,53,4,50,258.45,1033.8
T002684,2026-04-22,S003,P0049,Paint,Paint C,61,53,3,111,135.63,406.89
T002685,2025-04-07,S003,P0064,Appliances,Appliances B,108,66,6,168,194.6,1167.6
T002686,2025-08-16,S004,P0006,Plumbing,Plumbing C,108,38,6,140,63.35,380.1
T002687,2025-11-02,S010,P0014,Lawn & Garden,Lawn & Garden A,41,29,2,68,145.24,290.48
T002688,2025-02-03,S012,P0073,Paint,Paint B,29,38,1,66,228.65,228.65
T002689,2026-04-07,S001,P0088,Appliances,Appliances C,110,47,3,154,31.65,94.95
T002690,2026-02-05,S001,P0060,Hardware,Hardware B,42,31,3,70,67.9,203.7
T002691,2025-12-16,S007,P0022,Plumbing,Plumbing A,14,54,2,66,56.08,112.16
T002692,2026-04-12,S013,P0047,Electrical,Electrical C,110,77,19,168,11.58,220.02
T002693,2026-05-31,S004,P0039,Paint,Paint C,0,52,8,44,226.46,1811.68
T002694,2026-05-07,S006,P0040,Electrical,Electrical B,98,44,1,141,204.28,204.28
T002695,2025-04-01,S015,P0020,Lawn & Garden,Lawn & Garden A,73,42,1,114,72.77,72.77
T002696,2025-01-13,S006,P0029,Plumbing,Plumbing C,63,63,1,125,163.2,163.2
T002697,2026-02-25,S008,P0065,appliances,Appliances C,16,32,6,42,111.78,670.68
T002698,2026-02-06,S009,P0033,Plumbing,Plumbing A,80,71,6,145,268.18,1609.08
T002699,2025-04-29,S009,P0097,Hardware,Hardware B,110,55,8,157,164.47,1315.76
T002700,2026-04-11,S011,P0087,Paint,Paint A,81,60,1,140,296.22,296.22
T002701,2026-03-07,S014,P0096,Paint,Paint C,116,63,4,175,162.31,649.24
T002702,2025-01-01,S009,P0039,Electrical,Electrical C,75,38,1,112,301.7,301.7
T002703,2025-04-30,S002,P0070,Electrical,Electrical B,43,37,9,71,14.68,132.12
T002704,2026-01-04,S012,P0075,Electrical,Electrical B,15,13,1,27,149.44,149.44
T002705,2025-11-11,S006,P0058,Electrical,Electrical C,53,43,1,95,262.17,262.17
T002706,2026-02-01,S010,P0088,Building Materials,Building Materials B,34,3,1,36,181.36,181.36
T002707,2026-01-25,S014,P0068,Electrical,Electrical C,107,55,3,159,150.57,451.71
T002708,2026-02-22,S004,P0009,Lawn & Garden,Lawn & Garden A,100,70,5,165,326.57,1632.85
T002709,2026-04-13,S010,P0057,Electrical,Electrical B,83,26,5,104,21.98,109.9
T002710,2026-05-24,S010,P0060,Building Materials,Building Materials C,118,56,1,173,284.3,284.3
T002711,2025-09-02,S002,P0046,Building Materials,Building Materials C,22,23,2,43,212.2,424.4
T002712,2025-06-21,S004,P0037,Building Materials,Building Materials A,120,30,2,148,73.87,147.74
T002713,2025-09-16,S007,P0036,Appliances,Appliances B,113,3,1,115,286.52,286.52
T002714,2025-09-22,S004,P0091,Paint,Paint A,44,16,2,58,144.4,288.8
T002715,2025-05-24,S005,P0077,Appliances,Appliances A,31,61,8,84,181.0,1448.0
T002716,2025-09-29,S009,P0033,Plumbing,Plumbing C,68,61,1,128,123.03,123.03
T002717,2026-06-17, S005 ,P0002,Building Materials,Building Materials B,39,18,3,54,127.72,383.16
T002718,2025-11-06,S006,P0017,Electrical,Electrical A,110,54,8,156,172.05,1376.4
T002719,2025-07-04,S004,P0006,Paint,Paint C,21,15,7,29,333.23,2332.61
T002720,2025-04-06,S012,P0080,Electrical,Electrical C,53,26,9,70,145.24,1307.16
T002721,2026-04-29,S009,P0073,Plumbing,Plumbing B,113,66,4,175,62.54,250.16
T002722,2025-06-11,S010,P0040,Electrical,,104,14,4,114,67.4,269.6
T002723,2026-03-14,S004,P0002,Building Materials,Building Materials A,64,0,2,62,193.33,386.66
T002724,2026-06-24,S005,P0063,Electrical,Electrical C,120,2,1,121,35.12,35.12
T002725,2025-03-26,S015,P0093,Hardware,Hardware B,34,8,2,40,109.76,219.52
T002726,2025-03-11,S014,P0008,Electrical,Electrical B,111,59,7,163,149.95,1049.65
T002727,2026-02-20,S011,P0088,Lawn & Garden,Lawn & Garden B,21,6,1,26,94.48,94.48
T002728,2025-12-16,S012,P0038,Lawn & Garden,Lawn & Garden A,73,47,2,118,76.97,153.94
T002729,2025-08-10,S009,P0051,Paint,Paint C,6,11,4,13,11.58,46.32
T002730,05/18/2025,S008,P0052,Appliances,Appliances B,68,43,3,108,261.6,784.8
T002731,2026-01-09,S012,P0006,Appliances,Appliances C,77,61,7,131,155.84,1090.88
T002732,2025-05-14,S002,P0006,Plumbing,Plumbing C,92,45,6,131,60.92,365.52
T002733,2025-01-04,S010,P0035,Paint,Paint A,74,43,1,116,265.85,265.85
T002734,2026-01-16,S013,P0042,Appliances,Appliances A,27,77,3,101,154.84,464.52
T002735,2026-04-23,S014,P0043,Hardware,Hardware B,14,39,1,52,246.03,246.03
T002736,2026-02-26,S007,P0021,Building Materials,Building Materials B,66,69,1,134,213.64,213.64
T002737,2026-04-27,S008,P0094,Building Materials,Building Materials C,101,59,1,159,156.51,156.51
T002738,2025-11-10,S011,P0026,Electrical,Electrical B,59,66,3,122,220.94,662.82
T002739,2025-04-23,S015,P0044,Hardware,Hardware C,28,66,7,87,299.18,2094.26
T002740,2025-02-18,S013,P0098,Building Materials,Building Materials B,82,2,4,80,325.41,1301.64
T002741,2025-02-21,S001,P0081,Paint,Paint A,1,76,1,76,202.13,202.13
T002742,2025-05-11,S015,P0037,Building Materials,Building Materials B,99,17,3,113,138.62,415.86
T002743,2026-02-27,S004,P0077,Appliances,Appliances C,91,34,4,121,268.08,1072.32
T002744,2025-12-07,S008,P0019,Building Materials,Building Materials A,14,58,3,69,330.92,992.76
T002745,2026-05-19,S007,P0043,Lawn & Garden,Lawn & Garden A,81,8,4,85,308.55,1234.2
T002746,2025-12-04,S009,P0079,Paint,Paint B,39,20,1,58,161.34,161.34
T002747,2025-11-27,S007,P0079,Paint ,Paint B,61,61,2,120,319.77,639.54
T002748,2025-01-21,S003,P0022,Hardware,Hardware A,59,30,2,87,261.68,523.36
T002749,2025-01-17,S001,P0074,Paint,Paint C,38,58,8,88,27.02,216.16
T002750,2026-04-08,S008,P0065,Building Materials,Building Materials C,40,33,1,72,249.34,249.34
T002751,2025-09-12,S007,P0016,Lawn & Garden,Lawn & Garden B,92,7,1,98,212.75,212.75
T002752,2025-08-19,S004,P0080,Electrical,Electrical A,51,75,8,118,241.9,1935.2
T002753,2025-07-07,S006,P0089,Building Materials,Building Materials C,88,28,3,113,168.33,504.99
T002754,2025-04-11,S004,P0029,Appliances,Appliances B,43,31,1,73,87.5,87.5
T002755,2025-08-24,S005,P0055,Appliances,Appliances A,97,60,6,151,60.16,360.96
T002756,2026-04-15,S001,P0021,Building Materials,Building Materials A,41,9,5,45,126.62,633.1
T002757,2025-01-30,S012,P0063,Appliances,Appliances B,41,68,9,100,331.95,2987.55
T002758,2025-02-23,S003,P0035,Building Materials,Building Materials C,86,38,3,121,287.69,863.07
T002759,2025-06-10,S014,P0048,Electrical,Electrical A,29,65,14,80,53.01,742.14
T002760,2025-04-04,S014,P0032,Paint,Paint B,44,28,3,69,316.97,950.91
T002761,2025-03-12,S012,P0079,Plumbing,Plumbing B,88,63,5,146,45.65,228.25
T002762,2026-02-06,S013,P0056,Building Materials,Building Materials A,80,16,5,91,335.91,1679.55
T002763,2025-05-04,S007,P0096,Building Materials,Building Materials A,111,68,2,177,237.6,475.2
T002764,2025-05-15,S014,P0002,Plumbing,Plumbing A,120,9,2,127,164.7,329.4
T002765,2026-01-30,S013,P0065,Electrical,Electrical C,76,57,5,128,231.03,1155.15
T002766,2026-03-09,S015,P0004,Lawn & Garden,Lawn & Garden A,75,4,1,78,262.85,262.85
T002767,2025-04-09,S012,P0007,Building Materials,Building Materials C,106,65,1,170,58.89,58.89
T002768,2025-10-15,S011,P0051,Appliances,Appliances B,71,66,2,135,328.89,657.78
T002769,2025-12-27,S009,P0012,Plumbing,Plumbing C,53,76,9,120,128.8,1159.2
T002770,2025-12-09,S013,P0052,Lawn & Garden,Lawn & Garden C,48,61,5,104,267.46,1337.3
T002771,2026-05-15,S014,P0021,Appliances,Appliances C,70,14,3,81,226.3,678.9
T002772,2025-07-17,S004,P0059,Electrical,Electrical B,59,66,2,123,104.69,209.38
T002773,2025-08-16,S013,P0007,Hardware,Hardware C,113,66,11,168,159.66,1756.26
T002774,2025-09-19,S005,P0045,Lawn & Garden,Lawn & Garden C,59,10,3,66,77.91,233.73
T002775,2026-01-24,S009,P0068,Paint,Paint B,8,71,1,78,161.71,161.71
T002776,2025-12-29,S001,P0056,Electrical,Electrical C,46,51,13,84,215.81,2805.53
T002777,2025-02-19,S011,P0081,Hardware,Hardware A,18,2,1,19,209.29,209.29
T002778,2026-03-15,S013,P0043,Plumbing,Plumbing A,60,61,7,114,90.16,631.12
T002779,2026-05-23,S009,P0089,Hardware,Hardware A,20,53,3,70,210.43,631.29
T002780,2025-04-16,S005,P0019,Paint,Paint A,47,37,5,79,55.37,276.85
T002781,2025-02-02,S012,P0065,Paint,Paint A,75,70,4,141,235.71,942.84
T002782,2025-08-31,S009,P0067,Hardware,Hardware A,12,50,5,57,113.97,569.85
T002783,2026-06-23,S013,P0029,Paint,Paint A,74,10,14,70,17.4,243.6
T002784,2025-08-20,S008,P0003,Paint,Paint C,56,72,12,116,103.07,1236.84
T002785,2026-02-01,S009,P0020,Lawn & Garden,Lawn & Garden B,45,12,1,56,245.07,245.07
T002786,2026-04-09,S006,P0100,Paint,Paint B,21,16,4,33,27.04,108.16
T002787,2026-01-17,S012,P0049,Hardware,Hardware B,13,23,1,35,299.77,299.77
T002788,2025-09-26,S015,P0014,Lawn & Garden,Lawn & Garden C,110,64,5,169,64.77,323.85
T002789,2025-02-14,S009,P0091,Plumbing,Plumbing A,27,74,6,95,298.63,1791.78
T002790,2025-02-04,S009,P0075,Hardware,Hardware A,41,17,1,57,150.37,150.37
T002791,2025-10-16,S005,P0039,Building Materials,Building Materials A,102,33,3,132,57.5,172.5
T002792,2025-07-15,S002,P0093,Building Materials,Building Materials B,9,38,5,42,88.27,441.35
T002793,2025-04-23,S001,P0069,Paint,Paint A,48,80,4,124,138.05,552.2
T002794,2025-09-12,S010,P0086,Hardware,Hardware A,3,33,1,35,139.07,139.07
T002795,2025-05-08,S014,P0014,Lawn & Garden,Lawn & Garden C,40,48,1,87,50.82,50.82
T002796,2026-05-13,S009,P0053,Lawn & Garden,Lawn & Garden C,37,8,2,43,273.76,547.52
T002797,2025-03-13,S002,P0067,Appliances,Appliances C,39,1,2,38,224.65,449.3
T002798,2025-06-10,S011,P0041,Appliances,Appliances B,85,0,2,83,306.87,613.74
T002799,2025-10-09,S013,P0007,Hardware,Hardware B,84,64,1,147,42.23,42.23
T002800,2025-12-29,S015,P0098,Hardware,Hardware B,16,19,3,32,115.63,346.89
T002801,2025-02-25,S012,P0059,Electrical,Electrical A,109,57,9,157,84.09,756.81
T002802,2026-06-22,S001,P0058,Lawn & Garden,Lawn & Garden A,13,29,1,41,92.45,92.45
T002803,2026-02-19,S002,P0039,Appliances,Appliances B,21,54,2,73,13.79,27.58
T002804,2025-02-16,S008,P0045,Hardware,Hardware A,107,4,5,106,37.96,189.8
T002805,2025-10-30,S013,P0053,Appliances,Appliances A,50,4,1,53,118.16,118.16
T002806,2026-06-18,S008,P0052,Lawn & Garden,Lawn & Garden B,48,74,3,119,307.87,923.61
T002807,2026-04-24,S015,P0002,Paint,Paint A,13,3,6,10,146.61,879.66
T002808,2025-03-15,S008,P0057,Plumbing,Plumbing A,40,73,1,112,231.61,231.61
T002809,2025-02-07,S009,P0057,Appliances,Appliances A,9,56,3,62,326.6,979.8
T002810,2025-02-07,S010,P0036,Appliances,Appliances A,34,36,6,64,323.29,1939.74
T002811,2026-03-10,S005,P0058,Building Materials,Building Materials A,84,66,13,137,87.79,1141.27
T002812,2025-12-17,S003,P0048,Building Materials,Building Materials C,61,3,3,61,345.09,1035.27
T002813,2025-02-26,S010,P0040,Paint,Paint C,49,80,1,128,207.59,207.59
T002814,2026-05-05,S014,P0083,Hardware,Hardware A,58,27,1,84,43.49,43.49
T002815,2025-06-08,S009,P0035,Hardware,Hardware C,118,25,1,142,255.19,255.19
T002816,2026-01-21,S011,P0043,Building Materials,Building Materials C,61,49,9,101,60.47,544.23
T002817,2025-09-05,S010,P0036,Building Materials,Building Materials A,61,77,6,132,313.93,1883.58
T002818,2025-04-14,S014,P0062,Building Materials,Building Materials B,16,15,1,30,166.18,166.18
T002819,2025-07-12,S013,P0048,Electrical,Electrical B,26,75,1,100,111.37,111.37
T002820,2025-12-02,S008,P0047,Appliances,Appliances A,30,32,3,59,212.96,638.88
T002821,2026-02-09,S012,P0051,Lawn & Garden,Lawn & Garden A,16,77,6,87,131.84,791.04
T002822,2025-06-27,S001,P0050,Appliances,Appliances A,100,14,4,110,236.05,944.2
T002823,2025-03-17,S002,P0054,Plumbing,Plumbing C,71,33,4,100,165.21,660.84
T002824,2025-03-25,S002,P0018,Plumbing,Plumbing A,86,71,3,154,8.41,25.23
T002825,2026-01-20,S010,P0074,Appliances,Appliances C,113,71,1,183,242.82,242.82
T002826,2025-03-17,S005,P0008,Paint,Paint B,63,59,3,119,189.0,567.0
T002827,2026-01-07,S012,P0041,Hardware,Hardware A,16,9,3,22,215.22,645.66
T002828,2026-02-25,S013,P0028,Appliances,Appliances C,50,36,1,85,256.71,256.71
T002829,2025-08-17,S003,P0004,Building Materials ,Building Materials B,14,80,9,85,97.54,877.86
T002830,2025-03-09,S014,P0053,Hardware,Hardware B,107,31,2,136,101.68,203.36
T002831,2025-08-22,S003,P0085,Electrical,Electrical A,68,19,1,86,277.63,277.63
T002832,2025-04-15,S007,P0023,Lawn & Garden,Lawn & Garden A,33,77,2,108,165.69,331.38
T002833,2025-07-10,S003,P0041,Lawn & Garden,Lawn & Garden B,33,38,2,69,268.47,536.94
T002834,2026-03-16,S012,P0099,Paint,Paint C,14,14,3,25,156.77,470.31
T002835,2025-09-21,S010,P0004,Paint,Paint C,71,63,2,132,16.39,32.78
T002836,2025-02-27,S011,P0099,Hardware,Hardware C,99,61,3,157,311.96,935.88
T002837,2025-04-11,S003,P0089,Appliances,Appliances C,49,30,3,76,257.57,772.71
T002838,2026-02-11,S012,P0051,appliances,Appliances A,41,65,3,103,57.85,173.55
T002839,2025-12-19,S010,P0085,Lawn & Garden,Lawn & Garden C,59,29,4,84,333.37,1333.48
T002840,2026-01-03,S014,P0063,Lawn & Garden,Lawn & Garden B,8,72,4,76,269.17,1076.68
T002841,2025-03-29,S002,,Hardware,Hardware C,50,58,4,104,82.07,328.28
T002842,2026-02-07,S008,P0084,Plumbing,Plumbing B,20,46,5,61,43.59,217.95
T002843,2025-02-01,S009,P0002,Appliances,Appliances B,31,4,1,34,144.09,144.09
T002844,2025-09-16,S009,P0082,Building Materials,Building Materials C,116,21,1,136,167.49,167.49
T002845,2026-06-22,S002,P0026,Building Materials,Building Materials C,91,54,6,139,158.95,953.7
T002846,2025-07-08,S008,P0001,Building Materials,Building Materials A,57,2,2,57,29.91,59.82
T002847,2025-03-13,S011,P0056,Paint,Paint A,89,55,3,141,175.6,526.8
T002848,2025-12-02,S006,P0046,Appliances,Appliances C,2,46,2,46,250.61,501.22
T002849,2025-09-20,S003,P0091,Building Materials,Building Materials B,26,6,13,19,307.97,4003.61
T002850,2025-09-04,S001,P0042,Building Materials,Building Materials C,29,0,1,28,231.73,231.73
T002851,2025-10-09,S008,P0026,Electrical,Electrical A,55,73,1,127,204.42,204.42
T002852,2026-03-02,S007,P0091,Building Materials,Building Materials A,115,54,3,166,152.33,456.99
T002853,2025-01-10,S004,P0032,Plumbing,Plumbing A,35,32,2,65,94.95,189.9
T002854,2026-04-21,S001,P0001,Paint,Paint C,100,42,1,141,106.29,106.29
T002855,2026-02-21,S003,,Lawn & Garden,Lawn & Garden B,21,66,3,84,291.91,875.73
T002856,2025-11-22,S011,P0003,Lawn & Garden,Lawn & Garden B,90,53,3,140,218.42,655.26
T002857,2025-06-16,S006,P0091,Electrical,Electrical A,89,20,2,107,246.76,493.52
T002858,2026-05-31,S004,P0071,Hardware,Hardware C,38,30,2,66,160.21,320.42
T002859,2025-11-10,S007,P0064,Building Materials,Building Materials B,86,25,1,110,263.18,263.18
T002860,2025-12-04,S003,P0100,Plumbing,Plumbing B,87,55,1,141,117.21,117.21
T002861,2025-07-01,S001,P0052,Building Materials,Building Materials A,35,68,2,101,344.25,688.5
T002862,2026-01-03,S015,P0069,Plumbing,Plumbing C,97,75,1,171,10.39,10.39
T002863,2025-11-13,S003,P0017,Lawn & Garden,Lawn & Garden A,89,42,1,130,133.85,133.85
T002864,2025-07-05,S006,P0006,Paint,Paint B,56,41,1,96,200.73,200.73
T002865,2025-07-12,S010,P0058,Plumbing,Plumbing C,90,39,3,126,84.44,253.32
T002866,2025-09-14,S013,P0042,Plumbing,Plumbing C,49,0,2,47,43.6,87.2
T002867,2026-04-21,S013,P0005,Plumbing,Plumbing A,84,21,6,99,308.34,1850.04
T002868,2026-01-20,S001,P0008,Lawn & Garden,Lawn & Garden A,55,9,2,62,101.12,202.24
T002869,2025-08-21,S011,P0001,Hardware,Hardware B,13,14,3,24,141.52,424.56
T002870,2026-05-06,S015,P0074,Plumbing,Plumbing C,13,42,1,54,51.31,51.31
T002871,2025-08-14,S009,P0028,Paint,Paint B,112,66,3,175,263.87,791.61
T002872,2026-06-09,S009,P0051,Paint,Paint A,98,33,1,130,194.77,194.77
T002873,2025-02-22,S015,P0092,Lawn & Garden,Lawn & Garden A,60,30,2,88,228.61,457.22
T002874,2025-11-01,S006,P0036,Hardware,Hardware C,84,32,1,115,316.02,316.02
T002875,2026-04-08,S010,P0052,Plumbing,Plumbing A,17,49,6,60,262.39,1574.34
T002876,2026-04-08,S010,P0046,Appliances,Appliances C,119,33,3,149,141.72,425.16
T002877,2026-06-13,S011,P0043,Paint,Paint C,94,6,5,95,302.88,1514.4
T002878,2026-01-08,S014,P0065,Electrical,Electrical B,28,63,7,84,181.53,1270.71
T002879,2026-05-04,S005,P0068,Plumbing,Plumbing A,86,4,2,88,346.92,693.84
T002880,2025-04-11,S014,P0088,Hardware,Hardware B,12,24,3,33,335.4,1006.2
T002881,2025-08-12,S010,P0050,Building Materials,Building Materials A,91,64,1,154,73.24,73.24
T002882,2025-12-15,S009,P0017,Electrical,Electrical C,93,23,4,112,269.91,1079.64
T002883,2026-02-07,S004,P0041,Building Materials,Building Materials B,88,42,4,126,89.36,357.44
T002884,2025-02-24,S003,P0025,Building Materials,Building Materials A,62,9,4,67,99.6,398.4
T002885,2025-09-06,S006,P0091,Electrical,Electrical B,57,5,2,60,125.88,251.76
T002886,2025-09-15,S004,P0010,Hardware,Hardware B,119,46,10,155,98.79,987.9
T002887,2025-06-13,S009,P0014,Lawn & Garden,Lawn & Garden A,76,11,3,84,325.09,975.27
T002888,2025-01-15,S006,P0054,Appliances,Appliances B,13,19,1,31,259.35,259.35
T002889,2025-01-28, S007 ,P0047,Electrical,Electrical B,88,45,5,128,151.38,756.9
T002890,2025-12-15,S006,P0075,Appliances,Appliances A,27,42,6,63,339.58,2037.48
T002891,2025-11-16,S004,P0028,Paint,Paint A,109,24,1,132,174.95,174.95
T002892,2025-02-06,S009,P0004,Building Materials,Building Materials C,31,51,2,80,261.71,523.42
T002893,2026-03-11,S001,P0073,Building Materials,Building Materials C,7,72,1,78,70.85,70.85
T002894,2026-04-14,S010,P0099,Appliances,,117,59,7,169,228.01,1596.07
T002895,2025-06-26,S001,P0005,Building Materials,Building Materials C,32,39,3,68,298.13,894.39
T002896,2025-04-28,S003,P0049,Paint,Paint A,24,30,1,53,196.52,196.52
T002897,2025-03-16, S010 ,P0095,Building Materials,Building Materials C,100,78,6,172,322.59,1935.54
T002898,2025-03-29,S003,P0021,Hardware,Hardware A,114,71,3,182,304.14,912.42
T002899,2025-10-14,S008,P0024,Plumbing,Plumbing A,79,71,5,145,115.92,579.6
T002900,2025-06-20,S015,P0071,Building Materials,Building Materials A,19,20,4,35,144.88,579.52
T002901,2025-03-23,S007,P0022,Lawn & Garden,Lawn & Garden C,37,33,1,69,26.13,26.13
T002902,2025-10-05,S007,P0063,Appliances,Appliances C,88,2,2,88,150.6,301.2
T002903,2025-09-21,S003,P0044,Electrical,Electrical B,70,59,1,128,82.39,82.39
T002904,2025-01-15,S001,P0057,Plumbing,Plumbing C,34,53,1,86,247.08,247.08
T002905,2026-03-21,S003,P0012,Lawn & Garden,Lawn & Garden C,58,19,1,76,179.04,179.04
T002906,2025-05-20,S013,P0066,building materials,Building Materials B,9,48,11,46,242.96,2672.56
T002907,2026-05-20,S011,P0010,Lawn & Garden,Lawn & Garden B,49,50,4,95,19.38,77.52
T002908,2026-02-16,S005,P0049,Hardware,Hardware C,81,8,4,85,294.63,1178.52
T002909,2025-06-28,S013,P0098,Electrical,Electrical A,46,30,7,69,198.37,1388.59
T002910,2025-01-19,S010,P0011,lawn & garden,Lawn & Garden A,71,33,2,102,342.17,684.34
T002911,2026-04-28,S012,P0001,Lawn & Garden,Lawn & Garden C,62,13,1,74,242.32,242.32
T002912,2025-02-26,S014,P0061,Electrical,Electrical A,28,54,5,77,105.46,527.3
T002913,2026-04-09,S003,P0090,Paint,Paint B,85,6,1,90,149.0,149.0
T002914,2025-01-01,S011,P0007,Hardware,Hardware A,63,71,5,129,286.81,1434.05
T002915,2025-06-02,S011,P0045,Electrical,Electrical C,87,80,1,166,169.96,169.96
T002916,2025-06-26,S015,P0080,Hardware,Hardware B,101,77,1,177,317.33,317.33
T002917,2025-12-08,S004,P0082,Plumbing,Plumbing C,76,57,1,132,152.41,152.41
T002918,2026-01-28,S011,P0085,Paint,Paint C,33,21,5,49,269.13,1345.65
T002919,2025-08-05,S005,P0057,Appliances,Appliances C,11,24,9,26,298.97,2690.73
T002920,2026-03-31,S013,P0055,Plumbing,Plumbing B,98,77,4,171,261.61,1046.44
T002921,2025-01-05,S006,P0068,Electrical,Electrical B,103,58,2,159,270.25,540.5
T002922,2026-02-05,S009,P0067,Appliances,Appliances B,78,4,6,76,101.32,607.92
T002923,2026-02-15,S005,P0022,Paint,Paint A,56,32,1,87,238.45,238.45
T002924,2025-08-03,S005,P0024,Electrical,Electrical A,56,75,1,130,116.53,116.53
T002925,2026-06-15,S013,P0048,Paint,Paint A,32,52,3,81,337.06,1011.18
T002926,2025-11-26,S004,P0077,Plumbing,Plumbing A,45,73,5,113,34.12,170.6
T002927,2026-04-10,S012,,Building Materials,Building Materials C,119,68,2,185,102.05,204.1
T002928,2026-03-05,S003,,Electrical,Electrical C,63,17,2,78,338.99,677.98
T002929,2026-06-14,S015,P0062,Plumbing,Plumbing C,91,78,2,167,303.65,607.3
T002930,2025-09-19,S012,P0078,Lawn & Garden,Lawn & Garden B,49,0,6,43,160.82,964.92
T002931,2026-05-09,S009,P0093,Electrical,Electrical C,101,23,1,123,170.26,170.26
T002932,2025-02-18,S006,P0035,Plumbing,Plumbing A,114,23,1,136,220.55,220.55
T002933,2026-05-31,S011,P0067,Lawn & Garden,Lawn & Garden B,69,67,2,134,209.67,419.34
T002934,2025-09-22,S013,P0058,Electrical,Electrical A,0,14,7,7,88.58,620.06
T002935,2025-08-07,S015,P0054,Appliances,Appliances C,77,55,1,131,120.28,120.28
T002936,2025-08-02,S007,P0033,Building Materials,Building Materials C,14,19,2,31,214.16,428.32
T002937,2026-05-06,S004,P0078,Hardware,Hardware C,44,52,1,95,277.61,277.61
T002938,2026-02-16,S012,P0018,Building Materials,Building Materials C,111,7,2,116,323.19,646.38
T002939,2025-09-16,S001,P0067,Plumbing,Plumbing B,13,48,3,58,338.99,1016.97
T002940,2025-09-05,S001,P0032,Building Materials,Building Materials B,22,62,1,83,336.4,336.4
T002941,2026-04-13,S007,P0046,Building Materials,Building Materials A,13,16,6,23,281.53,1689.18
T002942,2025-07-10,S015,P0072,Hardware,Hardware C,6,50,3,53,267.34,802.02
T002943,2026-06-07,S009,P0043,Hardware,Hardware B,55,41,2,94,87.22,174.44
T002944,2026-06-19,S006,P0023,Building Materials,Building Materials A,117,66,3,180,328.84,986.52
T002945,2025-11-20,S005,P0079,Hardware,Hardware C,77,67,4,140,323.44,1293.76
T002946,2026-06-30,S008,P0037,Appliances,Appliances B,31,10,1,40,60.71,60.71
T002947,2026-04-17,S013,P0012,Paint,Paint A,20,2,4,18,79.69,318.76
T002948,2025-10-28,S013,P0017,Hardware,Hardware C,49,17,7,59,172.34,1206.38
T002949,2026-04-28,S009,P0019,Hardware,Hardware C,3,31,1,33,137.52,137.52
T002950,2025-08-20,S008,P0035,Appliances,Appliances C,23,68,2,89,10.48,20.96
T002951,2026-01-13,S004,P0062,Electrical,Electrical B,83,16,2,97,67.33,134.66
T002952,2025-02-07,S005,P0008,Electrical,Electrical A,45,74,5,114,124.16,620.8
T002953,2025-05-10,S009,P0022,Electrical,Electrical B,2,39,1,40,323.59,323.59
T002954,2025-06-06,S006,P0043,Electrical,Electrical B,66,77,4,139,318.62,1274.48
T002955,2026-04-06,S011,P0059,Appliances,Appliances B,53,61,2,112,43.66,87.32
T002956,2026-03-08,S013,P0082,Plumbing,Plumbing B,82,58,9,131,144.71,1302.39
T002957,2026-01-25,S001,P0078,Electrical,Electrical B,118,33,2,149,184.1,368.2
T002958,2025-07-02,S014,P0080,Appliances,Appliances C,69,77,1,145,63.76,63.76
T002959,2025-01-11,S014,P0085,Hardware,Hardware A,78,33,5,106,89.79,448.95
T002960,2025-06-13,S005,P0054,Appliances,Appliances B,81,71,4,148,149.1,596.4
T002961,2025-02-18,S014,P0029,Building Materials,Building Materials C,88,15,3,100,182.99,548.97
T002962,2026-01-20,S009,P0019,Building Materials,Building Materials A,70,79,7,142,129.7,907.9
T002963,2025-02-09,S011,P0070,Appliances,Appliances A,27,26,1,52,133.16,133.16
T002964,2025-01-22,S011,P0017,Paint,Paint B,65,58,1,122,175.92,175.92
T002965,2026-01-12,S012,P0060,Lawn & Garden,Lawn & Garden C,45,63,3,105,315.11,945.33
T002966,2025-01-27,S006,P0044,Paint,Paint A,49,17,3,63,243.41,730.23
T002967,2026-01-09,S015,P0037,Appliances,Appliances C,44,20,2,62,84.7,169.4
T002968,2025-05-27,S008,P0008,Paint,Paint C,64,20,1,83,228.67,228.67
T002969,2025-03-10,S011,P0079,Paint,Paint A,106,47,2,151,39.65,79.3
T002970,2025-07-29,S013,P0006,Plumbing,Plumbing C,80,49,9,120,54.34,489.06
T002971,2025-05-25,S001,P0039,Building Materials,Building Materials C,109,30,1,138,131.93,131.93
T002972,2025-10-19,S001,P0037,Paint,Paint C,25,55,3,77,67.12,201.36
T002973,2025-09-14,S003,P0012,Plumbing,Plumbing C,70,4,4,70,38.28,153.12
T002974,2025-11-21,S010,P0075,Appliances,Appliances C,118,61,5,174,17.2,86.0
T002975,2025-08-31,S006,P0020,Electrical,Electrical B,70,76,5,141,10.79,53.95
T002976,2025-08-27,S013,P0034,Lawn & Garden,Lawn & Garden C,8,25,2,31,133.48,266.96
T002977,2026-04-18,S009,P0055,Hardware,Hardware A,30,37,1,66,71.49,71.49
T002978,2025-06-19,S002,P0080,Paint,Paint C,10,28,9,29,77.71,699.39
T002979,2025-06-16,S009,P0080,Lawn & Garden,Lawn & Garden A,82,67,6,143,198.17,1189.02
T002980,2026-01-05,S004,P0021,Appliances,Appliances C,73,75,3,145,44.83,134.49
T002981,2026-02-06,S012,P0072,Plumbing,Plumbing C,56,19,8,67,78.76,630.08
T002982,2025-02-25,S015,P0039,Paint,Paint C,116,61,1,176,346.75,346.75
T002983,2025-04-05,S002,P0080,Lawn & Garden,Lawn & Garden B,41,3,1,43,107.37,107.37
T002984,2025-09-12,S013,P0035,Electrical,Electrical C,3,63,3,63,133.81,401.43
T002985,2025-03-01,S008,P0092,Hardware,Hardware B,19,45,3,61,264.89,794.67
T002986,2026-01-22,S012,P0097,Building Materials,Building Materials A,106,25,1,130,142.88,142.88
T002987,2025-02-26,S013,P0041,Paint,Paint B,3,24,5,22,341.98,1709.9
T002988,2025-03-03,S007,P0055,Plumbing,Plumbing B,44,76,1,119,15.77,15.77
T002989,2026-02-11,S011,P0051,Lawn & Garden,Lawn & Garden A,17,31,4,44,302.56,1210.24
T002990,2025-11-22,S014,P0067,Appliances,Appliances A,110,8,4,114,206.36,825.44
T002991,2025-08-10,S004,P0039,Plumbing,Plumbing A,51,43,3,91,281.29,843.87
T002992,2026-06-23, S004 ,P0071,Lawn & Garden,Lawn & Garden C,59,42,1,100,66.52,66.52
T002993,2026-06-22,S015,P0042,Lawn & Garden,Lawn & Garden C,47,70,7,110,56.35,394.45
T002994,2025-04-26,S010,P0028,Plumbing,Plumbing A,53,3,2,54,313.8,627.6
T002995,2025-08-29,S008,P0055,Lawn & Garden,Lawn & Garden C,70,62,2,130,318.84,637.68
T002996,2025-09-04,S001,P0069,Appliances,Appliances B,52,32,1,83,245.64,245.64
T002997,2025-10-08,S007,P0067,Paint,Paint B,34,12,5,41,330.76,1653.8
T002998,2025-08-22,S008,P0014,Electrical,Electrical B,73,56,2,127,312.47,624.94
T002999,2025-01-05,S002,P0066,Appliances,Appliances C,32,10,1,41,273.48,273.48
T003000,2025-08-08,S007,P0090,Appliances,Appliances A,48,15,6,57,149.61,897.66
T003001,2026-01-20,S002,P0010,Lawn & Garden ,Lawn & Garden C,95,2,3,94,64.9,194.7
T003002,2025-12-26,S003,P0034,Paint,Paint B,31,48,6,73,179.27,1075.62
T003003,2025-08-26,S008,P0064,Appliances,Appliances B,25,37,3,59,283.98,851.94
T003004,2025-12-13, S006 ,P0073,Paint,Paint B,3,1,1,3,277.47,277.47
T003005,2026-02-28,S003,P0083,Building Materials,Building Materials B,28,66,1,93,273.2,273.2
T003006,2025-04-12,S014,P0084,Paint,Paint B,102,26,3,125,262.36,787.08
T003007,2025-02-26,S006,P0075,Plumbing,Plumbing C,2,74,2,74,223.8,447.6
T003008,2026-02-21,S015,P0088,Electrical,Electrical A,8,24,5,27,193.91,969.55
T003009,2025-01-20,S005,P0031,Plumbing,Plumbing C,71,34,1,104,222.9,222.9
T003010,2025-01-16,S007,P0089,Building Materials,Building Materials B,42,73,4,111,325.36,1301.44
T003011,2025-12-30,S005,P0033,Lawn & Garden,Lawn & Garden C,73,42,3,112,140.42,421.26
T003012,2026-05-03,S012,P0090,Electrical,Electrical B,43,21,1,63,52.61,52.61
T003013,2025-03-10,S008,P0083,Building Materials,Building Materials B,74,36,2,108,112.66,225.32
T003014,2025-05-01,S012,P0053,Building Materials,Building Materials C,20,54,1,73,85.96,85.96
T003015,2025-02-17,S002,P0007,Hardware,Hardware A,13,16,10,19,167.07,1670.7
T003016,2026-02-19,S012,P0010,Paint,Paint A,34,72,4,102,22.01,88.04
T003017,2025-06-27,S012,P0081,Paint,Paint A,44,19,1,62,115.18,115.18
T003018,2025-08-07,S003,P0062,Paint,Paint C,91,45,9,127,284.91,2564.19
T003019,2025-08-02,S015,P0007,Building Materials,Building Materials B,48,35,1,82,310.76,310.76
T003020,2025-12-16,S009,P0067,Building Materials,Building Materials C,8,67,1,74,257.3,257.3
T003021,2026-06-19,S005,P0077,Appliances,Appliances C,62,73,2,133,328.11,656.22
T003022,2026-02-15,S005,P0033,Hardware,Hardware C,13,74,3,84,230.18,690.54
T003023,2025-11-07,S012,P0023,Plumbing,Plumbing B,62,27,5,84,306.62,1533.1
T003024,2025-12-11,S003,P0091,Building Materials,Building Materials B,85,61,1,145,350.0,350.0
T003025,2026-04-15,S001,P0001,Hardware,Hardware C,15,80,3,92,199.69,599.07
T003026,2025-03-30,S011,P0097,Paint,Paint C,70,20,2,88,291.28,582.56
T003027,2026-02-23,S007,P0086,Hardware,Hardware C,69,55,3,121,14.68,44.04
T003028,2026-01-05,S002,P0059,Hardware,Hardware B,105,67,2,170,145.66,291.32
T003029,2025-07-13,S012,P0088,Hardware,Hardware A,95,75,2,168,292.53,585.06
T003030,2026-06-17,S001,P0100,Lawn & Garden,Lawn & Garden C,93,53,2,144,183.14,366.28
T003031,2025-08-19,S001,P0022,Hardware,Hardware C,113,65,9,169,20.01,180.09
T003032,2026-03-22,S012,P0063,Electrical,Electrical C,52,22,2,72,158.57,317.14
T003033,2025-10-03,S007,P0044,Electrical,Electrical B,60,50,7,103,53.57,374.99
T003034,2026-05-30,S008,,Lawn & Garden,Lawn & Garden B,73,44,3,114,178.46,535.38
T003035,2025-05-16,S003,P0097,Appliances,Appliances A,22,50,3,69,157.61,472.83
T003036,2026-02-03,S015,P0085,Electrical,Electrical B,118,47,3,162,66.77,200.31
T003037,2025-02-03,S013,P0060,Plumbing,Plumbing B,5,48,4,49,273.24,1092.96
T003038,2025-06-02,S008,P0035,Hardware,Hardware C,15,16,2,29,171.69,343.38
T003039,2025-01-26,S012,P0008,Plumbing,Plumbing B,112,26,6,132,295.47,1772.82
T003040,2025-07-18,S008,P0018,Hardware,Hardware A,33,16,4,45,82.25,329.0
T003041,2026-06-17,S008,P0030,Building Materials,Building Materials A,22,23,1,44,178.07,178.07
T003042,2025-08-23,S008,,Plumbing,Plumbing C,113,6,1,118,247.04,247.04
T003043,2025-09-15,S004,P0005,Paint,Paint B,25,24,9,40,11.81,106.29
T003044,2026-06-11,S009,P0027,Electrical,Electrical B,98,10,3,105,144.33,432.99
T003045,2025-01-13,S008,P0035,Building Materials,Building Materials B,67,80,1,146,42.55,42.55
T003046,2026-03-08,S011,P0074,Hardware,Hardware C,83,80,2,161,13.66,27.32
T003047,2025-05-28,S006,P0013,Hardware,Hardware C,101,28,6,123,246.28,1477.68
T003048,2025-07-31,S003,P0092,Paint,Paint B,77,54,2,129,75.79,151.58
T003049,2025-05-16,S009,P0068,Building Materials,Building Materials C,4,28,2,30,282.55,565.1
T003050,2026-06-15,S011,P0028,Building Materials,Building Materials A,2,30,5,27,245.14,1225.7
T003051,2026-03-07,S013,P0045,Electrical,Electrical A,93,3,4,92,240.88,963.52
T003052,2026-06-21,S011,P0052,Paint,Paint A,58,28,4,82,145.92,583.68
T003053,2026-06-29,S004,P0055,Building Materials,Building Materials C,92,78,5,165,207.58,1037.9
T003054,2025-11-14,S014,P0019,Hardware,Hardware B,13,41,1,53,65.76,65.76
T003055,2025-10-30,S010,P0027,Paint,Paint B,77,32,1,108,85.93,85.93
T003056,2025-12-23,S013,P0042,Paint,Paint B,55,47,1,101,149.85,149.85
T003057,2025-02-24,S012,P0020,Plumbing,Plumbing A,18,59,1,76,13.37,13.37
T003058,2025-06-21,S012,P0045,Hardware,Hardware C,26,23,2,47,279.8,559.6
T003059,2025-10-02,S004,P0073,Lawn & Garden,Lawn & Garden A,50,0,3,47,153.72,461.16
T003060,2026-06-16,S007,P0056,Paint,Paint C,56,26,8,74,15.83,126.64
T003061,2026-04-04,S013,P0100,Lawn & Garden,Lawn & Garden C,25,60,3,82,222.76,668.28
T003062,2026-05-11,S013,P0056,Appliances,Appliances C,76,25,2,99,237.45,474.9
T003063,2026-01-10,S009,P0082,Appliances,Appliances A,96,62,1,157,105.66,105.66
T003064,2025-11-04,S015,P0033,Hardware,Hardware A,29,69,2,96,243.52,487.04
T003065,2025-11-30,S009,P0017,Lawn & Garden,Lawn & Garden A,49,55,9,95,233.44,2100.96
T003066,2025-11-07,S008,P0095,Hardware,Hardware A,118,69,9,178,210.95,1898.55
T003067,2025-12-30,S010,P0006,Plumbing,Plumbing B,79,27,2,104,181.77,363.54
T003068,2025-09-03,S009,P0006,Plumbing,Plumbing C,106,49,1,154,228.56,228.56
T003069,2025-08-16,S013,P0039,Plumbing,Plumbing A,67,51,2,116,130.55,261.1
T003070,2025-12-31,S001,P0050,Plumbing,Plumbing A,8,0,8,0,180.51,1444.08
T003071,2025-10-25,S007,P0049,Appliances,Appliances B,7,27,2,32,208.89,417.78
T003072,2025-05-06,S012,P0085,Appliances,Appliances B,22,14,5,31,35.72,178.6
T003073,2026-02-19,S006,P0090,Electrical,Electrical C,90,64,3,151,277.72,833.16
T003074,2025-02-15,S013,P0006,Plumbing,Plumbing B,66,77,1,142,49.94,49.94
T003075,2026-02-15,S002,P0001,Plumbing,Plumbing A,40,0,3,37,184.34,553.02
T003076,2026-05-09,S013,P0025,Lawn & Garden,Lawn & Garden A,112,3,5,110,44.23,221.15
T003077,2025-04-07,S002,P0070,Electrical,Electrical C,95,11,1,105,26.74,26.74
T003078,2026-02-15,S013,P0081,Paint,Paint B,45,43,5,83,20.37,101.85
T003079,2025-08-16, S007 ,P0074,Lawn & Garden,Lawn & Garden B,55,63,3,115,35.87,107.61
T003080,2025-06-01,S014,P0077,Building Materials,Building Materials C,106,71,5,172,63.72,318.6
T003081,2025-01-18,S015,P0063,Paint,Paint A,10,19,4,25,213.26,853.04
T003082,2025-07-19,S010,P0036,Electrical,Electrical A,5,72,1,76,336.91,336.91
T003083,2025-02-23,S008,P0028,Plumbing,Plumbing C,118,60,2,176,32.98,65.96
T003084,2026-04-05,S009,P0033,Appliances,Appliances B,8,23,2,29,144.6,289.2
T003085,2025-08-24,S007,P0008,Lawn & Garden,Lawn & Garden B,54,40,1,93,330.57,330.57
T003086,2025-02-19,S002,P0083,Lawn & Garden,Lawn & Garden A,85,16,3,98,315.53,946.59
T003087,2025-08-15,S001,P0026,Building Materials,Building Materials B,111,65,11,165,130.15,1431.65
T003088,2025-06-04,S002,P0029,Plumbing,Plumbing B,43,76,6,113,287.07,1722.42
T003089,2025-04-18,S015,P0003,Lawn & Garden,Lawn & Garden C,13,73,7,79,140.32,982.24
T003090,2025-02-01, S003 ,P0045,Appliances,Appliances A,6,27,1,32,56.22,56.22
T003091,2025-04-16,S015,P0089,Lawn & Garden,Lawn & Garden A,95,52,7,140,94.59,662.13
T003092,2026-05-27,S005,P0014,Appliances,Appliances C,34,54,9,79,295.55,2659.95
T003093,2026-02-18,S010,P0002,Paint,Paint C,116,64,1,179,121.69,121.69
T003094,2025-12-15,S007,P0051,Lawn & Garden,Lawn & Garden C,79,69,4,144,83.39,333.56
T003095,2025-05-26,S005,P0078,Appliances,Appliances B,79,2,4,77,56.93,227.72
T003096,2026-03-30,S003,P0056,Electrical,Electrical A,80,68,2,146,238.67,477.34
T003097,2025-12-20,S001,P0025,Appliances,Appliances B,36,63,3,96,328.85,986.55
T003098,2025-10-28,S012,P0087,Hardware,Hardware C,116,1,4,113,117.5,470.0
T003099,2026-04-02, S002 ,P0050,Appliances,Appliances B,98,69,2,165,140.34,280.68
T003100,2025-05-11,S013,P0035,Hardware,Hardware C,80,52,6,126,211.32,1267.92
T003101,2026-05-25,S008,P0096,Plumbing,Plumbing C,20,8,1,27,109.01,109.01
T003102,2025-03-30,S003,P0092,Electrical,Electrical A,25,43,2,66,101.54,203.08
T003103,2026-06-18,S012,P0042,Plumbing,Plumbing C,39,76,5,110,294.49,1472.45
T003104,2025-02-27,S013,P0044,Building Materials,Building Materials A,116,29,10,135,222.07,2220.7
T003105,2025-10-06,S015,P0048,Hardware,Hardware A,106,79,6,179,120.65,723.9
T003106,2025-05-07,S010,P0001,Appliances,Appliances A,74,34,3,105,323.1,969.3
T003107,2025-10-11,S011,P0090,Plumbing,Plumbing A,3,68,2,69,104.11,208.22
T003108,2025-07-21,S014,P0088,Paint,Paint B,61,75,2,134,307.58,615.16
T003109,2025-06-02,S015,P0013,Appliances,Appliances B,18,29,2,45,326.25,652.5
T003110,2026-06-14,S009,P0011,Appliances,Appliances C,5,72,1,76,13.3,13.3
T003111,2026-04-20,S013,P0067,Lawn & Garden,Lawn & Garden B,86,42,10,118,285.28,2852.8
T003112,2025-12-22,S007,P0017,Building Materials,Building Materials C,66,68,3,131,110.77,332.31
T003113,2025-06-02,S005,P0041,Electrical,Electrical C,81,41,1,121,71.5,71.5
T003114,2025-07-11,S001,P0071,Electrical,Electrical A,32,43,4,71,344.84,1379.36
T003115,2026-04-29,S001,P0021,Electrical,Electrical B,55,48,1,102,143.67,143.67
T003116,2026-05-23,S006,P0039,Paint,Paint C,57,10,6,61,291.11,1746.66
T003117,2025-03-15,S014,P0088,Plumbing,Plumbing A,49,71,1,119,253.14,253.14
T003118,2025-05-20,S003,P0051,Appliances,Appliances C,61,37,5,93,231.96,1159.8
T003119,2025-08-14,S011,P0001,Plumbing,Plumbing A,49,10,2,57,13.21,26.42
T003120,2026-01-27,S006,P0040,Paint,Paint B,119,26,3,142,114.67,344.01
T003121,2025-05-06,S014,P0088,Electrical,Electrical A,31,35,5,61,85.66,428.3
T003122,2026-04-24,S002,P0004,Appliances,Appliances A,101,38,2,137,263.24,526.48
T003123,2025-12-31,S012,P0071,Hardware,Hardware C,67,67,5,129,31.54,157.7
T003124,2025-05-14,S006,P0015,Lawn & Garden,Lawn & Garden C,77,32,1,108,60.48,60.48
T003125,2026-05-18,S010,P0037,Plumbing,Plumbing A,26,27,8,45,333.78,2670.24
T003126,2025-09-28,S001,P0072,Hardware,Hardware A,26,15,6,35,107.12,642.72
T003127,2026-06-22,S013,P0028,hardware,Hardware C,58,60,3,115,166.46,499.38
T003128,2026-02-17,S007,P0050,Plumbing,Plumbing B,0,57,7,50,145.56,1018.92
T003129,2025-06-08,S014,P0016,Building Materials,Building Materials C,16,15,6,25,228.6,1371.6
T003130,2025-06-18,S009,P0062,Plumbing,Plumbing B,17,54,3,68,268.79,806.37
T003131,2025-01-12,S012,P0039,Plumbing,Plumbing B,107,55,3,159,228.2,684.6
T003132,2026-02-11,S015,P0005,Electrical,Electrical C,29,12,1,40,128.49,128.49
T003133,2025-12-15,S013,P0067,Paint,Paint B,71,11,3,79,205.77,617.31
T003134,2026-03-20,S002,P0045,Building Materials,Building Materials B,3,49,1,51,70.01,70.01
T003135,2025-01-20,S009,P0040,Paint,Paint C,101,48,5,144,328.78,1643.9
T003136,2025-12-13,S006,P0075,Electrical,Electrical C,70,80,5,145,344.82,1724.1
T003137,2025-09-10,S010,P0064,Plumbing,Plumbing A,26,52,1,77,323.12,323.12
T003138,2026-05-16,S008,P0052,Hardware,Hardware C,62,46,8,100,176.39,1411.12
T003139,2025-11-13,S008,P0012,Electrical,Electrical C,44,28,1,71,32.96,32.96
T003140,2025-11-01,S007,P0023,Plumbing,Plumbing B,24,25,17,32,300.4,5106.8
T003141,04/28/2025,S014,P0047,Appliances,Appliances A,10,28,3,35,40.14,120.42
T003142,2025-10-17,S012,P0024,Building Materials,Building Materials B,63,79,8,134,340.36,2722.88
T003143,2025-03-31,S014,P0001,Paint,Paint C,12,49,1,60,333.16,333.16
T003144,2025-01-19,S014,P0040,Paint,Paint C,11,43,2,52,214.15,428.3
T003145,2026-01-26,S010,P0059,Lawn & Garden,Lawn & Garden B,29,49,2,76,165.93,331.86
T003146,2025-02-16,S013,P0024,Building Materials,Building Materials B,39,28,1,66,69.97,69.97
T003147,2026-03-26,S015,P0021,Electrical,Electrical B,60,13,1,72,220.19,220.19
T003148,2026-03-31,S004,P0080,Building Materials,Building Materials B,15,14,2,27,167.68,335.36
T003149,2026-04-23,S008,,Building Materials,Building Materials C,93,52,4,141,284.46,1137.84
T003150,2026-06-05,S012,P0071,Lawn & Garden,Lawn & Garden C,53,8,1,60,242.84,242.84
T003151,2025-07-25,S009,P0045,Hardware,Hardware B,104,75,2,177,302.8,605.6
T003152,2026-02-25,S005,P0036,Hardware,Hardware A,25,19,1,43,65.53,65.53
T003153,2025-12-26,S007,P0077,Plumbing,Plumbing B,66,56,3,119,259.49,778.47
T003154,2025-09-29,S012,P0057,Appliances,Appliances B,80,30,5,105,128.93,644.65
T003155,2025-02-06,S011,P0092,Building Materials,Building Materials B,46,30,3,73,16.04,48.12
T003156,2025-10-07,S014,P0087,Paint,Paint C,40,29,2,67,217.01,434.02
T003157,2025-12-24,S009,,Plumbing,Plumbing A,61,67,6,122,272.32,1633.92
T003158,2026-01-16,S010,P0052,Building Materials,Building Materials A,15,31,4,42,254.79,1019.16
T003159,2025-10-11, S001 ,P0100,Hardware,Hardware A,7,35,3,39,164.84,494.52
T003160,2025-09-21,S006,P0004,Appliances,Appliances A,112,18,1,129,282.34,282.34
T003161,2026-03-19,S004,P0027,Electrical,Electrical B,82,54,6,130,167.81,1006.86
T003162,2026-03-19,S001,P0096,Building Materials,Building Materials A,17,62,4,75,298.96,1195.84
T003163,2025-12-10,S003,P0077,Plumbing,Plumbing A,97,73,4,166,250.38,1001.52
T003164,2025-07-03,S008,P0081,Hardware,Hardware A,68,14,2,80,173.17,346.34
T003165,2026-06-15,S010,P0034,Hardware,Hardware B,60,25,2,83,201.5,403.0
T003166,2025-03-31,S005,P0034,Building Materials,Building Materials B,83,47,10,120,160.94,1609.4
T003167,2025-12-16,S013,P0003,Electrical,Electrical C,82,23,2,103,267.03,534.06
T003168,2026-06-25,S006,P0061,Hardware,Hardware B,10,69,1,78,28.68,28.68
T003169,2026-02-13,S014,P0013,Building Materials,Building Materials C,24,62,3,83,45.55,136.65
T003170,2025-11-01,S002,P0087,Paint,Paint C,116,31,3,144,338.38,1015.14
T003171,2026-06-02,S001,P0100,Hardware ,Hardware C,5,80,6,79,30.62,183.72
T003172,2025-01-31,S005,P0055,Appliances,Appliances B,58,67,2,123,20.25,40.5
T003173,2025-10-03,S004,P0066,Plumbing,Plumbing A,66,44,5,105,85.98,429.9
T003174,2025-01-08,S015,P0038,Electrical,Electrical C,23,65,8,80,52.22,417.76
T003175,2026-06-03,S013,P0032,Paint,Paint B,32,31,4,59,282.83,1131.32
T003176,2026-05-30,S005,P0035,Electrical,Electrical A,84,73,1,156,196.38,196.38
T003177,2025-07-10,S001,P0081,Hardware,Hardware C,55,0,4,51,311.51,1246.04
T003178,2025-02-25,S012,P0016,Electrical,Electrical A,116,4,2,118,78.7,157.4
T003179,2026-01-26,S004,P0026,Appliances,Appliances C,21,31,3,49,289.3,867.9
T003180,2025-09-08,S008,P0004,Lawn & Garden,Lawn & Garden C,102,45,3,144,210.86,632.58
T003181,2026-04-20,S015,P0027,Building Materials,Building Materials A,110,80,1,189,48.18,48.18
T003182,2025-01-05,S005,P0003,Building Materials,Building Materials A,68,17,2,83,34.81,69.62
T003183,2026-06-14,S013,P0017,Appliances,Appliances B,15,4,1,18,188.69,188.69
T003184,2025-11-01,S005,P0068,Paint,Paint B,66,45,2,109,82.39,164.78
T003185,2026-06-23,S003,P0096,Electrical,Electrical C,87,41,6,122,120.69,724.14
T003186,2025-06-10,S003,P0063,Plumbing,Plumbing C,65,17,3,79,72.23,216.69
T003187,2025-04-11,S006,P0065,Building Materials,Building Materials B,59,53,4,108,132.87,531.48
T003188,2025-12-13,S001,P0076,Building Materials,Building Materials A,15,73,3,85,328.41,985.23
T003189,2025-11-07,S012,P0034,Lawn & Garden,Lawn & Garden B,86,43,2,127,140.59,281.18
T003190,2025-04-28,S014,P0092,Electrical,Electrical C,73,17,3,87,18.41,55.23
T003191,2025-12-07,S008,P0004,Plumbing,Plumbing B,46,44,1,89,211.72,211.72
T003192,2026-01-13,S009,P0043,Lawn & Garden ,Lawn & Garden A,64,17,5,76,301.71,1508.55
T003193,2026-04-08,S008,P0081,Hardware,Hardware B,111,23,1,133,135.26,135.26
T003194,2026-04-04,S014,P0019,Electrical,Electrical C,103,31,4,130,208.68,834.72
T003195,2025-10-19,S015,P0043,Electrical,Electrical C,70,39,2,107,344.28,688.56
T003196,2025-04-19,S007,P0056,Building Materials,Building Materials A,43,53,1,95,239.79,239.79
T003197,2025-08-15,S015,P0044,Appliances,Appliances A,55,57,1,111,273.57,273.57
T003198,2025-06-08,S003,P0100,Hardware,Hardware A,50,46,4,92,240.4,961.6
T003199,2025-04-26,S011,P0089,Building Materials,Building Materials B,116,6,12,110,43.3,519.6
T003200,2025-10-24,S006,P0046,Lawn & Garden,Lawn & Garden B,46,55,3,98,311.6,934.8
T003201,2025-08-08,S006,P0027,Plumbing,Plumbing C,110,53,11,152,173.41,1907.51
T003202,2025-01-08,S013,P0039,Paint,Paint C,64,53,1,116,39.35,39.35
T003203,2026-01-15,S011,P0043,Hardware,Hardware C,20,11,2,29,117.8,235.6
T003204,2026-01-28,S013,P0006,Lawn & Garden,Lawn & Garden C,111,8,3,116,338.21,1014.63
T003205,2026-06-15,S009,P0065,Electrical,Electrical C,11,4,4,11,240.29,961.16
T003206,2025-04-06,S006,P0014,Plumbing,Plumbing A,20,51,1,70,67.24,67.24
T003207,2025-09-01, S004 ,P0091,Lawn & Garden,Lawn & Garden B,75,5,4,76,91.1,364.4
T003208,2026-04-04,S003,P0067,Paint,Paint A,78,27,2,103,199.38,398.76
T003209,2026-02-27,S008,P0099,Hardware,Hardware B,112,34,7,139,92.98,650.86
T003210,2025-11-03,S012,P0066,Appliances,Appliances A,95,51,3,143,108.53,325.59
T003211,2025-11-11,S014,P0036,Appliances,Appliances B,71,24,16,79,166.38,2662.08
T003212,2026-03-21,S004,P0053,Hardware,Hardware C,41,66,2,105,276.43,552.86
T003213,2025-11-06,S010,P0035,Lawn & Garden,Lawn & Garden A,67,57,7,117,114.4,800.8
T003214,2025-08-11,S010,P0073,Paint,Paint B,103,41,8,136,93.27,746.16
T003215,2025-10-13,S003,P0002,Paint,Paint B,74,1,1,74,278.95,278.95
T003216,2026-02-02,S007,P0050,Paint,Paint C,114,15,5,124,29.85,149.25
T003217,2025-05-30,S011,P0032,Plumbing,Plumbing C,112,17,2,127,223.51,447.02
T003218,2025-08-20,S004,P0060,Building Materials,Building Materials B,99,34,1,132,249.79,249.79
T003219,2026-02-28,S015,P0063,Electrical,Electrical C,66,41,7,100,310.07,2170.49
T003220,2025-12-02,S007,P0075,Paint,Paint B,57,51,2,106,239.12,478.24
T003221,2026-04-17,S007,P0065,Lawn & Garden ,Lawn & Garden C,113,45,1,157,8.73,8.73
T003222,2026-05-06,S007,P0084,Electrical,Electrical C,77,33,3,107,95.36,286.08
T003223,2026-01-12,S002,P0053,Electrical,Electrical B,112,32,8,136,129.46,1035.68
T003224,2026-06-07,S008,P0056,Electrical,Electrical B,110,47,1,156,252.65,252.65
T003225,2026-06-25,S011,P0045,Paint,Paint A,52,47,5,94,283.13,1415.65
T003226,2025-11-24,S009,P0007,Appliances,Appliances C,24,23,1,46,97.98,97.98
T003227,2026-03-10,S012,P0053,Building Materials,Building Materials A,85,75,8,152,300.14,2401.12
T003228,2025-04-09,S007,P0001,Appliances,Appliances C,78,9,4,83,281.74,1126.96
T003229,2025-03-25,S005,P0068,Electrical,Electrical B,83,37,1,119,315.86,315.86
T003230,2025-12-08,S008,P0017,Appliances,Appliances C,78,79,5,152,69.63,348.15
T003231,2026-05-31,S001,P0025,Electrical,Electrical A,61,46,2,105,222.61,445.22
T003232,2025-06-06,S002,P0018,Hardware,Hardware C,36,43,1,78,208.98,208.98
T003233,2026-04-03,S014,P0031,Building Materials,Building Materials A,10,78,2,86,104.93,209.86
T003234,2026-03-12,S006,P0053,Hardware,Hardware A,25,51,5,71,68.03,340.15
T003235,2026-03-05,S003,P0098,Electrical,Electrical B,43,19,1,61,119.45,119.45
T003236,2026-02-19, S015 ,P0081,Hardware,Hardware C,58,40,1,97,27.65,27.65
T003237,2026-03-24,S008,P0071,Appliances,Appliances B,40,59,2,97,206.03,412.06
T003238,2026-06-20,S014,P0012,Hardware,Hardware B,76,25,7,94,305.37,2137.59
T003239,2025-08-24,S012,P0098,Building Materials,Building Materials A,47,34,7,74,223.34,1563.38
T003240,2026-03-05,S008,P0043,Plumbing,Plumbing A,74,37,2,109,314.56,629.12
T003241,2025-06-01,S003,P0035,Hardware,Hardware C,95,67,2,160,98.65,197.3
T003242,2025-01-26,S012,P0019,Appliances,Appliances B,99,8,1,106,31.54,31.54
T003243,2025-04-11,S010,P0007,Building Materials,Building Materials A,99,46,1,144,105.28,105.28
T003244,2025-01-07,S008,P0041,Paint,Paint B,24,59,1,82,247.37,247.37
T003245,2025-10-16,S007,P0016,Plumbing,Plumbing B,118,57,3,172,87.78,263.34
T003246,2025-10-04,S001,P0057,Appliances,Appliances A,89,79,7,161,124.63,872.41
T003247,2025-08-06,S014,P0081,Lawn & Garden,Lawn & Garden C,57,69,1,125,168.98,168.98
T003248,2026-01-19,S006,P0005,Lawn & Garden,Lawn & Garden A,94,30,1,123,176.8,176.8
T003249,2025-03-12,S011,P0008,Electrical,Electrical C,105,75,4,176,132.17,528.68
T003250,2025-03-17,S010,P0063,Building Materials,Building Materials B,63,3,5,61,106.33,531.65
T003251,2026-01-30,S012,P0045,Paint,Paint C,111,45,1,155,109.24,109.24
T003252,2026-01-13,S001,,Paint,Paint B,48,47,9,86,299.55,2695.95
T003253,2025-11-25,S003,P0055,Paint,Paint C,14,74,2,86,70.34,140.68
T003254,2026-01-28,S014,P0095,Appliances,Appliances A,65,2,1,66,199.9,199.9
T003255,2025-08-14, S014 ,P0056,Appliances,Appliances C,75,35,1,109,230.08,230.08
T003256,2025-02-20,S014,P0007,Building Materials,Building Materials A,51,21,1,71,178.86,178.86
T003257,2026-06-21,S008,P0060,Plumbing,Plumbing B,100,6,6,100,299.09,1794.54
T003258,2026-06-03,S015,P0017,Appliances,Appliances A,54,76,3,127,200.6,601.8
T003259,2025-07-27,S006,P0082,Lawn & Garden,Lawn & Garden B,102,72,7,167,141.5,990.5
T003260,2025-12-29,S004,P0016,Electrical,Electrical B,118,72,2,188,90.13,180.26
T003261,2025-06-28,S001,P0046,Appliances,Appliances B,54,59,6,107,130.07,780.42
T003262,2026-04-30,S006,P0025,Lawn & Garden,Lawn & Garden A,93,14,2,105,196.44,392.88
T003263,2025-10-16,S008,P0064,Lawn & Garden,Lawn & Garden A,78,79,4,153,135.85,543.4
T003264,2025-08-29,S007,P0048,Lawn & Garden,Lawn & Garden C,96,15,3,108,209.87,629.61
T003265,2025-07-24,S012,P0008,Hardware,Hardware B,73,15,2,86,153.62,307.24
T003266,2026-03-07,S010,P0075,Building Materials,Building Materials A,86,4,1,89,134.39,134.39
T003267,2025-08-10,S006,P0006,Paint,Paint B,65,61,5,121,189.39,946.95
T003268,2025-06-25,S003,P0007,Lawn & Garden,Lawn & Garden C,70,62,1,131,102.65,102.65
T003269,2026-02-17,S014,P0076,Paint,Paint C,95,47,5,137,75.36,376.8
T003270,2025-05-21,S004,P0075,Appliances,Appliances B,65,55,3,117,228.52,685.56
T003271,2025-10-11,S012,P0088,Plumbing,Plumbing B,97,7,5,99,135.74,678.7
T003272,2026-05-10,S014,P0100,Lawn & Garden,Lawn & Garden A,26,9,3,32,164.87,494.61
T003273,2025-07-31,S004,P0045,Lawn & Garden,Lawn & Garden C,88,42,7,123,34.16,239.12
T003274,2026-04-16,S001,P0021,Lawn & Garden,Lawn & Garden B,93,24,4,113,184.32,737.28
T003275,2026-03-04,S015,P0024,Lawn & Garden,Lawn & Garden B,73,12,3,82,75.4,226.2
T003276,2025-01-05,S009,P0067,Electrical,Electrical B,73,34,1,106,13.67,13.67
T003277,2025-04-19,S013,P0008,Paint,Paint A,18,62,7,73,13.35,93.45
T003278,2025-10-13,S003,P0075,Appliances,Appliances A,67,9,1,75,44.53,44.53
T003279,2025-04-27,S003,P0028,Plumbing,Plumbing C,47,57,1,103,208.49,208.49
T003280,2025-03-21,S002,P0013,Electrical,Electrical C,109,24,5,128,178.82,894.1
T003281,02/26/2026,S014,P0037,Paint,Paint A,38,42,3,77,139.45,418.35
T003282,2025-07-02,S014,P0016,Building Materials,Building Materials B,101,49,1,149,250.49,250.49
T003283,2025-10-19,S008,P0001,Plumbing,Plumbing A,31,37,2,66,264.76,529.52
T003284,2025-12-15,S008,P0034,Paint,Paint A,6,53,7,52,254.49,1781.43
T003285,2025-03-20,S008,P0007,Lawn & Garden,Lawn & Garden B,24,43,3,64,45.06,135.18
T003286,2025-07-01,S015,P0001,Building Materials,Building Materials A,13,62,3,72,107.54,322.62
T003287,2025-12-12,S005,P0056,Paint,Paint A,116,42,1,157,188.84,188.84
T003288,2026-01-04,S013,P0094,Appliances,Appliances A,120,76,5,191,185.12,925.6
T003289,2025-11-24,S002,P0071,Hardware,Hardware C,85,47,3,129,217.52,652.56
T003290,2025-07-01,S013,P0095,Electrical,Electrical C,10,74,5,79,68.97,344.85
T003291,2025-10-04,S002,P0065,Electrical,Electrical A,96,10,1,105,105.21,105.21
T003292,2025-07-14,S002,P0075,Electrical,Electrical A,19,0,12,7,148.97,1787.64
T003293,2026-04-07,S015,P0039,Appliances,Appliances A,115,64,8,171,25.66,205.28
T003294,2026-06-10,S007,P0067,Hardware,Hardware B,69,9,3,75,221.49,664.47
T003295,2025-05-08,S011,P0032,Hardware,Hardware B,41,77,4,114,311.33,1245.32
T003296,2025-05-07,S004,P0041,Plumbing,Plumbing A,71,3,2,72,254.01,508.02
T003297,2025-05-21,S002,P0028,Electrical,Electrical B,68,21,5,84,291.46,1457.3
T003298,2025-01-13,S003,P0094,Building Materials,Building Materials C,117,32,1,148,307.84,307.84
T003299,2025-09-06,S003,P0100,Appliances,Appliances A,119,32,9,142,115.09,1035.81
T003300,2026-04-04,S007,P0061,Appliances,Appliances B,79,25,5,99,272.28,1361.4
T003301,2026-05-21,S012,P0082,Hardware,Hardware C,60,38,1,97,143.14,143.14
T003302,2026-05-14,S002,P0018,Appliances,Appliances B,22,37,9,50,230.4,2073.6
T003303,2025-02-06,S014,P0048,Appliances,Appliances A,104,76,11,169,243.27,2675.97
T003304,2026-04-19,S006,P0018,Electrical,Electrical A,37,8,4,41,155.83,623.32
T003305,2025-08-01,S003,P0076,Hardware,Hardware B,96,29,1,124,265.34,265.34
T003306,2025-04-16,S003,P0071,Plumbing,Plumbing C,116,48,3,161,205.18,615.54
T003307,2026-04-16,S011,P0071,Hardware,Hardware C,113,5,4,114,15.3,61.2
T003308,2026-04-13,S011,P0099,Building Materials,Building Materials A,77,47,4,120,186.2,744.8
T003309,2025-07-11,S002,P0087,Paint,Paint A,39,59,1,97,117.01,117.01
T003310,2025-01-04,S008,P0064,Electrical,Electrical A,70,38,4,104,255.34,1021.36
T003311,2026-02-14,S013,P0026,Electrical,Electrical B,53,53,7,99,137.24,960.68
T003312,2025-11-30,S006,P0075,Appliances,Appliances C,32,70,1,101,275.15,275.15
T003313,2026-01-15,S006,P0075,Electrical,Electrical A,108,24,1,131,75.08,75.08
T003314,2025-04-09,S007,P0075,Building Materials,Building Materials C,14,12,1,25,243.56,243.56
T003315,2025-08-24,S004,P0055,Hardware,Hardware B,1,42,2,41,259.07,518.14
T003316,2025-05-26,S004,P0019,Electrical,Electrical A,89,62,5,146,151.57,757.85
T003317,2025-02-10,S004,P0091,Plumbing,Plumbing C,81,69,7,143,66.99,468.93
T003318,2026-06-23,S011,P0080,Paint,Paint C,45,39,1,83,264.54,264.54
T003319,2025-05-23,S002,P0016,Building Materials,Building Materials B,74,54,3,125,264.23,792.69
T003320,2025-03-31,S010,P0040,Plumbing,Plumbing A,13,2,7,8,89.6,627.2
T003321,2026-03-19,S013,P0094,Electrical,Electrical C,86,3,12,77,311.91,3742.92
T003322,2025-01-20,S012,P0032,Hardware,Hardware B,47,11,3,55,195.12,585.36
T003323,2025-11-08,S012,P0010,Electrical,Electrical A,57,5,4,58,194.04,776.16
T003324,2026-04-27,S008,P0069,Paint,Paint C,97,8,4,101,73.51,294.04
T003325,2025-01-12,S011,P0027,Building Materials,Building Materials A,82,39,2,119,103.8,207.6
T003326,2025-05-13,S001,P0014,Hardware,Hardware B,5,2,3,4,30.69,92.07
T003327,2025-04-24,S002,P0026,Building Materials,Building Materials B,95,58,1,152,133.3,133.3
T003328,2025-05-31,S011,P0088,Building Materials,Building Materials C,45,54,2,97,87.35,174.7
T003329,2026-05-16,S013,P0049,Plumbing,Plumbing A,102,76,4,174,251.08,1004.32
T003330,2026-04-10,S007,P0063,Hardware,Hardware C,47,8,1,54,157.78,157.78
T003331,2025-08-07,S009,P0078,Appliances,Appliances C,28,78,6,100,340.07,2040.42
T003332,2026-05-03,S001,P0029,Electrical,Electrical B,32,40,1,71,47.98,47.98
T003333,2025-03-28,S012,P0083,Plumbing,Plumbing B,28,35,5,58,291.28,1456.4
T003334,2026-02-17,S005,P0100,Paint,Paint C,80,13,5,88,21.7,108.5
T003335,2025-07-17,S002,P0073,Plumbing,Plumbing C,30,50,12,68,226.05,2712.6
T003336,2025-07-15,S004,P0099,Lawn & Garden,Lawn & Garden A,86,72,2,156,161.24,322.48
T003337,2026-03-07,S001,P0059,Building Materials,Building Materials A,81,9,3,87,260.7,782.1
T003338,2025-02-26,S015,P0088,Electrical,Electrical B,44,43,9,78,241.4,2172.6
T003339,2025-02-06,S013,P0058,Lawn & Garden,Lawn & Garden C,52,58,8,102,210.97,1687.76
T003340,2025-06-18,S012,P0083,Paint ,Paint A,102,13,6,109,341.43,2048.58
T003341,2025-01-10,S001,P0036,Plumbing,Plumbing C,97,8,4,101,114.14,456.56
T003342,2026-03-31,S011,P0047,Hardware,Hardware C,114,35,8,141,244.95,1959.6
T003343,2026-03-14,S008,P0053,Appliances,Appliances C,34,19,15,38,151.11,2266.65
T003344,2026-05-25,S012,P0008,Electrical,Electrical C,60,10,5,65,195.63,978.15
T003345,2025-01-15,S004,P0030,Building Materials,Building Materials B,6,36,3,39,166.43,499.29
T003346,2025-05-18,S014,P0040,Hardware,Hardware C,67,72,5,134,152.72,763.6
T003347,2025-03-03,S004,P0097,Paint,Paint A,29,65,3,91,97.19,291.57
T003348,2026-05-28,S010,P0076,Building Materials,Building Materials B,73,20,2,91,146.15,292.3
T003349,2025-07-16,S002,P0008,Lawn & Garden,Lawn & Garden B,36,31,6,61,270.59,1623.54
T003350,2026-01-24,S002,P0048,Lawn & Garden,Lawn & Garden A,47,76,2,121,64.79,129.58
T003351,2025-09-05,S008,P0098,Electrical,Electrical A,19,45,5,59,257.26,1286.3
T003352,2025-12-05,S007,P0027,Building Materials,Building Materials B,83,19,1,101,39.26,39.26
T003353,2025-03-10,S010,,Plumbing,Plumbing A,3,48,9,42,226.91,2042.19
T003354,2025-07-28,S013,P0007,Appliances,Appliances B,22,9,1,30,305.93,305.93
T003355,2026-03-25,S004,P0084,Paint,Paint B,71,33,1,103,287.18,287.18
T003356,2026-02-24,S011,P0014,Electrical,Electrical C,73,78,8,143,269.44,2155.52
T003357,2025-10-09,S006,P0043,Building Materials,Building Materials B,112,40,9,143,269.01,2421.09
T003358,2026-01-13,S009,P0008,Appliances,Appliances B,74,39,4,109,299.22,1196.88
T003359,2026-01-15,S004,P0076,Plumbing,Plumbing B,88,26,3,111,182.82,548.46
T003360,2025-06-25,S009,P0066,Appliances,Appliances B,103,63,2,164,17.58,35.16
T003361,2026-04-07,S006,P0028,Electrical,Electrical B,45,23,4,64,319.93,1279.72
T003362,2025-10-20,S015,P0100,Electrical,Electrical C,101,75,3,173,141.56,424.68
T003363,2026-03-22,S007,P0002,Lawn & Garden,Lawn & Garden C,118,17,2,133,306.84,613.68
T003364,2026-04-14,S013,P0047,Electrical,Electrical A,75,29,1,103,177.92,177.92
T003365,2025-10-25,S013,P0084,Hardware,Hardware A,17,15,1,31,207.32,207.32
T003366,2026-01-05,S013,P0033,Electrical,Electrical C,55,5,3,57,75.76,227.28
T003367,2025-08-16,S014,P0019,Paint,Paint C,3,56,3,56,94.48,283.44
T003368,2025-04-17,S008,P0091,Electrical,Electrical A,50,7,1,56,50.54,50.54
T003369,2025-11-01,S011,P0032,Paint,Paint C,67,33,2,98,181.91,363.82
T003370,2025-06-09,S015,P0088,Building Materials,Building Materials B,108,63,3,168,39.06,117.18
T003371,2025-11-10,S012,P0078,Paint,Paint B,45,58,1,102,251.25,251.25
T003372,2025-04-22,S012,P0064,Plumbing,Plumbing B,110,18,6,122,240.92,1445.52
T003373,2025-10-14,S003,P0004,Building Materials,Building Materials C,50,16,4,62,338.03,1352.12
T003374,2025-02-01,S011,P0099,Electrical,Electrical A,118,49,1,166,103.13,103.13
T003375,2025-08-25,S002,P0065,Appliances,Appliances A,120,17,4,133,127.77,511.08
T003376,2025-02-08,S013,P0062,Paint,Paint B,43,75,1,117,240.28,240.28
T003377,2025-05-19,S013,P0057,Hardware,Hardware B,34,23,5,52,172.68,863.4
T003378,2025-08-23,S015,P0082,Hardware,Hardware A,17,56,1,72,258.14,258.14
T003379,2025-07-11,S014,,Electrical,Electrical A,17,48,3,62,22.04,66.12
T003380,2025-09-15,S009,P0090,Hardware,Hardware C,48,43,3,88,235.94,707.82
T003381,2025-09-12,S001,P0015,Electrical,Electrical A,72,71,9,134,9.47,85.23
T003382,2026-01-06,S008,P0007,Lawn & Garden,Lawn & Garden A,59,57,1,115,295.72,295.72
T003383,2026-05-03,S015,P0025,Electrical,Electrical A,66,43,1,108,261.79,261.79
T003384,2026-01-18,S011,P0078,Plumbing,Plumbing C,19,52,1,70,17.17,17.17
T003385,2025-06-26,S009,P0004,Paint,Paint C,111,20,10,121,171.34,1713.4
T003386,2025-10-13,S003,P0045,Building Materials,Building Materials C,89,41,3,127,348.62,1045.86
T003387,2025-12-02,S015,P0080,Plumbing,Plumbing C,59,44,7,96,184.5,1291.5
T003388,2025-06-21,S001,P0026,Plumbing,Plumbing C,7,55,2,60,187.81,375.62
T003389,2025-12-11,S003,P0002,Plumbing,Plumbing C,28,3,2,29,103.65,207.3
T003390,2025-12-24,S012,P0067,Plumbing,Plumbing B,87,69,3,153,118.99,356.97
T003391,2025-04-10,S006,P0039,Appliances,Appliances B,116,56,3,169,219.57,658.71
T003392,2026-02-07,S008,P0017,Building Materials,Building Materials C,43,13,5,51,154.8,774.0
T003393,2025-11-12,S011,P0029,Lawn & Garden,Lawn & Garden B,41,5,3,43,269.78,809.34
T003394,2026-05-14,S005,P0050,Paint,Paint A,77,25,2,100,325.74,651.48
T003395,2026-01-22,S005,P0058,Appliances,Appliances B,86,71,10,147,198.12,1981.2
T003396,2026-01-04,S006,P0069,Hardware,Hardware B,96,11,1,106,220.24,220.24
T003397,2025-06-04,S005,P0055,Appliances,Appliances C,30,74,1,103,161.08,161.08
T003398,2025-02-23,S003,P0010,Electrical,Electrical C,107,14,1,120,80.76,80.76
T003399,2025-05-31,S004,P0034,Hardware ,Hardware C,56,0,5,51,12.99,64.95
T003400,2025-03-11,S014,P0066,Hardware,Hardware B,74,22,4,92,142.72,570.88
T003401,2025-02-21,S013,P0100,Building Materials,Building Materials C,92,20,2,110,339.41,678.82
T003402,2025-05-25,S007,,Hardware,Hardware A,19,31,1,49,346.24,346.24
T003403,2025-12-24,S002,P0076,Electrical,Electrical A,39,23,3,59,56.52,169.56
T003404,2025-01-01,S015,P0043,Hardware,Hardware C,83,77,6,154,80.8,484.8
T003405,2025-10-03,S014,P0010,Building Materials,Building Materials C,83,24,9,98,146.74,1320.66
T003406,2025-10-01,S015,P0079,Paint,Paint C,56,56,1,111,349.3,349.3
T003407,2025-02-15,S008,P0004,Electrical,Electrical B,35,30,2,63,41.97,83.94
T003408,2025-03-23,S014,P0094,Paint,Paint B,114,36,4,146,347.21,1388.84
T003409,2026-01-26,S009,P0031,Paint ,Paint B,111,10,2,119,157.34,314.68
T003410,2025-01-07,S006,P0095,Electrical,Electrical B,55,54,1,108,293.0,293.0
T003411,2025-11-11,S005,P0009,Building Materials,Building Materials B,112,29,2,139,181.02,362.04
T003412,2026-05-28,S003,P0061,Hardware,Hardware A,87,73,1,159,250.41,250.41
T003413,2026-06-21,S002,P0021,Electrical,Electrical C,1,59,6,54,276.63,1659.78
T003414,2025-01-07,S012,P0038,Electrical,Electrical C,99,44,2,141,96.43,192.86
T003415,2025-09-30,S012,P0015,Hardware,Hardware C,49,0,3,46,245.94,737.82
T003416,2025-03-28,S007,P0013,Paint,Paint C,56,51,1,106,114.06,114.06
T003417,2026-02-14,S014,P0048,Hardware,Hardware C,51,32,3,80,156.09,468.27
T003418,2026-05-28,S012,P0086,Electrical,Electrical C,55,39,7,87,55.77,390.39
T003419,2025-03-05,S010,P0037,Lawn & Garden,Lawn & Garden C,67,17,6,78,185.64,1113.84
T003420,2025-11-03,S005,P0095,Building Materials,Building Materials A,9,70,1,78,9.69,9.69
T003421,2026-04-24,S004,P0087,Paint,Paint C,87,35,1,121,155.67,155.67
T003422,2026-03-19,S010,P0026,Appliances,Appliances A,110,11,2,119,63.48,126.96
T003423,2025-09-02,S014,P0031,Appliances,Appliances A,14,65,2,77,45.11,90.22
T003424,2025-11-28,S009,P0044,Hardware,Hardware B,89,37,2,124,135.06,270.12
T003425,2025-07-17,S010,P0053,Hardware ,Hardware B,90,66,2,154,126.48,252.96
T003426,2025-07-24,S009,P0084,Hardware,Hardware C,84,30,1,113,324.5,324.5
T003427,2026-03-19,S011,P0032,Building Materials,Building Materials C,73,45,13,105,251.52,3269.76
T003428,2026-04-21,S009,P0084,Building Materials,Building Materials B,49,5,10,44,331.04,3310.4
T003429,2026-03-19,S005,P0017,Plumbing,Plumbing B,39,60,2,97,327.52,655.04
T003430,2025-10-18,S007,P0018,Lawn & Garden,Lawn & Garden B,62,75,3,134,294.09,882.27
T003431,2025-02-19,S014,P0012,Appliances,Appliances A,119,63,6,176,232.0,1392.0
T003432,2025-11-17,S012,P0093,Paint,Paint A,24,69,3,90,294.15,882.45
T003433,2026-01-10,S002,P0082,Lawn & Garden,Lawn & Garden A,115,45,2,158,224.8,449.6
T003434,2025-10-05,S012,P0054,Building Materials,Building Materials A,50,43,1,92,20.19,20.19
T003435,2025-12-28,S009,P0005,Building Materials,Building Materials B,16,49,3,62,72.5,217.5
T003436,2025-01-15,S001,P0031,Paint,Paint B,120,76,1,195,115.35,115.35
T003437,2025-06-13,S003,P0008,Electrical,Electrical C,96,44,7,133,109.75,768.25
T003438,2025-08-06,S014,P0095,Building Materials,Building Materials A,109,74,3,180,184.3,552.9
T003439,2025-05-24,S005,P0034,Appliances,Appliances B,25,11,4,32,325.33,1301.32
T003440,2025-06-28,S011,P0031,Electrical,Electrical C,120,16,2,134,243.8,487.6
T003441,2026-03-23,S006,P0046,Electrical,Electrical B,56,16,5,67,144.06,720.3
T003442,2025-04-20,S008,P0037,Appliances,Appliances A,52,54,1,105,318.92,318.92
T003443,2025-05-11,S005,P0078,Building Materials,Building Materials B,106,17,4,119,250.07,1000.28
T003444,2025-09-18,S011,P0029,Building Materials,Building Materials C,20,60,2,78,25.28,50.56
T003445,2025-12-05,S003,P0065,Electrical,Electrical B,27,72,2,97,169.82,339.64
T003446,2025-08-15,S015,P0058,Appliances,Appliances C,18,56,6,68,213.38,1280.28
T003447,2026-04-19,S015,P0086,Appliances,Appliances B,10,11,1,20,282.3,282.3
T003448,2026-02-05,S012,P0084,Paint,Paint B,5,0,4,1,212.53,850.12
T003449,2025-08-09,S005,P0051,Electrical,Electrical B,20,72,8,84,79.91,639.28
T003450,2025-01-08,S001,P0081,Hardware,Hardware C,117,56,6,167,59.38,356.28
T003451,2025-02-18,S009,P0081,Hardware,Hardware C,61,13,2,72,117.31,234.62
T003452,2025-08-12,S001,P0006,Appliances,Appliances C,7,54,4,57,22.84,91.36
T003453,2026-03-11,S008,P0083,Hardware,Hardware B,47,70,1,116,105.02,105.02
T003454,2026-04-19,S001,P0084,Building Materials,Building Materials B,53,27,6,74,101.78,610.68
T003455,2026-02-28,S005,P0068,Plumbing,Plumbing A,95,52,15,132,122.29,1834.35
T003456,2025-11-18,S002,P0097,Plumbing,Plumbing C,100,63,4,159,133.33,533.32
T003457,2026-01-05,S007,P0075,Electrical,Electrical B,100,29,8,121,12.31,98.48
T003458,2026-02-09,S005,P0095,Lawn & Garden,Lawn & Garden B,11,1,1,11,226.0,226.0
T003459,2025-09-29,S006,P0044,Hardware,Hardware C,107,25,1,131,224.79,224.79
T003460,2025-10-07,S005,P0009,Building Materials,Building Materials B,7,23,2,28,112.95,225.9
T003461,2026-05-14,S003,P0020,Lawn & Garden,Lawn & Garden C,2,79,2,79,56.82,113.64
T003462,2025-07-14,S003,P0078,Building Materials,Building Materials C,4,11,4,11,226.18,904.72
T003463,2026-02-08,S009,P0018,Electrical,Electrical A,55,75,2,128,165.62,331.24
T003464,2025-08-06,S011,P0085,Electrical,Electrical B,87,79,3,163,145.78,437.34
T003465,2025-11-07,S007,P0052,Hardware,Hardware B,88,71,6,153,215.79,1294.74
T003466,2025-11-13,S009,P0027,Hardware,Hardware C,87,45,4,128,62.3,249.2
T003467,2025-12-09,S007,P0082,Building Materials,Building Materials C,23,48,2,69,171.04,342.08
T003468,2025-05-27,S008,P0042,Paint,Paint A,80,38,5,113,174.84,874.2
T003469,2025-06-19,S001,P0061,Paint,Paint C,22,24,2,44,100.5,201.0
T003470,2026-03-17,S007,P0054,Appliances,Appliances A,119,38,3,154,128.88,386.64
T003471,2026-01-23,S007,P0066,Building Materials,Building Materials C,49,66,6,109,286.3,1717.8
T003472,2025-06-23,S005,P0035,Lawn & Garden,Lawn & Garden B,96,31,2,125,312.21,624.42
T003473,2026-01-04,S009,P0011,Hardware,Hardware C,53,11,1,63,249.89,249.89
T003474,2025-08-22,S011,P0090,Building Materials,Building Materials A,69,3,3,69,194.21,582.63
T003475,2025-03-11,S011,P0018,Plumbing,Plumbing A,63,77,6,134,176.93,1061.58
T003476,2025-01-03,S013,P0012,Paint,Paint A,102,3,6,99,62.7,376.2
T003477,2025-02-01,S011,P0001,Building Materials,Building Materials A,46,19,1,64,206.34,206.34
T003478,2025-08-11,S002,P0087,Electrical,Electrical A,22,10,5,27,211.03,1055.15
T003479,2026-03-13,S003,P0062,Appliances,Appliances A,44,77,2,119,70.56,141.12
T003480,2026-04-13, S011 ,,Electrical,Electrical B,89,1,8,82,317.18,2537.44
T003481,2025-03-23,S007,P0060,Plumbing,Plumbing B,113,27,1,139,296.27,296.27
T003482,2025-09-02,S004,P0033,Plumbing,Plumbing C,61,14,5,70,319.11,1595.55
T003483,2026-03-22,S002,P0080,Appliances,Appliances B,7,70,2,75,341.92,683.84
T003484,2025-02-03,S001,,Appliances,Appliances C,93,66,2,157,89.2,178.4
T003485,2025-04-27,S014,P0023,Building Materials,Building Materials A,85,1,6,80,46.73,280.38
T003486,2025-09-29,S002,P0090,Lawn & Garden,Lawn & Garden A,94,44,7,131,55.48,388.36
T003487,2025-02-13,S002,P0021,Building Materials,Building Materials A,59,72,1,130,41.77,41.77
T003488,2025-08-09,S015,P0022,Hardware,Hardware B,12,10,6,16,240.43,1442.58
T003489,2026-04-25,S009,P0095,Hardware,Hardware C,76,0,3,73,54.41,163.23
T003490,2025-09-20,S003,P0097,Hardware,Hardware B,2,21,3,20,87.98,263.94
T003491,2025-12-13,S011,P0027,Plumbing,Plumbing A,86,1,1,86,104.76,104.76
T003492,2025-03-18,S011,,Electrical,Electrical A,101,40,5,136,161.0,805.0
T003493,02/27/2026,S008,P0063,Appliances,Appliances A,64,32,13,83,275.33,3579.29
T003494,2025-08-21,S011,P0004,Hardware,Hardware B,37,5,2,40,101.23,202.46
T003495,2025-01-08,S008,P0011,Building Materials,Building Materials B,82,76,7,151,65.11,455.77
T003496,2025-01-27,S014,P0016,Paint,Paint C,16,1,3,14,318.46,955.38
T003497,2025-09-19,S007,P0004,Building Materials,Building Materials B,9,79,2,86,190.68,381.36
T003498,2025-11-19,S002,P0009,Paint,Paint B,106,34,1,139,226.21,226.21
T003499,2025-02-20,S007,P0086,Electrical,Electrical C,103,56,8,151,128.26,1026.08
T003500,2025-04-02,S015,P0021,Plumbing,Plumbing B,57,77,3,131,291.67,875.01
T003501,2025-09-10,S011,P0070,Lawn & Garden,Lawn & Garden A,116,15,2,129,205.52,411.04
T003502,2025-12-10,S007,P0090,Hardware,Hardware C,56,53,2,107,145.52,291.04
T003503,2026-02-13,S001,P0095,Appliances,Appliances B,19,12,5,26,21.34,106.7
T003504,2026-04-23,S013,P0098,Appliances,Appliances A,85,26,2,109,310.43,620.86
T003505,2025-11-09,S009,P0058,Plumbing,Plumbing A,84,17,1,100,158.63,158.63
T003506,2025-12-28,S010,P0082,Paint,Paint C,34,67,3,98,70.44,211.32
T003507,2026-05-26,S008,P0023,Building Materials,Building Materials C,24,27,2,49,215.83,431.66
T003508,2025-01-17,S012,P0021,Electrical,Electrical A,78,31,2,107,313.84,627.68
T003509,2026-06-26,S013,P0040,Hardware,Hardware B,34,17,2,49,190.53,381.06
T003510,2026-02-07,S006,P0087,Building Materials,Building Materials C,9,70,7,72,89.99,629.93
T003511,2025-06-09,S004,P0061,Electrical,Electrical A,109,39,16,132,292.01,4672.16
T003512,2025-04-17,S007,P0053,Building Materials,Building Materials A,7,14,1,20,100.4,100.4
T003513,2025-07-20,S015,P0033,Paint,Paint B,111,53,1,163,68.55,68.55
T003514,2025-07-06,S004,P0028,Electrical,Electrical B,35,34,2,67,19.0,38.0
T003515,2025-11-10,S005,P0027,Plumbing,Plumbing B,10,9,1,18,327.43,327.43
T003516,2025-12-07,S011,P0062,Electrical,Electrical A,10,80,1,89,269.74,269.74
T003517,2025-11-04,S004,P0049,Lawn & Garden,Lawn & Garden A,9,20,2,27,315.54,631.08
T003518,2026-05-18,S010,P0083,Building Materials,Building Materials B,36,22,5,53,233.93,1169.65
T003519,2026-03-28,S004,P0094,Electrical,Electrical A,79,79,2,156,230.92,461.84
T003520,2025-05-02,S004,P0047,Plumbing,Plumbing A,40,15,1,54,28.92,28.92
T003521,2025-08-14,S008,P0036,Lawn & Garden,Lawn & Garden A,114,30,2,142,321.75,643.5
T003522,2025-09-24,S012,P0042,Building Materials,,64,11,2,73,16.79,33.58
T003523,2026-05-05,S011,P0069,Paint,Paint B,39,26,2,63,329.4,658.8
T003524,2026-03-02,S007,P0002,Hardware,Hardware C,49,14,7,56,262.26,1835.82
T003525,2025-09-06,S008,P0096,Electrical,Electrical C,103,18,6,115,43.03,258.18
T003526,2025-02-07,S006,P0050,appliances,Appliances B,98,34,3,129,34.51,103.53
T003527,2025-06-18,S001,P0041,Building Materials,Building Materials C,10,53,11,52,346.9,3815.9
T003528,2026-05-08,S009,P0022,Plumbing,Plumbing C,101,65,2,164,193.07,386.14
T003529,2026-02-05,S005,P0011,Paint,Paint C,37,18,3,52,219.05,657.15
T003530,2026-04-09,S015,P0065,Electrical,Electrical A,7,8,3,12,19.09,57.27
T003531,2025-01-15,S008,P0083,Building Materials,Building Materials B,90,68,1,157,66.0,66.0
T003532,2025-06-23,S012,P0067,Plumbing,Plumbing B,90,76,3,163,261.03,783.09
T003533,2025-08-07,S015,P0097,Hardware,Hardware C,64,21,1,84,269.59,269.59
T003534,2026-04-26,S014,P0085,Lawn & Garden,Lawn & Garden C,106,26,1,131,190.85,190.85
T003535,2025-04-13, S006 ,P0006,Lawn & Garden,Lawn & Garden A,93,68,3,158,214.99,644.97
T003536,2025-02-27,S006,P0031,Plumbing,Plumbing B,111,17,1,127,261.79,261.79
T003537,2026-01-28,S012,P0055,Appliances,Appliances C,45,39,4,80,151.35,605.4
T003538,2025-12-01,S013,P0011,Building Materials,Building Materials A,64,37,1,100,27.47,27.47
T003539,2025-10-20,S009,P0014,Appliances,Appliances A,44,74,2,116,300.28,600.56
T003540,2025-08-28,S007,P0042,Electrical,Electrical A,102,35,4,133,123.04,492.16
T003541,2025-12-05,S014,P0005,Hardware,Hardware C,117,46,3,160,313.92,941.76
T003542,2025-09-16,S013,P0072,Paint,Paint C,117,19,4,132,128.6,514.4
T003543,2025-10-25,S008,P0054,Plumbing,Plumbing C,6,10,4,12,297.23,1188.92
T003544,2026-05-07,S013,P0076,Paint,Paint A,72,54,3,123,220.44,661.32
T003545,2025-09-18,S014,P0087,Lawn & Garden,Lawn & Garden C,18,7,4,21,218.86,875.44
T003546,2025-01-01,S009,P0008,Electrical,Electrical A,91,10,1,100,125.13,125.13
T003547,2026-04-27,S004,P0041,Plumbing,Plumbing C,8,25,4,29,193.83,775.32
T003548,2025-12-08,S010,P0021,Electrical,Electrical B,16,55,2,69,32.05,64.1
T003549,2025-01-23,S013,P0051,Building Materials,Building Materials A,52,9,7,54,98.1,686.7
T003550,2025-05-28,S003,P0067,Paint,Paint B,77,24,3,98,316.46,949.38
T003551,2025-03-09,S002,P0062,Plumbing,Plumbing B,31,25,2,54,24.51,49.02
T003552,2026-01-18,S005,P0038,Appliances,Appliances C,31,53,4,80,230.34,921.36
T003553,2025-01-17,S010,P0081,Building Materials,Building Materials A,116,70,8,178,84.1,672.8
T003554,2025-09-04,S008,P0054,Paint,Paint C,63,58,2,119,326.68,653.36
T003555,2026-04-13,S005,P0049,Electrical,Electrical B,79,7,1,85,110.19,110.19
T003556,2025-09-14,S006,P0026,Plumbing,Plumbing C,13,6,1,18,254.9,254.9
T003557,2025-08-29,S009,P0007,Lawn & Garden ,Lawn & Garden C,24,31,3,52,264.88,794.64
T003558,2025-03-13,S011,P0040,Lawn & Garden,Lawn & Garden B,100,3,2,101,123.04,246.08
T003559,2026-03-09,S007,P0002,Hardware,Hardware B,40,80,4,116,253.32,1013.28
T003560,2026-05-04,S003,P0056,Appliances,Appliances B,71,31,4,98,336.04,1344.16
T003561,2026-04-10,S001,P0032,Building Materials,Building Materials C,55,72,1,126,104.4,104.4
T003562,2025-02-04,S004,P0021,Paint,Paint B,26,58,6,78,181.48,1088.88
T003563,2025-09-28,S013,P0068,Lawn & Garden,Lawn & Garden C,75,75,1,149,313.75,313.75
T003564,2026-01-29,S012,P0087,Electrical,Electrical C,95,74,2,167,207.17,414.34
T003565,2025-11-02,S005,,Plumbing,Plumbing B,105,74,4,175,57.38,229.52
T003566,2025-06-09,S009,P0095,Hardware,Hardware B,42,32,1,73,192.11,192.11
T003567,2026-05-15,S011,P0077,Electrical,Electrical A,87,38,1,124,50.73,50.73
T003568,2025-08-22,S008,P0055,Building Materials,Building Materials C,115,5,1,119,333.94,333.94
T003569,2025-11-14,S002,P0086,Hardware,Hardware B,4,63,6,61,315.91,1895.46
T003570,2025-04-19,S002,P0053,Building Materials,Building Materials C,95,62,2,155,109.94,219.88
T003571,2025-10-02,S008,P0045,Electrical,Electrical A,36,22,1,57,174.83,174.83
T003572,2025-05-09,S009,P0098,Plumbing,Plumbing B,115,64,1,178,175.54,175.54
T003573,2026-02-05,S015,P0067,Lawn & Garden,Lawn & Garden A,95,59,5,149,126.85,634.25
T003574,2025-03-24,S007,P0054,Lawn & Garden,Lawn & Garden C,5,72,1,76,312.89,312.89
T003575,2025-01-15,S010,P0044,Electrical,Electrical B,52,14,2,64,48.84,97.68
T003576,2025-07-12,S003,P0024,Electrical,Electrical B,65,19,3,81,326.44,979.32
T003577,2025-05-29,S012,P0083,Hardware,Hardware C,94,39,2,131,162.26,324.52
T003578,2025-11-08,S008,P0068,Lawn & Garden,Lawn & Garden C,52,25,1,76,222.6,222.6
T003579,2026-05-22,S001,P0081,Electrical,Electrical C,73,23,5,91,78.06,390.3
T003580,2025-09-14,S004,P0018,appliances,Appliances A,36,51,2,85,53.88,107.76
T003581,2025-07-28,S013,P0014,Lawn & Garden,Lawn & Garden A,64,54,4,114,203.17,812.68
T003582,2026-01-07,S006,P0086,Building Materials,Building Materials B,100,19,5,114,9.52,47.6
T003583,2025-07-31,S012,P0083,Electrical,Electrical B,50,79,1,128,163.53,163.53
T003584,2025-03-08,S013,P0001,Electrical,Electrical A,90,4,5,89,294.63,1473.15
T003585,2025-05-11,S013,P0040,Lawn & Garden,Lawn & Garden A,38,48,14,72,250.63,3508.82
T003586,12/16/2025,S002,P0053,Appliances,Appliances C,96,19,4,111,184.08,736.32
T003587,2026-03-16,S012,P0087,Paint,Paint C,85,52,8,129,120.69,965.52
T003588,2025-03-07,S002,P0091,Appliances,Appliances C,64,10,6,68,326.1,1956.6
T003589,2026-02-05,S007,P0055,Hardware,Hardware A,92,78,5,165,142.16,710.8
T003590,2026-03-01,S010,P0042,Lawn & Garden,Lawn & Garden B,24,25,6,43,123.01,738.06
T003591,2025-10-12,S014,P0004,Building Materials,Building Materials B,44,25,7,62,131.54,920.78
T003592,2025-12-18,S014,P0017,Paint,Paint B,42,53,7,88,333.88,2337.16
T003593,2025-09-13,S006,P0007,Hardware,Hardware C,7,58,1,64,163.53,163.53
T003594,2025-06-05,S014,P0037,Plumbing,Plumbing C,69,77,6,140,107.9,647.4
T003595,2026-06-02,S009,P0031,Lawn & Garden,Lawn & Garden A,116,9,2,123,318.99,637.98
T003596,2025-10-02,S002,P0074,Building Materials,Building Materials B,52,45,7,90,256.25,1793.75
T003597,2025-06-20,S012,P0018,Plumbing,Plumbing B,72,41,4,109,45.11,180.44
T003598,2025-05-15,S005,P0073,Lawn & Garden,Lawn & Garden B,37,24,1,60,206.5,206.5
T003599,2026-04-15,S014,P0062,Plumbing,Plumbing B,9,30,8,31,303.3,2426.4
T003600,2025-01-17,S012,P0100,Appliances,Appliances C,108,11,1,118,314.02,314.02
T003601,2026-06-12,S003,P0025,Building Materials,Building Materials C,94,46,2,138,246.36,492.72
T003602,2025-01-16,S010,P0015,Plumbing,Plumbing B,81,58,9,130,37.74,339.66
T003603,2025-08-24,S001,P0053,Paint,Paint C,5,56,3,58,176.51,529.53
T003604,2025-08-17,S012,P0082,Building Materials,Building Materials C,12,8,2,18,329.42,658.84
T003605,2026-05-04,S004,P0055,Hardware,Hardware A,25,56,3,78,330.94,992.82
T003606,2026-01-20, S007 ,P0047,Hardware,Hardware A,12,74,2,84,165.32,330.64
T003607,2026-05-18,S014,P0037,Plumbing,Plumbing A,62,61,5,118,209.42,1047.1
T003608,2025-09-07,S007,P0010,Electrical,Electrical C,75,43,2,116,212.17,424.34
T003609,2025-09-04,S011,P0092,Appliances,Appliances B,64,54,3,115,184.98,554.94
T003610,2025-04-07,S010,P0018,Plumbing,Plumbing A,112,53,5,160,152.47,762.35
T003611,2025-02-19,S001,P0088,Lawn & Garden,Lawn & Garden B,39,1,4,36,184.36,737.44
T003612,2026-04-24,S012,P0099,Appliances,Appliances A,117,74,1,190,16.75,16.75
T003613,2026-06-16,S006,P0065,Electrical,Electrical B,97,29,5,121,158.83,794.15
T003614,2025-08-26,S011,P0074,Appliances,Appliances C,13,26,2,37,214.7,429.4
T003615,2025-03-11,S004,P0068,Building Materials,Building Materials A,1,44,1,44,76.79,76.79
T003616,2025-06-29,S011,P0046,Appliances,Appliances A,115,74,1,188,37.61,37.61
T003617,2025-01-15,S005,P0074,Building Materials,Building Materials C,8,23,2,29,205.48,410.96
T003618,2025-02-07,S011,P0094,Building Materials,Building Materials A,69,57,1,125,92.44,92.44
T003619,2026-02-01,S014,P0022,Paint,Paint C,40,9,1,48,205.42,205.42
T003620,2025-08-06,S010,P0073,Plumbing,Plumbing B,68,59,3,124,196.14,588.42
T003621,2025-04-13,S004,P0066,Hardware,Hardware A,96,72,7,161,63.09,441.63
T003622,2025-01-09,S007,P0024,Plumbing,Plumbing B,21,0,2,19,90.89,181.78
T003623,2025-11-30,S004,P0016,Building Materials,,60,65,1,124,34.57,34.57
T003624,2026-04-09,S002,P0064,Lawn & Garden,Lawn & Garden A,100,71,3,168,345.74,1037.22
T003625,2025-06-09,S008,P0068,Electrical,Electrical B,45,64,7,102,100.28,701.96
T003626,2025-08-03,S001,P0054,Hardware,Hardware B,61,14,2,73,175.17,350.34
T003627,2025-06-29,S006,P0049,Electrical,Electrical B,118,51,8,161,29.94,239.52
T003628,2026-01-08,S012,P0013,Paint,Paint B,57,45,3,99,116.19,348.57
T003629,2025-11-01,S013,P0087,Plumbing,Plumbing C,109,41,5,145,189.89,949.45
T003630,2025-02-19,S002,P0091,Plumbing,Plumbing C,13,13,3,23,132.93,398.79
T003631,2025-08-26,S014,P0070,Electrical,Electrical A,54,36,7,83,117.36,821.52
T003632,2026-02-28,S014,P0097,Plumbing,Plumbing C,77,69,12,134,11.16,133.92
T003633,2025-08-17,S007,P0034,Electrical,Electrical C,97,62,2,157,28.7,57.4
T003634,2025-11-03,S012,P0096,Electrical,Electrical B,30,26,3,53,77.34,232.02
T003635,2026-01-04,S005,P0018,Plumbing,Plumbing B,43,9,7,45,162.61,1138.27
T003636,2026-06-28,S003,P0082,Hardware,Hardware A,0,25,4,21,191.11,764.44
T003637,2025-05-29,S002,P0060,Hardware,Hardware A,95,49,1,143,235.46,235.46
T003638,2026-01-22,S015,P0075,Hardware,Hardware C,53,23,2,74,93.82,187.64
T003639,2025-12-19,S005,P0084,Hardware,Hardware C,96,23,4,115,267.04,1068.16
T003640,2025-05-06,S003,P0079,Building Materials,Building Materials C,35,11,9,37,203.59,1832.31
T003641,2025-08-17,S009,P0018,Plumbing,Plumbing C,120,50,3,167,8.33,24.99
T003642,2025-04-08,S006,P0065,Electrical,Electrical B,8,69,1,76,133.88,133.88
T003643,2025-09-02,S005,P0011,Plumbing,Plumbing A,29,44,4,69,25.5,102.0
T003644,2025-06-04,S008,,Building Materials,Building Materials B,111,78,8,181,236.37,1890.96
T003645,2026-01-25,S008,P0047,Appliances,Appliances B,64,74,1,137,291.28,291.28
T003646,2026-01-11,S009,P0008,Hardware,Hardware A,52,68,2,118,298.85,597.7
T003647,2026-01-31,S011,P0007,Paint,Paint C,120,68,1,187,289.81,289.81
T003648,2026-03-26,S009,P0023,Lawn & Garden,Lawn & Garden C,50,59,1,108,226.84,226.84
T003649,2025-07-27,S001,P0032,Plumbing,Plumbing C,5,13,3,15,108.38,325.14
T003650,2025-01-15,S004,P0031,Paint,Paint B,6,65,3,68,114.57,343.71
T003651,2025-03-24,S002,P0081,Hardware,Hardware A,83,28,1,110,94.91,94.91
T003652,2025-04-11,S007,P0050,Building Materials,Building Materials B,96,18,1,113,155.58,155.58
T003653,2025-01-03,S011,P0069,Electrical,Electrical B,118,48,3,163,218.44,655.32
T003654,2025-04-17,S001,P0082,Lawn & Garden,Lawn & Garden B,10,4,5,9,188.25,941.25
T003655,2025-03-03,S014,P0024,Hardware,Hardware A,75,2,6,71,109.3,655.8
T003656,2026-06-08,S010,P0082,Appliances,Appliances C,105,17,5,117,137.87,689.35
T003657,2026-05-19,S009,P0070,Electrical,Electrical B,111,28,3,136,345.47,1036.41
T003658,2025-07-01,S005,P0088,Building Materials,Building Materials A,73,24,1,96,272.77,272.77
T003659,2025-03-20,S011,P0009,Appliances,Appliances C,21,78,2,97,166.71,333.42
T003660,2025-12-21,S015,P0082,Paint,Paint A,55,56,1,110,295.46,295.46
T003661,2025-07-23,S002,P0100,Hardware,Hardware A,73,40,3,110,95.12,285.36
T003662,2025-06-19,S013,P0038,Plumbing,Plumbing C,0,23,1,22,68.8,68.8
T003663,2025-07-05,S009,P0007,Lawn & Garden,Lawn & Garden C,14,56,1,69,129.14,129.14
T003664,2026-03-04,S007,P0078,Building Materials,Building Materials B,108,41,4,145,337.98,1351.92
T003665,2025-10-13,S015,P0096,Lawn & Garden,Lawn & Garden A,76,37,8,105,87.24,697.92
T003666,2026-01-10,S012,P0006,Plumbing,Plumbing A,76,50,1,125,174.33,174.33
T003667,2025-10-16,S001,P0038,Plumbing,Plumbing C,61,50,4,107,295.21,1180.84
T003668,2025-12-31,S009,P0095,Appliances,Appliances A,3,66,2,67,84.87,169.74
T003669,2025-09-09,S010,P0017,Paint,Paint A,103,2,1,104,184.25,184.25
T003670,2026-06-08,S011,P0064,Appliances,Appliances B,107,40,1,146,207.92,207.92
T003671,2025-04-18,S010,P0008,Appliances,Appliances B,32,60,2,90,94.57,189.14
T003672,2025-05-08,S005,P0063,Plumbing,Plumbing C,25,32,2,55,11.38,22.76
T003673,2026-06-27,S006,P0051,Paint,Paint B,61,37,3,95,265.97,797.91
T003674,2026-03-30,S004,P0018,Hardware,Hardware B,98,37,1,134,257.53,257.53
T003675,2025-04-19,S001,P0070,Building Materials,Building Materials B,26,64,1,89,184.73,184.73
T003676,2025-10-16,S005,P0001,Building Materials,Building Materials C,46,14,4,56,92.5,370.0
T003677,2026-05-10,S006,P0057,Building Materials,Building Materials C,53,71,1,123,321.97,321.97
T003678,2025-04-12,S004,P0055,Hardware,Hardware B,58,40,4,94,186.95,747.8
T003679,2025-09-07,S007,P0063,Electrical,Electrical A,112,65,2,175,216.56,433.12
T003680,2026-01-02,S010,P0031,Electrical,Electrical A,112,50,2,160,261.25,522.5
T003681,2026-04-25,S005,P0031,Paint,Paint A,32,79,10,101,39.8,398.0
T003682,2025-12-03,S012,P0035,Hardware ,Hardware A,83,57,1,139,237.81,237.81
T003683,2025-02-10,S007,P0074,Hardware,Hardware C,39,46,9,76,31.21,280.89
T003684,2026-04-07,S010,P0030,Hardware,Hardware A,4,25,5,24,274.69,1373.45
T003685,2026-02-16,S015,P0070,Plumbing,Plumbing C,118,6,1,123,206.55,206.55
T003686,2026-05-24,S007,P0041,Lawn & Garden,Lawn & Garden C,27,4,6,25,103.05,618.3
T003687,2026-05-30,S013,P0085,Lawn & Garden,Lawn & Garden B,102,8,1,109,234.32,234.32
T003688,2026-02-01,S009,P0041,Hardware,Hardware A,31,39,1,69,87.21,87.21
T003689,2026-03-27,S015,P0072,Paint,Paint B,116,14,1,129,161.64,161.64
T003690,2025-03-10,S003,P0071,Plumbing,Plumbing C,21,62,4,79,295.3,1181.2
T003691,2025-06-18,S010,P0034,Paint,Paint C,112,51,5,158,29.88,149.4
T003692,2025-12-09,S004,P0048,Hardware,Hardware C,90,35,4,121,85.6,342.4
T003693,2026-01-13,S007,P0073,Hardware,Hardware A,15,55,3,67,176.62,529.86
T003694,2025-04-08,S012,P0035,Electrical,Electrical A,95,34,6,123,9.63,57.78
T003695,2025-05-06,S012,P0007,Hardware,Hardware B,5,56,5,56,339.4,1697.0
T003696,2025-06-15,S012,P0023,Lawn & Garden,Lawn & Garden C,42,39,1,80,234.31,234.31
T003697,2026-05-13,S014,P0074,Paint,Paint C,110,47,2,155,59.03,118.06
T003698,2025-07-19,S007,P0053,Paint,Paint B,57,46,5,98,347.19,1735.95
T003699,2025-09-07,S008,P0086,Appliances,Appliances A,41,24,3,62,295.11,885.33
T003700,2025-02-26,S012,P0056,Plumbing,Plumbing B,71,41,3,109,165.18,495.54
T003701,2025-10-24,S012,P0029,Appliances,Appliances B,118,20,3,135,28.95,86.85
T003702,2025-07-25,S007,P0013,paint,Paint B,59,45,1,103,297.58,297.58
T003703,2025-06-09,S010,P0058,Paint,Paint C,13,56,1,68,243.48,243.48
T003704,2025-10-30,S012,P0023,Hardware,Hardware A,77,3,4,76,202.76,811.04
T003705,2026-02-21,S007,P0060,Building Materials,Building Materials A,56,4,1,59,298.08,298.08
T003706,2025-08-26,S002,P0074,Electrical,Electrical C,53,34,2,85,113.67,227.34
T003707,2026-01-29,S015,P0060,Lawn & Garden,Lawn & Garden A,5,26,4,27,343.53,1374.12
T003708,2025-12-26,S011,P0005,Plumbing,Plumbing A,8,30,6,32,142.36,854.16
T003709,2025-04-06,S003,P0018,Plumbing,Plumbing C,104,55,7,152,26.95,188.65
T003710,2025-01-05,S004,P0042,Paint,Paint C,20,80,7,93,69.14,483.98
T003711,2025-10-12,S006,P0029,Building Materials,Building Materials C,64,55,2,117,65.0,130.0
T003712,2025-03-11,S009,P0031,Appliances,Appliances B,23,14,2,35,162.95,325.9
T003713,2026-01-30,S006,P0038,Electrical,Electrical B,14,40,1,53,53.62,53.62
T003714,2026-01-10,S001,P0064,Electrical,Electrical A,47,4,8,43,221.03,1768.24
T003715,2025-04-05,S013,P0017,Building Materials,Building Materials B,75,74,2,147,325.51,651.02
T003716,2025-06-27,S009,P0041,Hardware,Hardware C,51,31,8,74,59.46,475.68
T003717,2025-12-21,S006,P0009,Appliances,Appliances B,75,57,4,128,281.72,1126.88
T003718,2026-06-18,S010,P0033,Electrical,Electrical A,22,58,6,74,30.89,185.34
T003719,2025-12-09,S011,P0068,Appliances,Appliances C,63,54,3,114,30.62,91.86
T003720,2025-04-02,S005,P0051,Paint,Paint B,19,55,5,69,34.32,171.6
T003721,2025-09-25,S008,P0100,Appliances,Appliances C,12,0,6,6,239.37,1436.22
T003722,2026-03-30,S010,P0010,Lawn & Garden,Lawn & Garden C,99,71,2,168,101.18,202.36
T003723,2025-11-06,S011,P0071,Plumbing,Plumbing C,93,15,7,101,256.77,1797.39
T003724,2025-09-13,S012,P0002,Appliances,Appliances C,41,65,1,105,299.27,299.27
T003725,2026-06-05,S009,P0006,Appliances,Appliances B,27,36,10,53,13.5,135.0
T003726,2025-04-26,S012,P0089,Appliances,Appliances B,90,28,3,115,136.82,410.46
T003727,2025-02-08,S003,P0082,Appliances,Appliances A,12,52,1,63,349.88,349.88
T003728,2025-03-18,S015,P0021,Electrical,Electrical B,106,54,5,155,337.27,1686.35
T003729,2025-12-22,S009,P0073,Plumbing,Plumbing A,20,6,4,22,143.62,574.48
T003730,2025-09-27,S015,P0075,Paint,Paint C,9,22,1,30,117.79,117.79
T003731,2025-03-22,S014,P0093,Electrical,Electrical C,53,45,2,96,156.0,312.0
T003732,2025-12-29,S014,P0063,Plumbing,Plumbing C,27,2,1,28,224.05,224.05
T003733,2025-08-29,S010,P0065,Paint,Paint B,12,50,1,61,107.42,107.42
T003734,2025-11-27,S013,P0025,Building Materials,Building Materials A,2,60,1,61,297.68,297.68
T003735,2026-05-16,S005,P0050,Appliances,Appliances A,114,27,4,137,149.32,597.28
T003736,2026-01-07,S005,P0063,Electrical,Electrical C,64,1,6,59,143.73,862.38
T003737,2025-02-07,S004,P0067,Electrical,Electrical B,118,35,1,152,224.65,224.65
T003738,2026-06-07,S010,P0016,Building Materials,Building Materials A,49,47,1,95,156.21,156.21
T003739,2026-03-01,S008,P0019,Hardware,Hardware C,30,53,12,71,63.83,765.96
T003740,2025-09-18,S009,P0016,Building Materials,Building Materials C,90,44,3,131,260.92,782.76
T003741,2025-02-03,S015,P0021,Plumbing,Plumbing A,2,11,5,8,313.75,1568.75
T003742,2025-05-14,S005,P0073,Electrical,Electrical A,49,73,2,120,53.66,107.32
T003743,2025-10-12,S015,P0013,Plumbing,Plumbing C,31,79,1,109,104.4,104.4
T003744,2025-05-07,S007,P0068,Plumbing ,Plumbing C,59,73,4,128,263.96,1055.84
T003745,2025-09-21,S008,P0061,Paint,Paint C,6,12,9,9,54.42,489.78
T003746,2026-06-06,S004,P0033,Paint,Paint B,22,50,1,71,297.4,297.4
T003747,2026-05-03,S013,P0080,Electrical,Electrical C,110,36,1,145,83.82,83.82
T003748,2025-05-13,S005,P0018,Building Materials,Building Materials B,63,61,1,123,310.69,310.69
T003749,2025-12-14,S003,P0007,Appliances,Appliances C,67,44,6,105,283.15,1698.9
T003750,2026-03-19,S004,P0005,Paint,Paint B,29,74,4,99,72.84,291.36
T003751,2026-06-02,S003,P0039,Plumbing ,Plumbing A,101,36,7,130,267.28,1870.96
T003752,2025-09-10,S011,P0048,Lawn & Garden,Lawn & Garden C,96,60,3,153,114.39,343.17
T003753,2025-09-08,S010,P0088,Building Materials,Building Materials C,16,6,5,17,124.39,621.95
T003754,2026-03-06,S011,P0092,Paint,Paint C,37,52,2,87,170.18,340.36
T003755,2025-03-11,S013,P0067,Lawn & Garden,Lawn & Garden C,27,53,1,79,277.29,277.29
T003756,2025-10-25,S011,P0100,Electrical,Electrical C,8,14,5,17,54.19,270.95
T003757,2025-12-07,S001,P0081,Appliances,Appliances C,27,63,6,84,104.03,624.18
T003758,2026-01-24,S005,P0046,Plumbing,Plumbing C,112,63,1,174,330.73,330.73
T003759,2025-06-07,S001,P0018,Appliances,Appliances C,15,2,9,8,253.59,2282.31
T003760,2026-02-22,S007,P0086,Lawn & Garden,Lawn & Garden A,40,10,9,41,143.13,1288.17
T003761,2025-02-13, S012 ,P0073,Hardware,Hardware B,89,1,1,89,41.57,41.57
T003762,2025-12-28,S012,P0066,Hardware,Hardware A,84,22,1,105,101.33,101.33
T003763,2026-02-08,S006,P0055,Paint,Paint C,38,66,1,103,51.95,51.95
T003764,2025-05-08,S008,P0076,Building Materials,Building Materials C,23,27,3,47,121.51,364.53
T003765,2025-08-26,S008,P0056,Electrical,Electrical C,61,63,2,122,161.04,322.08
T003766,2026-02-02,S006,,Lawn & Garden,Lawn & Garden B,26,8,1,33,118.35,118.35
T003767,2025-09-20,S008,P0001,Hardware,Hardware A,87,80,1,166,223.31,223.31
T003768,2025-02-06,S014,P0062,Electrical,Electrical B,90,52,1,141,142.42,142.42
T003769,2025-04-03,S002,P0059,Plumbing,Plumbing A,29,47,1,75,107.12,107.12
T003770,2025-02-21,S003,P0028,Electrical,Electrical A,108,73,1,180,140.31,140.31
T003771,2026-01-24,S004,P0063,Electrical,Electrical C,71,11,11,71,11.6,127.6
T003772,2025-11-01,S014,P0060,Hardware,Hardware B,53,9,10,52,331.97,3319.7
T003773,2025-07-29,S007,P0085,Paint,Paint A,73,50,5,118,44.7,223.5
T003774,2025-11-02,S004,P0033,Lawn & Garden,Lawn & Garden A,8,80,2,86,207.41,414.82
T003775,2025-01-17,S011,P0008,Hardware,Hardware A,91,15,1,105,141.4,141.4
T003776,2025-02-27,S009,P0058,Hardware,Hardware C,103,7,3,107,338.05,1014.15
T003777,2026-01-08,S014,P0098,Plumbing,Plumbing A,88,60,4,144,306.79,1227.16
T003778,2026-01-09,S008,P0021,Paint,Paint A,76,40,1,115,269.77,269.77
T003779,2025-03-04,S006,P0043,Electrical,Electrical C,91,4,4,91,210.71,842.84
T003780,2026-01-29,S013,P0078,Lawn & Garden,Lawn & Garden A,90,70,1,159,119.38,119.38
T003781,2025-05-11,S004,P0074,Building Materials,Building Materials C,27,16,2,41,290.28,580.56
T003782,2025-01-21,S002,P0021,Building Materials,Building Materials B,108,68,2,174,267.18,534.36
T003783,2025-03-11,S005,P0068,Building Materials,Building Materials C,47,8,10,45,221.89,2218.9
T003784,2026-03-23,S015,P0086,Electrical,Electrical B,20,19,1,38,198.83,198.83
T003785,2025-11-27,S008,P0072,Paint,Paint A,114,55,4,165,305.41,1221.64
T003786,2025-07-01,S015,P0078,Building Materials,Building Materials A,18,69,1,86,130.03,130.03
T003787,2025-07-18,S013,P0045,Lawn & Garden,Lawn & Garden C,62,20,1,81,148.2,148.2
T003788,2026-02-27,S011,P0036,Electrical,Electrical B,87,19,1,105,19.57,19.57
T003789,2025-05-06,S006,P0071,Paint,Paint C,69,6,3,72,24.85,74.55
T003790,2025-12-26,S001,P0097,paint,Paint C,14,1,9,6,123.74,1113.66
T003791,2026-03-07,S010,P0063,Hardware,Hardware B,55,10,1,64,94.74,94.74
T003792,2026-03-14,S004,P0049,Plumbing,Plumbing B,37,49,6,80,276.75,1660.5
T003793,2026-03-31,S005,P0057,Paint,Paint C,29,25,11,43,147.68,1624.48
T003794,2026-03-17,S009,P0022,Appliances,Appliances C,44,0,4,40,324.31,1297.24
T003795,05/26/2026,S005,P0032,Electrical,Electrical A,21,14,7,28,118.51,829.57
T003796,2026-04-30,S013,P0017,Hardware,Hardware A,110,72,1,181,221.52,221.52
T003797,2026-05-14,S004,P0058,Hardware,Hardware B,68,40,4,104,13.5,54.0
T003798,2026-05-12,S004,P0093,Hardware,Hardware B,78,56,5,129,132.77,663.85
T003799,2026-06-03,S010,P0096,Paint,Paint C,83,46,1,128,126.45,126.45
T003800,2025-09-17,S005,P0034,Plumbing,Plumbing C,49,8,1,56,213.52,213.52
T003801,2026-05-06,S008,P0033,Hardware,Hardware B,56,20,2,74,102.96,205.92
T003802,2026-01-14,S015,P0050,Plumbing,Plumbing A,117,79,1,195,276.62,276.62
T003803,2025-12-07,S008,P0048,Lawn & Garden,Lawn & Garden C,28,16,2,42,191.95,383.9
T003804,2025-03-03,S010,P0042,Appliances,Appliances B,94,14,1,107,106.04,106.04
T003805,2025-11-27,S010,P0094,Appliances,Appliances C,38,23,10,51,84.65,846.5
T003806,2025-04-16,S004,P0018,Lawn & Garden,Lawn & Garden A,113,7,6,114,92.46,554.76
T003807,2025-07-19,S006,P0092,Lawn & Garden,Lawn & Garden B,116,74,23,167,115.31,2652.13
T003808,2026-05-31,S012,P0024,Paint,Paint A,117,0,1,116,211.29,211.29
T003809,2026-04-27,S011,P0065,Plumbing,Plumbing C,89,60,4,145,58.03,232.12
T003810,2026-04-26,S004,P0059,Lawn & Garden,Lawn & Garden C,92,31,1,122,286.03,286.03
T003811,2026-05-26,S013,P0065,Electrical,Electrical B,101,7,1,107,341.82,341.82
T003812,2026-03-31,S003,P0091,Lawn & Garden,Lawn & Garden B,78,3,6,75,61.72,370.32
T003813,2025-07-06,S003,P0089,Hardware,Hardware B,66,20,3,83,58.52,175.56
T003814,2025-03-22,S006,P0095,Hardware,Hardware B,58,56,2,112,49.4,98.8
T003815,2026-03-29,S005,P0022,Plumbing,Plumbing C,11,75,4,82,115.98,463.92
T003816,2026-06-03,S009,P0086,Electrical,Electrical A,91,40,1,130,177.24,177.24
T003817,2026-02-06,S010,P0044,Paint,Paint B,66,27,1,92,56.54,56.54
T003818,2025-01-25,S002,P0045,Plumbing,Plumbing A,52,77,1,128,299.4,299.4
T003819,2025-11-22,S009,P0050,Building Materials,Building Materials C,3,23,7,19,161.87,1133.09
T003820,2025-06-09,S005,P0015,paint,Paint C,10,28,6,32,66.36,398.16
T003821,2025-07-16,S001,P0073,Plumbing,Plumbing C,27,4,1,30,135.22,135.22
T003822,2026-03-12,S015,P0100,Plumbing,Plumbing C,54,56,10,100,325.67,3256.7
T003823,2025-02-17,S008,P0052,Hardware,Hardware B,44,72,3,113,348.52,1045.56
T003824,2025-12-01,S002,P0038,Plumbing,Plumbing A,95,56,4,147,116.91,467.64
T003825,2025-02-10,S006,P0023,Paint,Paint C,78,64,1,141,190.35,190.35
T003826,2025-11-30,S008,P0068,Building Materials,Building Materials A,64,37,3,98,125.17,375.51
T003827,2025-01-22,S005,P0020,Appliances,Appliances A,10,47,1,56,279.2,279.2
T003828,2025-09-08,S007,P0015,Hardware,Hardware A,15,54,1,68,186.86,186.86
T003829,2026-01-27,S002,P0056,Building Materials,Building Materials C,90,35,6,119,105.31,631.86
T003830,2025-11-16,S009,P0043,Electrical,Electrical A,70,75,6,139,332.55,1995.3
T003831,2025-02-08,S007,P0084,Electrical,Electrical C,79,30,4,105,278.05,1112.2
T003832,2026-06-03,S015,P0006,Paint,Paint A,50,27,2,75,277.67,555.34
T003833,2025-11-08,S006,P0047,Plumbing,Plumbing C,12,62,1,73,321.38,321.38
T003834,2025-10-31,S011,P0083,Building Materials,Building Materials B,81,78,7,152,101.07,707.49
T003835,2025-02-06,S001,P0099,Paint,Paint A,27,75,6,96,96.87,581.22
T003836,2026-03-04,S011,P0064,Building Materials,Building Materials B,1,73,1,73,43.74,43.74
T003837,2026-04-04,S002,P0027,Hardware,Hardware A,64,14,6,72,333.72,2002.32
T003838,2025-04-16,S015,P0029,Appliances,Appliances A,69,37,2,104,301.41,602.82
T003839,2025-02-25,S007,P0013,Electrical,Electrical B,52,49,5,96,97.3,486.5
T003840,2025-12-24,S007,P0029,Appliances,Appliances A,75,64,1,138,158.95,158.95
T003841,2025-12-30,S013,P0064,Paint,Paint C,39,62,1,100,207.85,207.85
T003842,2026-06-02,S013,P0079,Hardware,Hardware A,29,28,3,54,167.46,502.38
T003843,2025-02-07,S003,P0036,Hardware,Hardware A,116,32,10,138,98.65,986.5
T003844,2025-09-26,S002,P0099,Electrical,Electrical A,36,44,3,77,155.11,465.33
T003845,2026-03-01,S010,P0095,Electrical,Electrical C,32,11,7,36,345.22,2416.54
T003846,2025-08-13,S014,P0094,Hardware,Hardware C,76,64,3,137,23.23,69.69
T003847,2025-07-16,S004,P0057,Lawn & Garden,Lawn & Garden B,94,21,3,112,326.37,979.11
T003848,2026-05-13,S011,,Paint,Paint A,33,34,4,63,114.36,457.44
T003849,2025-07-15,S003,P0037,Electrical,Electrical B,11,71,3,79,124.79,374.37
T003850,2025-04-01,S009,P0027,Electrical,Electrical A,46,44,5,85,303.18,1515.9
T003851,2025-05-16,S006,P0081,Plumbing,Plumbing A,43,0,1,42,304.26,304.26
T003852,2025-10-08,S015,P0083,Lawn & Garden,Lawn & Garden A,56,20,3,73,246.42,739.26
T003853,2025-07-08,S010,P0085,Building Materials,Building Materials B,13,31,11,33,189.09,2079.99
T003854,2026-02-24,S008,P0017,Hardware,Hardware C,37,55,7,85,154.9,1084.3
T003855,2025-05-07,S011,P0075,Plumbing,Plumbing B,68,57,4,121,268.71,1074.84
T003856,2025-10-24,S010,P0035,Lawn & Garden,Lawn & Garden A,25,53,6,72,277.28,1663.68
T003857,2026-02-17,S009,P0053,Electrical,Electrical C,112,0,9,103,286.72,2580.48
T003858,2026-03-26,S009,P0083,Building Materials,Building Materials A,9,50,1,58,18.86,18.86
T003859,2026-05-11,S010,P0058,Appliances,Appliances B,5,26,2,29,91.22,182.44
T003860,2025-11-23,S015,P0086,Paint,Paint A,13,50,1,62,183.14,183.14
T003861,2025-05-19,S001,P0069,Plumbing,Plumbing A,28,64,1,91,305.99,305.99
T003862,2026-01-10,S002,P0025,Appliances,Appliances B,113,30,12,131,102.4,1228.8
T003863,2025-09-24,S014,P0012,Electrical,Electrical C,2,48,5,45,282.79,1413.95
T003864,2026-01-25,S001,P0046,Electrical,Electrical B,18,52,6,64,20.95,125.7
T003865,2026-05-22,S011,P0071,Lawn & Garden,Lawn & Garden A,118,43,1,160,57.46,57.46
T003866,2026-03-13,S002,P0083,Plumbing,Plumbing A,53,16,2,67,123.37,246.74
T003867,2026-05-07,S015,P0079,Lawn & Garden,Lawn & Garden B,2,50,3,49,323.74,971.22
T003868,2026-05-05,S006,P0083,Building Materials,Building Materials B,53,47,4,96,189.59,758.36
T003869,2026-02-05,S015,P0072,Plumbing,Plumbing C,14,37,5,46,327.04,1635.2
T003870,2026-06-23,S008,P0088,Appliances,Appliances B,74,2,5,71,266.01,1330.05
T003871,2025-02-23,S014,P0044,Plumbing,Plumbing C,22,50,2,70,235.42,470.84
T003872,2025-10-19,S005,P0064,Lawn & Garden,Lawn & Garden B,57,79,9,127,313.34,2820.06
T003873,2025-08-25,S008,P0022,Building Materials,Building Materials C,42,22,8,56,48.08,384.64
T003874,2026-04-10,S011,P0086,Building Materials,Building Materials B,14,37,4,47,95.53,382.12
T003875,2025-10-30,S013,P0063,Electrical,Electrical B,10,64,3,71,88.28,264.84
T003876,2025-02-23,S008,P0008,Plumbing,Plumbing C,73,22,2,93,292.26,584.52
T003877,2026-06-20,S008,P0031,Plumbing,Plumbing B,81,46,4,123,130.94,523.76
T003878,2026-05-20,S001,P0047,Appliances,Appliances C,59,4,7,56,178.93,1252.51
T003879,2025-05-29,S011,,Appliances,Appliances A,75,64,3,136,269.93,809.79
T003880,2026-01-19,S007,P0087,Lawn & Garden,Lawn & Garden B,14,6,2,18,98.51,197.02
T003881,2025-07-24,S006,P0027,Building Materials,Building Materials A,55,21,3,73,298.43,895.29
T003882,2025-08-01,S007,P0010,Paint,Paint B,49,51,4,96,52.61,210.44
T003883,2025-02-23,S003,P0071,Building Materials,Building Materials A,60,10,1,69,10.67,10.67
T003884,2026-04-22,S005,P0095,Appliances,Appliances B,77,73,1,149,268.74,268.74
T003885,2025-01-06,S014,P0097,Electrical,Electrical B,102,29,2,129,271.8,543.6
T003886,2026-01-13,S008,P0012,Plumbing,Plumbing B,23,33,9,47,89.61,806.49
T003887,2026-06-24,S007,P0097,Hardware,Hardware A,53,41,7,87,26.58,186.06
T003888,2025-07-17,S015,P0047,Hardware,Hardware B,10,38,1,47,159.78,159.78
T003889,2025-06-04,S012,P0017,Hardware,Hardware C,79,63,1,141,221.42,221.42
T003890,2025-05-05,S009,P0041,Hardware,Hardware C,116,67,5,178,221.56,1107.8
T003891,2025-09-13,S008,P0013,Appliances,Appliances B,14,11,2,23,304.09,608.18
T003892,2026-05-28,S006,P0040,Electrical,Electrical B,9,26,4,31,158.34,633.36
T003893,2025-09-28,S010,P0012,Appliances,Appliances C,76,41,1,116,148.17,148.17
T003894,2026-05-03,S014,P0095,Appliances,Appliances A,114,15,3,126,94.92,284.76
T003895,2025-04-02,S001,P0060,Hardware,Hardware A,112,4,3,113,78.55,235.65
T003896,2025-04-03,S009,P0086,Paint,Paint C,20,3,6,17,38.04,228.24
T003897,2026-03-09,S001,P0034,Appliances,Appliances A,85,40,4,121,202.85,811.4
T003898,2026-03-25,S014,P0071,Building Materials,Building Materials B,53,35,3,85,33.69,101.07
T003899,2025-03-13,S005,P0016,Hardware,Hardware B,84,50,1,133,308.16,308.16
T003900,2025-05-10,S014,P0030,Appliances,Appliances C,112,37,11,138,153.5,1688.5
T003901,2025-09-25,S001,P0052,Building Materials,Building Materials C,120,76,5,191,283.89,1419.45
T003902,2025-09-01,S015,P0036,Paint,Paint B,18,8,1,25,141.69,141.69
T003903,2025-08-28,S007,P0013,Plumbing,Plumbing B,40,1,3,38,206.53,619.59
T003904,2025-04-09,S015,P0089,Building Materials,Building Materials B,118,13,2,129,343.3,686.6
T003905,2025-09-05,S002,P0081,Plumbing ,Plumbing C,63,69,2,130,12.06,24.12
T003906,2025-11-25,S012,P0058,Hardware,Hardware A,102,67,7,162,46.12,322.84
T003907,2025-10-12,S005,P0082,Hardware,Hardware B,30,30,1,59,294.53,294.53
T003908,2026-04-26,S007,P0032,Plumbing,Plumbing C,12,54,5,61,171.41,857.05
T003909,2025-09-05,S011,P0010,Plumbing,Plumbing C,110,40,7,143,173.42,1213.94
T003910,2025-01-19,S015,P0011,Paint,Paint A,79,50,4,125,185.27,741.08
T003911,2026-01-03,S010,P0022,Appliances,Appliances B,84,45,2,127,255.7,511.4
T003912,2025-03-11,S005,P0068,Hardware,Hardware C,50,64,1,113,60.44,60.44
T003913,2025-06-26,S002,P0037,Hardware,Hardware C,76,44,1,119,40.44,40.44
T003914,2026-01-26,S012,P0023,Hardware,Hardware C,114,78,3,189,228.96,686.88
T003915,2025-02-25,S009,P0051,Plumbing,Plumbing A,15,19,3,31,38.45,115.35
T003916,05/23/2025,S003,P0071,Plumbing,Plumbing A,10,23,6,27,79.71,478.26
T003917,2025-08-08,S014,P0067,Electrical,Electrical B,22,58,1,79,50.16,50.16
T003918,2025-06-28,S011,P0064,Paint,Paint B,25,40,7,58,72.51,507.57
T003919,2025-04-14,S015,P0087,Electrical,Electrical C,77,32,16,93,59.66,954.56
T003920,2025-04-25,S011,P0048,Lawn & Garden,Lawn & Garden B,90,78,3,165,30.4,91.2
T003921,2025-05-20,S014,P0085,Plumbing,Plumbing B,111,0,2,109,85.37,170.74
T003922,2026-05-19,S010,P0064,Plumbing,Plumbing C,50,37,3,84,215.55,646.65
T003923,2026-04-10,S004,P0020,Lawn & Garden,Lawn & Garden C,54,9,3,60,222.38,667.14
T003924,2025-03-17,S011,P0031,Building Materials,Building Materials A,60,42,2,100,44.56,89.12
T003925,2025-09-24,S010,P0052,Electrical,Electrical C,104,36,1,139,292.64,292.64
T003926,2025-05-10,S004,P0024,Plumbing,Plumbing A,71,61,2,130,317.97,635.94
T003927,2026-05-01,S013,P0008,Plumbing,Plumbing C,26,74,3,97,204.83,614.49
T003928,2025-12-28,S015,P0072,Hardware,Hardware C,79,21,8,92,78.14,625.12
T003929,2025-07-10,S007,P0018,Paint,Paint A,79,76,1,154,184.43,184.43
T003930,2026-04-05,S005,P0070,Electrical,Electrical C,71,31,10,92,212.71,2127.1
T003931,2026-03-25,S013,P0095,Building Materials,Building Materials C,28,26,2,52,50.17,100.34
T003932,2025-11-10,S006,P0047,Electrical,Electrical A,62,1,1,62,158.35,158.35
T003933,2026-06-04,S003,P0067,Plumbing,Plumbing A,70,12,5,77,321.69,1608.45
T003934,2025-07-03,S011,P0073,Paint,Paint A,41,7,2,46,184.98,369.96
T003935,2026-05-08,S009,P0076,Plumbing,Plumbing A,65,62,3,124,336.84,1010.52
T003936,2025-10-29,S006,P0013,Plumbing,Plumbing A,4,57,3,58,82.0,246.0
T003937,2025-03-04,S015,P0083,Paint,Paint C,97,29,5,121,145.34,726.7
T003938,2025-04-06,S010,P0014,Electrical,Electrical B,3,76,3,76,262.3,786.9
T003939,2025-02-28,S008,P0030,Hardware,Hardware C,59,1,2,58,34.39,68.78
T003940,2025-01-29,S002,P0054,Plumbing,Plumbing C,112,6,2,116,206.6,413.2
T003941,2025-02-16,S003,P0062,Plumbing,Plumbing A,106,34,4,136,141.77,567.08
T003942,2025-10-04,S004,P0062,Building Materials,Building Materials B,117,41,2,156,308.64,617.28
T003943,2025-01-25,S012,P0043,Building Materials,Building Materials B,120,56,8,168,284.02,2272.16
T003944,2025-06-12,S012,P0096,Appliances,Appliances C,70,77,3,144,126.19,378.57
T003945,2025-01-12,S002,P0069,Lawn & Garden,Lawn & Garden C,101,53,1,153,265.71,265.71
T003946,2025-11-26,S006,P0056,Paint,Paint B,95,68,4,159,349.62,1398.48
T003947,2025-07-09,S006,P0005,Electrical,Electrical A,81,46,4,123,324.88,1299.52
T003948,2025-11-30,S008,P0054,Plumbing,Plumbing B,100,22,8,114,11.29,90.32
T003949,2025-09-06,S015,P0005,Appliances,Appliances A,32,80,1,111,84.63,84.63
T003950,2025-02-23,S011,P0050,Hardware,Hardware A,107,32,1,138,203.25,203.25
T003951,2025-09-21,S001,P0001,Appliances,Appliances A,4,2,5,1,312.2,1561.0
T003952,2026-04-19,S009,P0050,Plumbing,Plumbing A,68,56,7,117,109.13,763.91
T003953,2025-05-26,S007,P0037,Hardware,Hardware A,54,7,1,60,116.16,116.16
T003954,2025-12-06,S002,P0095,Appliances,Appliances C,85,13,4,94,46.34,185.36
T003955,2025-03-03,S011,P0072,Appliances,Appliances B,77,2,3,76,201.62,604.86
T003956,2025-03-14,S008,P0100,Electrical,Electrical A,87,35,1,121,224.13,224.13
T003957,2026-02-01,S014,P0025,Plumbing,Plumbing A,88,29,3,114,222.04,666.12
T003958,2026-02-16,S001,P0061,Building Materials,Building Materials B,48,12,6,54,113.09,678.54
T003959,2026-03-06,S006,P0037,Plumbing,Plumbing C,115,23,3,135,180.74,542.22
T003960,2025-07-09,S015,P0066,Plumbing,Plumbing A,109,30,2,137,304.45,608.9
T003961,2025-10-13,S008,P0099,Paint,Paint C,20,74,5,89,287.42,1437.1
T003962,2025-09-30,S009,P0039,Lawn & Garden,Lawn & Garden B,0,73,7,66,14.85,103.95
T003963,2025-09-19,S004,P0052,Plumbing,Plumbing C,95,37,1,131,60.9,60.9
T003964,2026-05-04,S004,P0097,Hardware,Hardware B,86,61,4,143,235.8,943.2
T003965,2026-04-09,S001,P0068,Electrical,Electrical A,18,44,2,60,101.77,203.54
T003966,2025-05-10,S010,P0069,Hardware,Hardware B,103,58,3,158,159.01,477.03
T003967,2025-03-25,S002,P0076,Lawn & Garden,Lawn & Garden A,20,48,5,63,313.79,1568.95
T003968,2025-08-04,S008,P0015,Hardware,Hardware C,118,1,2,117,177.71,355.42
T003969,2025-04-30,S011,P0004,Electrical,Electrical C,100,27,3,124,157.14,471.42
T003970,2026-03-02,S001,P0063,Paint,Paint B,100,57,6,151,300.66,1803.96
T003971,2025-02-04,S013,P0046,Hardware,Hardware B,7,17,4,20,331.07,1324.28
T003972,2026-01-04,S005,P0048,Electrical,Electrical C,81,79,3,157,104.5,313.5
T003973,2025-05-16,S007,P0048,Paint,Paint A,116,34,3,147,175.79,527.37
T003974,2026-04-30,S014,P0050,plumbing,Plumbing C,30,43,3,70,148.22,444.66
T003975,2025-12-08,S010,P0004,Electrical,Electrical A,87,57,1,143,274.88,274.88
T003976,2025-05-27,S007,P0061,Lawn & Garden,Lawn & Garden B,112,71,3,180,237.91,713.73
T003977,2025-06-11,S015,P0095,Paint,Paint B,2,30,1,31,287.38,287.38
T003978,2025-07-11,S008,P0100,Hardware,Hardware C,33,69,7,95,307.3,2151.1
T003979,2025-10-20,S012,P0026,Electrical,Electrical A,61,77,1,137,27.37,27.37
T003980,2026-05-23,S008,P0100,Paint,Paint C,35,62,2,95,95.57,191.14
T003981,2025-04-25,S004,P0050,Paint,Paint B,2,60,2,60,207.02,414.04
T003982,2026-02-02,S002,P0078,Electrical,Electrical B,67,7,9,65,217.66,1958.94
T003983,2025-02-17,S009,P0003,Appliances,Appliances A,108,39,7,140,81.79,572.53
T003984,2026-05-07,S004,P0039,Building Materials,Building Materials B,91,22,1,112,204.38,204.38
T003985,2025-04-03,S007,P0090,Paint,Paint C,116,78,3,191,226.44,679.32
T003986,2025-11-04,S015,P0054,Electrical,Electrical A,13,69,1,81,92.57,92.57
T003987,2026-03-22,S010,P0046,Electrical,Electrical A,83,18,3,98,342.23,1026.69
T003988,2025-03-02,S010,P0048,Hardware,Hardware B,82,74,5,151,240.55,1202.75
T003989,2025-07-13,S011,P0072,Building Materials,Building Materials C,112,36,4,144,172.73,690.92
T003990,2026-05-06,S005,P0031,Paint,Paint C,41,6,5,42,223.43,1117.15
T003991,2026-04-05,S013,P0061,Building Materials,Building Materials C,58,73,2,129,279.17,558.34
T003992,2025-12-04,S004,P0046,Building Materials,Building Materials B,77,18,4,91,159.68,638.72
T003993,2026-06-08,S012,P0032,Hardware,Hardware A,71,59,5,125,142.94,714.7
T003994,2026-06-24,S014,P0073,Electrical,Electrical C,21,67,2,86,35.11,70.22
T003995,2026-05-25,S007,P0069,Lawn & Garden,Lawn & Garden A,2,56,1,57,25.79,25.79
T003996,2026-01-26,S003,P0041,Plumbing,Plumbing C,95,40,1,134,104.34,104.34
T003997,2025-10-20,S005,P0003,Appliances,Appliances C,58,13,3,68,314.37,943.11
T003998,2025-09-12,S001,P0059,Building Materials,Building Materials B,67,12,3,76,132.63,397.89
T003999,2025-03-22,S004,P0075,Electrical,Electrical A,84,10,4,90,316.7,1266.8
T004000,2026-02-10,S014,P0057,Building Materials,Building Materials A,61,7,1,67,285.91,285.91
T004001,2026-04-18,S010,P0036,Building Materials,Building Materials A,57,46,5,98,317.58,1587.9
T004002,2025-07-09,S012,P0014,Paint,Paint B,27,30,10,47,80.88,808.8
T004003,2025-01-06,S011,P0013,Electrical,Electrical C,20,9,2,27,66.76,133.52
T004004,2025-06-13,S011,P0093,Electrical,Electrical A,53,9,14,48,344.13,4817.82
T004005,2026-03-13,S001,P0052,Building Materials,Building Materials C,10,34,11,33,115.08,1265.88
T004006,2026-04-28,S002,P0011,Plumbing,Plumbing C,3,4,3,4,251.24,753.72
T004007,2025-09-06,S012,P0009,Appliances,Appliances C,78,80,2,156,330.76,661.52
T004008,2025-07-15,S014,P0090,Electrical,Electrical B,77,55,1,131,348.87,348.87
T004009,2025-12-07,S003,P0049,Electrical,Electrical B,107,34,6,135,127.68,766.08
T004010,2026-02-01,S015,P0076,Electrical,Electrical C,64,53,3,114,263.19,789.57
T004011,2025-09-22,S012,P0014,Lawn & Garden,Lawn & Garden A,63,13,3,73,178.54,535.62
T004012,2026-01-27,S006,P0008,Lawn & Garden,Lawn & Garden A,72,63,1,134,331.96,331.96
T004013,2025-06-24,S008,P0052,Paint,Paint C,41,5,6,40,138.44,830.64
T004014,2025-10-13,S003,P0096,Lawn & Garden,Lawn & Garden B,95,51,2,144,269.89,539.78
T004015,2025-12-21,S002,P0006,Electrical,Electrical A,85,65,1,149,85.75,85.75
T004016,2025-09-16,S008,P0080,Appliances,Appliances B,8,52,3,57,56.9,170.7
T004017,2025-01-06,S007,P0057,Paint,Paint C,83,1,1,83,34.88,34.88
T004018,2026-01-04,S008,P0074,Building Materials,Building Materials C,76,59,8,127,326.7,2613.6
T004019,2025-05-05,S013,P0059,Appliances,Appliances B,101,63,11,153,20.91,230.01
T004020,2025-04-24,S012,P0091,Lawn & Garden,Lawn & Garden A,57,60,3,114,9.86,29.58
T004021,2026-04-13,S002,P0056,Lawn & Garden,Lawn & Garden C,61,61,6,116,154.34,926.04
T004022,2025-06-13,S009,P0023,Plumbing,Plumbing A,110,15,6,119,110.39,662.34
T004023,2025-04-24,S003,P0047,Hardware,Hardware A,79,62,1,140,262.9,262.9
T004024,2025-10-15,S001,P0089,Lawn & Garden,Lawn & Garden C,21,5,1,25,205.07,205.07
T004025,2026-04-22,S015,P0081,Plumbing,Plumbing B,108,68,3,173,210.09,630.27
T004026,2025-06-19,S013,P0044,Hardware,Hardware A,27,53,2,78,28.8,57.6
T004027,2026-01-02,S014,P0063,Paint,Paint A,108,51,1,158,278.91,278.91
T004028,2025-09-04,S001,P0059,Building Materials,Building Materials B,79,45,7,117,325.06,2275.42
T004029,2026-01-23,S002,P0097,Hardware,Hardware C,73,51,2,122,149.37,298.74
T004030,2025-07-17,S014,P0050,Appliances,Appliances A,31,48,4,75,274.95,1099.8
T004031,2025-06-01,S006,P0023,Plumbing,Plumbing B,103,70,6,167,130.98,785.88
T004032,2026-03-26,S013,P0072,Hardware,Hardware A,115,71,8,178,289.25,2314.0
T004033,2025-10-22,S013,P0016,Appliances,Appliances A,55,49,1,103,226.78,226.78
T004034,2025-09-04,S013,P0092,Plumbing,Plumbing C,3,0,1,2,87.15,87.15
T004035,2026-03-01,S012,P0001,Lawn & Garden,Lawn & Garden C,80,63,3,140,246.14,738.42
T004036,2025-09-08,S006,P0061,Lawn & Garden,Lawn & Garden A,59,78,1,136,105.34,105.34
T004037,2025-09-06,S005,P0008,Hardware,Hardware A,83,67,1,149,51.26,51.26
T004038,2025-04-27,S001,P0025,Paint,Paint A,80,6,7,79,117.66,823.62
T004039,2025-12-02,S006,P0063,Electrical,Electrical B,69,65,5,129,79.73,398.65
T004040,2026-01-27,S009,P0021,Building Materials,Building Materials C,0,56,3,53,119.32,357.96
T004041,2025-05-24,S006,P0069,Appliances,Appliances B,114,7,4,117,296.04,1184.16
T004042,2026-03-25,S009,P0071,Hardware,Hardware C,99,44,5,138,268.18,1340.9
T004043,2025-05-04,S011,P0068,Electrical,Electrical A,45,11,1,55,183.41,183.41
T004044,2025-01-04,S005,P0064,Paint,Paint A,94,47,2,139,342.32,684.64
T004045,2025-08-10,S003,P0099,Hardware,Hardware B,18,48,8,58,247.45,1979.6
T004046,2026-06-08,S014,P0060,Lawn & Garden,Lawn & Garden A,119,19,3,135,22.38,67.14
T004047,2025-02-22,S007,P0047,Building Materials,Building Materials B,56,10,4,62,285.43,1141.72
T004048,2025-07-30,S014,P0079,Electrical,Electrical C,82,40,3,119,37.6,112.8
T004049,2026-02-03,S005,P0075,Plumbing,Plumbing A,26,54,1,79,155.29,155.29
T004050,2025-11-19,S010,P0089,Plumbing,Plumbing B,53,70,2,121,135.51,271.02
T004051,2025-04-22,S007,P0038,Paint,Paint A,118,13,4,127,278.1,1112.4
T004052,2025-08-22,S011,P0031,Plumbing,Plumbing A,1,35,2,34,52.02,104.04
T004053,2026-06-15,S011,,Plumbing,Plumbing A,72,49,1,120,43.45,43.45
T004054,2025-06-07,S001,P0064,Electrical ,Electrical A,39,31,1,69,16.29,16.29
T004055,2026-06-12,S008,P0039,Appliances,Appliances B,49,5,8,46,231.09,1848.72
T004056,2026-03-05,S004,P0055,Hardware,Hardware C,26,62,2,86,17.9,35.8
T004057,2025-05-31,S004,P0026,Plumbing,Plumbing A,3,11,7,7,200.97,1406.79
T004058,2026-05-27, S011 ,P0007,Paint,Paint B,67,50,4,113,131.78,527.12
T004059,2026-02-28,S007,P0025,Hardware,Hardware C,87,22,2,107,327.6,655.2
T004060,2026-02-01,S001,P0002,Hardware,Hardware B,64,67,1,130,299.9,299.9
T004061,2025-06-17,S003,P0048,Lawn & Garden,Lawn & Garden C,41,64,5,100,99.06,495.3
T004062,2025-05-18,S011,P0021,Electrical,Electrical A,78,58,6,130,235.71,1414.26
T004063,2025-03-05,S004,P0068,Electrical,Electrical C,79,69,5,143,255.91,1279.55
T004064,2026-06-28,S009,P0059,Lawn & Garden,Lawn & Garden A,102,34,1,135,330.89,330.89
T004065,2025-11-22,S007,P0070,Paint,Paint B,81,17,2,96,321.27,642.54
T004066,2026-06-01,S001,P0089,Hardware,Hardware C,93,53,2,144,152.49,304.98
T004067,2026-05-03,S011,P0082,Electrical,Electrical A,67,63,1,129,227.0,227.0
T004068,2025-06-27,S013,P0083,Electrical,Electrical C,30,56,4,82,323.31,1293.24
T004069,2026-05-24,S005,P0003,Appliances,Appliances B,40,62,5,97,276.99,1384.95
T004070,2025-07-25,S002,P0092,Electrical,Electrical A,15,61,5,71,340.79,1703.95
T004071,2025-10-10,S005,P0093,Building Materials,Building Materials A,63,69,4,128,293.59,1174.36
T004072,2026-05-05,S007,P0053,Building Materials,Building Materials A,105,1,2,104,188.53,377.06
T004073,2025-09-17,S013,P0002,Appliances,Appliances B,37,52,1,88,159.24,159.24
T004074,2026-06-08,S006,P0085,Plumbing,Plumbing B,16,40,2,54,125.29,250.58
T004075,2026-03-09,S008,P0052,Building Materials,Building Materials C,77,7,4,80,69.1,276.4
T004076,2025-10-05,S007,P0006,Paint,Paint A,99,33,7,125,41.82,292.74
T004077,2025-08-27,S007,P0072,Paint,Paint C,30,78,3,105,187.76,563.28
T004078,2026-06-22,S003,P0050,Building Materials,Building Materials B,32,54,3,83,229.24,687.72
T004079,2026-03-18,S001,P0012,Building Materials,Building Materials B,63,34,1,96,145.29,145.29
T004080,2025-03-23,S005,P0091,Plumbing,Plumbing C,18,61,4,75,63.04,252.16
T004081,2025-03-21,S014,P0020,Hardware,Hardware B,109,49,8,150,302.73,2421.84
T004082,2025-02-07,S015,P0073,Plumbing,Plumbing A,76,13,3,86,10.17,30.51
T004083,2025-11-13,S005,P0044,Paint,Paint A,12,60,2,70,21.25,42.5
T004084,2026-05-18,S005,P0094,Plumbing,Plumbing C,102,0,2,100,244.28,488.56
T004085,2026-06-03,S011,P0059,Plumbing,Plumbing A,99,25,5,119,27.32,136.6
T004086,2026-02-14,S015,P0073,Appliances,Appliances A,7,80,1,86,264.32,264.32
T004087,2025-05-01,S002,P0064,Building Materials,Building Materials C,0,18,7,11,320.2,2241.4
T004088,2026-04-15,S015,P0054,Plumbing,Plumbing B,106,73,2,177,91.86,183.72
T004089,2026-03-18,S011,P0087,Electrical,Electrical A,24,36,4,56,297.8,1191.2
T004090,2026-02-26,S003,P0002,Lawn & Garden,Lawn & Garden B,112,45,5,152,247.78,1238.9
T004091,2026-05-26,S006,P0044,Lawn & Garden,Lawn & Garden C,63,40,1,102,315.89,315.89
T004092,2025-12-19,S003,P0042,Plumbing,Plumbing C,107,21,3,125,260.31,780.93
T004093,2025-10-08,S004,P0094,Appliances,Appliances C,17,77,2,92,92.17,184.34
T004094,2025-10-22,S004,P0030,Plumbing,Plumbing C,75,39,1,113,341.54,341.54
T004095,2026-05-26,S011,P0089,Paint,Paint B,6,37,6,37,308.33,1849.98
T004096,2026-02-07,S005,P0093,Lawn & Garden,Lawn & Garden B,111,65,2,174,59.42,118.84
T004097,2026-02-24,S011,P0058,Plumbing,Plumbing C,2,4,1,5,305.64,305.64
T004098,2026-06-05,S010,P0022,Lawn & Garden,Lawn & Garden A,81,33,3,111,30.58,91.74
T004099,2025-12-24,S008,P0078,plumbing,Plumbing A,110,23,1,132,338.89,338.89
T004100,2026-04-26,S010,P0073,Lawn & Garden ,Lawn & Garden A,108,67,2,173,131.69,263.38
T004101,2026-01-23,S002,P0045,Paint,Paint A,28,36,4,60,347.91,1391.64
T004102,2025-01-28,S013,P0066,Appliances,Appliances B,27,9,1,35,299.84,299.84
T004103,2025-09-02,S015,P0042,Hardware,Hardware C,83,34,5,112,264.34,1321.7
T004104,2025-05-07,S009,P0020,Building Materials,Building Materials A,101,9,3,107,225.91,677.73
T004105,2026-06-08,S006,P0011,Electrical,Electrical B,70,64,5,129,270.71,1353.55
T004106,2026-05-15,S006,P0008,Plumbing,Plumbing A,79,47,5,121,159.83,799.15
T004107,2026-01-30,S004,P0086,Building Materials,Building Materials B,119,32,2,149,146.4,292.8
T004108,2026-03-14,S008,P0043,Building Materials,Building Materials A,63,77,2,138,335.56,671.12
T004109,2025-09-05,S010,P0057,Lawn & Garden,Lawn & Garden B,42,20,4,58,177.16,708.64
T004110,2025-07-19,S010,P0050,Plumbing,Plumbing A,38,46,1,83,285.28,285.28
T004111,2025-08-18,S015,P0065,Electrical,Electrical B,113,72,1,184,340.8,340.8
T004112,2025-01-19,S007,P0013,Plumbing,Plumbing B,77,73,1,149,43.79,43.79
T004113,2026-05-21,S006,P0013,Paint,Paint B,24,26,1,49,259.22,259.22
T004114,2025-03-14,S004,P0086,Paint,Paint B,42,49,1,90,287.51,287.51
T004115,2026-04-21,S006,P0049,Paint,Paint A,102,2,1,103,56.73,56.73
T004116,2025-11-12,S010,P0085,Plumbing,Plumbing C,104,66,2,168,130.02,260.04
T004117,2025-01-06,S002,P0045,Paint,Paint A,29,65,2,92,330.27,660.54
T004118,2025-04-08,S012,P0079,Appliances,Appliances B,113,63,6,170,315.92,1895.52
T004119,2026-04-24,S010,P0082,Plumbing,Plumbing C,111,63,2,172,65.38,130.76
T004120,2026-02-09,S011,P0066,Lawn & Garden,Lawn & Garden B,11,9,3,17,116.5,349.5
T004121,2025-07-31,S008,P0069,Building Materials,Building Materials C,41,57,10,88,16.99,169.9
T004122,2025-09-15,S010,P0084,Electrical,Electrical A,72,48,1,119,211.05,211.05
T004123,2026-01-29,S011,P0023,Electrical,Electrical C,35,0,3,32,77.26,231.78
T004124,2026-05-20,S011,P0058,Appliances,Appliances B,118,29,2,145,162.06,324.12
T004125,2025-03-02,S011,P0042,Appliances,Appliances C,11,15,4,22,61.37,245.48
T004126,2026-04-09,S001,P0017,Hardware,Hardware B,35,35,2,68,206.04,412.08
T004127,2026-02-22,S012,P0052,Hardware,Hardware C,1,11,2,10,136.74,273.48
T004128,2025-01-02,S002,P0099,Appliances,Appliances A,47,43,7,83,142.14,994.98
T004129,2026-02-09,S012,P0047,Hardware,Hardware A,75,61,4,132,255.99,1023.96
T004130,2026-03-20,S006,P0067,Lawn & Garden,Lawn & Garden A,102,19,2,119,278.96,557.92
T004131,2026-03-13,S012,P0098,Building Materials,Building Materials A,62,2,1,63,114.23,114.23
T004132,2025-12-09,S014,P0029,Plumbing,Plumbing B,106,1,1,106,83.15,83.15
T004133,2025-01-01,S012,P0063,Lawn & Garden,Lawn & Garden A,106,53,2,157,225.15,450.3
T004134,2026-01-22,S006,P0015,Plumbing,Plumbing A,109,6,2,113,171.82,343.64
T004135,2026-04-16,S006,P0008,Lawn & Garden,Lawn & Garden A,15,58,10,63,100.06,1000.6
T004136,2026-03-18,S004,P0087,Appliances,Appliances C,36,52,3,85,204.74,614.22
T004137,2026-04-18,S010,P0035,Hardware,Hardware A,19,77,1,95,303.15,303.15
T004138,2026-05-17,S009,P0070,Electrical,Electrical C,108,72,1,179,168.43,168.43
T004139,2026-04-12,S010,P0045,Hardware,Hardware C,68,55,1,122,261.36,261.36
T004140,2025-08-28,S014,P0002,Plumbing,Plumbing A,56,8,2,62,202.9,405.8
T004141,2025-12-30,S002,P0003,Plumbing,Plumbing A,102,27,3,126,299.39,898.17
T004142,2025-12-02,S008,P0049,Plumbing,Plumbing C,8,35,2,41,186.48,372.96
T004143,2026-02-20,S010,P0040,Paint,Paint A,57,10,10,57,227.12,2271.2
T004144,2025-06-21,S013,P0085,Plumbing,Plumbing A,47,72,2,117,233.95,467.9
T004145,2025-08-17,S015,P0016,Paint,Paint C,13,65,6,72,29.46,176.76
T004146,2025-01-24,S005,P0004,Hardware,Hardware C,55,39,1,93,24.47,24.47
T004147,2025-03-08,S002,P0043,Lawn & Garden,Lawn & Garden A,116,19,3,132,218.75,656.25
T004148,2025-03-16,S011,P0080,Building Materials,Building Materials B,68,76,1,143,278.05,278.05
T004149,2025-02-21,S007,P0082,Plumbing,Plumbing C,106,37,6,137,32.83,196.98
T004150,2026-02-03,S002,P0013,Hardware,Hardware B,106,77,2,181,242.21,484.42
T004151,2025-02-21,S001,P0072,Electrical,Electrical C,44,70,7,107,185.46,1298.22
T004152,2026-05-07,S012,P0063,Paint,Paint C,41,61,5,97,341.44,1707.2
T004153,2025-03-27,S002,P0047,Paint,Paint C,11,57,2,66,303.78,607.56
T004154,2025-11-14,S005,P0079,Paint,Paint B,82,12,1,93,151.42,151.42
T004155,2025-08-05,S006,P0024,Appliances,Appliances C,10,1,1,10,203.83,203.83
T004156,2025-05-18,S008,P0019,Plumbing,Plumbing B,60,7,2,65,246.5,493.0
T004157,2026-06-03,S004,P0023,Lawn & Garden,Lawn & Garden C,94,47,5,136,262.29,1311.45
T004158,2025-04-04,S009,P0031,Paint,Paint A,40,43,3,80,48.08,144.24
T004159,2026-01-15,S004,P0014,Lawn & Garden,Lawn & Garden C,46,47,5,88,268.88,1344.4
T004160,2026-01-06,S009,P0002,Plumbing,Plumbing A,31,15,8,38,216.55,1732.4
T004161,2025-08-14,S005,P0019,Building Materials,Building Materials B,12,26,3,35,246.94,740.82
T004162,2026-03-19,S007,P0042,Building Materials,Building Materials C,25,28,1,52,10.22,10.22
T004163,2025-11-30,S006,P0099,Paint,Paint C,114,39,4,149,23.15,92.6
T004164,2025-06-13,S007,P0067,Building Materials,Building Materials B,66,56,11,111,259.26,2851.86
T004165,2025-01-24,S007,P0099,Plumbing,Plumbing A,46,64,6,104,223.47,1340.82
T004166,2026-01-12,S009,P0046,Building Materials,Building Materials C,18,25,4,39,54.47,217.88
T004167,2026-01-18,S002,P0003,Appliances,Appliances B,17,57,1,73,75.7,75.7
T004168,2025-04-08,S015,P0037,Hardware,Hardware B,96,48,2,142,324.31,648.62
T004169,2026-05-15,S004,P0012,Hardware,Hardware C,60,1,1,60,209.04,209.04
T004170,2025-09-12,S003,P0065,Lawn & Garden,Lawn & Garden C,9,22,1,30,196.36,196.36
T004171,2026-02-04,S008,P0043,Paint,Paint C,24,62,4,82,132.41,529.64
T004172,2025-06-12,S006,P0081,Hardware,Hardware A,19,1,1,19,329.25,329.25
T004173,2026-02-22,S011,P0033,Electrical,Electrical A,87,49,2,134,209.13,418.26
T004174,2026-01-21,S015,P0006,Paint,Paint B,102,25,1,126,203.04,203.04
T004175,2026-06-26,S009,P0026,Paint,Paint A,9,48,1,56,218.79,218.79
T004176,2025-11-10,S003,P0089,Hardware,Hardware C,63,13,3,73,135.65,406.95
T004177,2026-01-04,S010,P0049,Electrical,Electrical C,96,53,1,148,334.08,334.08
T004178,2025-11-04,S003,P0010,Building Materials,Building Materials B,67,69,1,135,65.49,65.49
T004179,2026-06-11,S013,P0098,Lawn & Garden,Lawn & Garden B,67,8,2,73,268.78,537.56
T004180,2025-06-28,S012,P0027,Hardware,Hardware A,52,65,1,116,91.61,91.61
T004181,2025-10-21,S013,P0034,Plumbing,Plumbing B,106,62,7,161,79.62,557.34
T004182,2026-05-22,S014,P0064,Hardware,Hardware A,100,28,5,123,303.48,1517.4
T004183,2026-06-01,S013,P0008,Electrical,Electrical A,38,30,5,63,183.27,916.35
T004184,2025-12-04,S007,P0099,Lawn & Garden,Lawn & Garden C,22,15,1,36,277.19,277.19
T004185,2026-06-23,S008,P0096,Electrical,Electrical B,11,29,4,36,64.82,259.28
T004186,2026-03-28,S007,P0040,Appliances,Appliances A,87,27,3,111,27.58,82.74
T004187,2025-01-18,S003,P0040,Paint,Paint A,63,40,1,102,305.08,305.08
T004188,2025-06-20,S007,P0004,Building Materials,Building Materials A,14,48,3,59,301.11,903.33
T004189,2025-04-16,S010,P0002,Electrical,Electrical A,5,2,1,6,41.13,41.13
T004190,2025-07-05,S006,P0097,Appliances,Appliances A,81,21,1,101,143.76,143.76
T004191,2026-04-05,S003,P0005,Appliances,Appliances C,71,11,3,79,231.21,693.63
T004192,2025-10-11,S010,P0050,Hardware,Hardware A,30,51,2,79,303.93,607.86
T004193,2025-02-07, S012 ,P0081,Electrical,Electrical B,91,73,4,160,24.61,98.44
T004194,2025-12-26,S004,P0030,Building Materials,Building Materials B,51,23,1,73,17.31,17.31
T004195,2025-10-06,S002,P0049,Hardware,Hardware A,114,46,2,158,20.14,40.28
T004196,2025-08-15,S003,P0085,Appliances,Appliances C,25,7,3,29,143.37,430.11
T004197,2025-06-03,S001,P0038,Hardware,Hardware B,107,25,1,131,39.93,39.93
T004198,2025-08-31,S001,P0073,Building Materials,Building Materials B,66,46,2,110,85.05,170.1
T004199,2026-06-01,S012,P0003,Appliances,Appliances A,38,13,3,48,280.03,840.09
T004200,2025-11-14,S009,,Building Materials,Building Materials C,50,46,8,88,49.48,395.84
T004201,2026-01-15,S009,P0047,Paint,Paint C,37,49,1,85,256.39,256.39
T004202,2025-04-19,S011,P0098,Lawn & Garden,Lawn & Garden A,21,0,2,19,56.03,112.06
T004203,2025-01-08,S012,P0052,Appliances,Appliances C,62,44,6,100,46.34,278.04
T004204,2025-06-15,S014,P0050,Hardware,Hardware B,102,2,7,97,224.83,1573.81
T004205,2025-05-29,S011,P0087,Lawn & Garden,Lawn & Garden C,25,77,4,98,331.5,1326.0
T004206,2026-05-27,S001,P0022,Building Materials,Building Materials A,71,62,6,127,95.93,575.58
T004207,2025-12-14,S005,P0030,Hardware,Hardware B,11,32,1,42,265.21,265.21
T004208,2026-04-26,S011,P0015,Lawn & Garden,Lawn & Garden B,43,27,6,64,328.68,1972.08
T004209,2025-02-22,S003,P0007,Paint,Paint C,54,74,5,123,315.02,1575.1
T004210,2025-09-18,S013,P0018,Hardware,Hardware C,32,26,1,57,55.54,55.54
T004211,2026-06-18,S005,P0021,Electrical,Electrical A,14,33,2,45,228.58,457.16
T004212,2025-07-22,S001,P0054,Hardware,Hardware B,7,54,1,60,46.42,46.42
T004213,2025-07-27,S011,P0085,Appliances,Appliances A,11,57,3,65,95.08,285.24
T004214,2025-12-21,S015,P0039,Appliances,Appliances B,86,4,6,84,134.53,807.18
T004215,2025-12-26,S009,P0099,Electrical,Electrical C,14,57,2,69,64.34,128.68
T004216,2026-02-20,S011,P0080,Appliances,Appliances A,97,69,1,165,268.21,268.21
T004217,2026-03-21,S003,P0014,Plumbing,Plumbing A,120,48,1,167,275.25,275.25
T004218,2026-05-07,S005,P0049,Hardware,Hardware C,48,21,3,66,287.28,861.84
T004219,2025-03-21,S014,P0084,Electrical,Electrical A,106,73,4,175,279.65,1118.6
T004220,2025-06-24,S007,P0066,Appliances,Appliances A,44,80,8,116,57.33,458.64
T004221,2025-06-06,S011,P0042,Electrical,Electrical A,23,69,1,91,11.83,11.83
T004222,2025-05-06,S013,P0073,Plumbing,Plumbing C,44,23,8,59,20.08,160.64
T004223,2025-02-13,S004,P0044,Appliances,Appliances B,113,1,3,111,175.23,525.69
T004224,2026-06-24,S001,P0038,Appliances,Appliances C,60,59,6,113,155.32,931.92
T004225,2025-05-06,S001,P0095,Electrical,Electrical A,112,12,5,119,296.85,1484.25
T004226,2025-11-10,S015,P0045,Paint,Paint B,55,75,3,127,16.38,49.14
T004227,2026-04-11,S008,P0056,Building Materials,Building Materials C,31,14,3,42,228.08,684.24
T004228,2026-02-28,S007,P0064,Lawn & Garden,Lawn & Garden B,59,79,4,134,213.02,852.08
T004229,2026-05-03,S003,P0028,Electrical,Electrical A,5,24,2,27,175.25,350.5
T004230,2025-02-11,S007,P0042,Hardware,Hardware B,13,33,2,44,241.67,483.34
T004231,2026-02-11,S011,P0067,Plumbing,Plumbing A,73,64,4,133,59.41,237.64
T004232,2026-03-18, S015 ,P0005,Electrical,Electrical C,74,13,1,86,222.53,222.53
T004233,2025-09-01,S012,P0055,Building Materials,Building Materials B,84,27,6,105,93.62,561.72
T004234,2026-06-23,S004,P0034,Electrical,Electrical A,110,61,6,165,72.45,434.7
T004235,2025-05-08,S002,P0009,Paint,Paint B,118,21,2,137,165.75,331.5
T004236,2025-08-23,S006,P0094,Electrical,Electrical A,41,44,4,81,103.96,415.84
T004237,2025-07-18,S011,P0009,Appliances,Appliances B,41,75,4,112,183.05,732.2
T004238,2025-01-15,S014,P0070,Paint,Paint C,34,28,2,60,311.7,623.4
T004239,2026-05-01,S012,P0065,Appliances,Appliances B,55,1,5,51,135.74,678.7
T004240,2025-09-28,S009,P0009,Paint,Paint C,85,16,8,93,20.91,167.28
T004241,2026-06-24,S007,P0022,Appliances,Appliances B,88,48,6,130,78.19,469.14
T004242,2026-03-21,S002,P0026,Electrical,Electrical C,11,66,1,76,74.74,74.74
T004243,2025-07-26,S012,,Appliances,Appliances B,83,29,4,108,124.06,496.24
T004244,2025-10-11,S002,P0073,Paint,Paint A,62,52,6,108,145.43,872.58
T004245,2026-02-21,S013,P0072,Appliances,Appliances A,118,60,1,177,308.2,308.2
T004246,2025-04-16,S002,P0072,Electrical,Electrical B,84,74,6,152,315.14,1890.84
T004247,2025-06-29,S004,P0012,Hardware,Hardware B,6,30,1,35,29.7,29.7
T004248,2026-06-18,S007,P0059,Appliances,Appliances A,39,76,2,113,182.73,365.46
T004249,2025-09-14,S009,P0068,Appliances,Appliances A,3,31,1,33,123.77,123.77
T004250,2026-06-07,S004,P0086,Hardware,Hardware C,77,69,1,145,224.73,224.73
T004251,2025-03-01,S009,P0100,Building Materials,Building Materials A,82,66,4,144,277.2,1108.8
T004252,2025-09-08,S007,P0100,Lawn & Garden,Lawn & Garden C,31,22,1,52,257.36,257.36
T004253,2025-04-12,S002,P0087,Electrical,Electrical B,86,20,2,104,281.52,563.04
T004254,2025-01-31,S011,P0009,Lawn & Garden,Lawn & Garden B,4,10,4,10,139.91,559.64
T004255,2025-01-01,S005,P0033,Hardware,Hardware A,113,20,1,132,347.23,347.23
T004256,2026-04-03,S009,P0040,Electrical,Electrical B,104,57,7,154,71.55,500.85
T004257,2025-08-15,S013,P0017,Hardware,Hardware B,3,53,2,54,339.35,678.7
T004258,2025-03-09,S004,P0091,Hardware,Hardware C,74,6,9,71,202.6,1823.4
T004259,2025-09-15,S004,P0083,Hardware,Hardware B,31,31,1,61,326.57,326.57
T004260,2026-06-04,S006,P0035,Building Materials,Building Materials B,61,63,4,120,172.79,691.16
T004261,2025-12-14,S004,P0065,Hardware,Hardware A,87,65,3,149,191.22,573.66
T004262,2025-06-20, S013 ,P0025,Lawn & Garden,Lawn & Garden B,16,34,2,48,20.84,41.68
T004263,2026-05-24,S001,P0082,Building Materials,Building Materials A,103,66,3,166,345.24,1035.72
T004264,2025-03-15,S013,P0051,Appliances,Appliances C,29,56,4,81,9.15,36.6
T004265,2025-08-17,S014,P0066,Paint,Paint A,62,32,5,89,111.97,559.85
T004266,2025-01-10,S012,P0066,Hardware,Hardware B,15,1,2,14,117.11,234.22
T004267,2026-04-19,S014,P0001,Hardware,Hardware C,26,79,4,101,263.23,1052.92
T004268,2025-02-03,S011,P0022,Hardware,Hardware B,23,45,1,67,209.11,209.11
T004269,2026-01-09,S006,P0047,Hardware,Hardware B,27,19,5,41,186.33,931.65
T004270,2025-01-04,S007,P0044,Appliances,Appliances B,61,26,8,79,346.83,2774.64
T004271,2025-02-22,S007,P0074,Appliances,Appliances A,118,48,5,161,263.26,1316.3
T004272,2025-03-10,S006,P0085,Building Materials,Building Materials A,51,2,1,52,158.65,158.65
T004273,2026-04-20,S010,P0090,Appliances,Appliances C,27,29,1,55,36.94,36.94
T004274,2026-04-08,S008,P0043,Electrical,Electrical B,100,2,13,89,97.9,1272.7
T004275,2025-01-22,S004,P0048,Building Materials,Building Materials C,104,80,8,176,194.92,1559.36
T004276,2026-01-22,S001,P0093,Lawn & Garden,Lawn & Garden C,119,14,5,128,275.24,1376.2
T004277,2025-04-21,S011,P0038,Appliances,Appliances A,28,39,8,59,151.31,1210.48
T004278,2026-02-04,S015,P0016,Lawn & Garden,Lawn & Garden A,78,7,3,82,304.37,913.11
T004279,2025-01-23,S011,P0077,Paint,Paint B,120,8,5,123,108.65,543.25
T004280,2025-11-28,S014,P0043,Hardware,Hardware C,3,5,7,1,216.9,1518.3
T004281,2026-05-12,S004,P0017,Appliances,Appliances B,120,53,2,171,227.1,454.2
T004282,2025-03-17,S011,P0083,Electrical,Electrical A,6,36,4,38,338.0,1352.0
T004283,2026-05-14,S006,P0078,Plumbing,Plumbing C,82,25,6,101,232.5,1395.0
T004284,2026-01-28,S004,P0062,Hardware,Hardware A,60,40,1,99,209.56,209.56
T004285,2025-01-31,S005,P0078,Electrical,Electrical B,118,20,2,136,237.15,474.3
T004286,2025-07-28,S015,P0072,Paint,Paint C,107,75,6,176,55.28,331.68
T004287,02/02/2026,S008,P0050,Electrical,Electrical C,107,64,3,168,186.15,558.45
T004288,2026-05-06,S007,P0067,Building Materials,Building Materials C,38,15,3,50,320.22,960.66
T004289,2025-10-20,S001,P0079,Paint,Paint B,33,59,3,89,278.16,834.48
T004290,2025-10-07,S012,P0044,Building Materials,Building Materials B,8,7,7,8,199.77,1398.39
T004291,2026-05-02,S015,P0036,Appliances,Appliances B,11,78,1,88,116.62,116.62
T004292,2025-09-02,S009,P0058,Building Materials,Building Materials C,3,29,2,30,329.69,659.38
T004293,2025-01-20,S011,,Paint,Paint B,61,58,1,118,190.95,190.95
T004294,2025-08-09,S011,P0077,Building Materials,Building Materials B,57,78,2,133,142.64,285.28
T004295,2026-02-08,S002,P0032,Plumbing,Plumbing B,8,66,3,71,273.98,821.94
T004296,2026-06-25,S002,P0053,Hardware,Hardware A,97,71,1,167,280.07,280.07
T004297,2025-07-22,S012,P0019,Plumbing,Plumbing B,87,78,1,164,52.4,52.4
T004298,2026-01-11,S010,P0036,Hardware,Hardware B,40,28,3,65,18.37,55.11
T004299,2025-09-20,S011,P0073,Electrical,Electrical B,13,59,4,68,43.29,173.16
T004300,2025-03-20,S003,P0090,plumbing,Plumbing C,114,32,10,136,218.58,2185.8
T004301,2025-06-16,S006,P0003,Building Materials,Building Materials B,36,45,5,76,117.9,589.5
T004302,2025-03-23,S003,P0077,Building Materials,Building Materials A,115,40,2,153,38.6,77.2
T004303,2025-05-06,S011,P0041,Hardware,Hardware B,34,18,3,49,183.8,551.4
T004304,2025-06-28,S008,P0062,Plumbing,Plumbing C,73,25,3,95,334.56,1003.68
T004305,2025-11-15,S001,P0020,Appliances,Appliances C,101,41,2,140,99.57,199.14
T004306,2025-06-29,S014,P0074,Plumbing,Plumbing C,6,53,3,56,271.79,815.37
T004307,2026-05-14,S011,P0032,Building Materials,Building Materials C,105,17,2,120,147.52,295.04
T004308,2026-01-06,S007,P0037,Paint,Paint A,84,7,4,87,51.6,206.4
T004309,2026-04-11,S003,P0087,Hardware,Hardware B,6,9,3,12,111.53,334.59
T004310,2026-06-07,S002,P0078,Electrical,Electrical C,42,27,2,67,79.87,159.74
T004311,2026-03-17,S014,P0017,Lawn & Garden,Lawn & Garden C,103,0,2,101,303.32,606.64
T004312,2026-06-03,S012,P0037,Hardware,Hardware B,31,32,5,58,297.61,1488.05
T004313,2025-11-21,S006,P0003,Paint,Paint C,17,33,5,45,310.57,1552.85
T004314,2026-03-04,S006,P0092,Appliances ,Appliances A,78,2,2,78,28.33,56.66
T004315,2025-12-24, S010 ,P0099,Hardware,Hardware A,19,42,5,56,226.6,1133.0
T004316,2026-01-23,S004,P0040,Plumbing,Plumbing C,34,16,3,47,275.64,826.92
T004317,2025-06-18,S015,P0100,Paint,Paint A,45,6,3,48,44.75,134.25
T004318,2025-12-17,S004,P0088,Lawn & Garden,Lawn & Garden A,30,34,2,62,298.4,596.8
T004319,2025-06-12,S003,P0050,Appliances,Appliances B,98,47,9,136,241.02,2169.18
T004320,2025-06-01,S005,P0065,Lawn & Garden,Lawn & Garden B,101,44,8,137,135.04,1080.32
T004321,2025-08-23,S004,P0077,Lawn & Garden,Lawn & Garden C,26,9,1,34,272.32,272.32
T004322,2026-06-05,S013,P0046,Hardware,Hardware C,117,23,2,138,158.44,316.88
T004323,2025-12-15,S003,P0062,Paint,Paint C,57,66,4,119,90.85,363.4
T004324,2026-03-19,S011,P0047,Paint,Paint C,87,66,4,149,301.16,1204.64
T004325,2026-04-07, S005 ,P0097,Electrical,Electrical B,40,48,1,87,61.82,61.82
T004326,2025-04-12,S013,P0069,Paint,Paint C,66,57,1,122,160.96,160.96
T004327,2025-05-16,S008,P0005,Electrical,Electrical C,5,32,4,33,317.94,1271.76
T004328,2025-10-22,S010,P0027,Appliances,Appliances C,33,68,1,100,144.42,144.42
T004329,2025-06-02,S011,P0039,Plumbing,Plumbing B,99,34,1,132,290.05,290.05
T004330,2025-03-24,S011,P0070,Lawn & Garden,Lawn & Garden C,15,8,6,17,238.05,1428.3
T004331,2025-07-04,S011,P0079,Paint,Paint A,79,80,5,154,259.36,1296.8
T004332,2026-02-06,S011,P0054,Hardware,Hardware B,3,62,9,56,173.33,1559.97
T004333,2026-01-11, S012 ,,Paint,Paint A,13,24,11,26,193.95,2133.45
T004334,2026-06-22,S003,P0029,Appliances,Appliances B,72,5,17,60,62.15,1056.55
T004335,2026-01-28,S012,P0049,Paint,,4,70,2,72,80.09,160.18
T004336,2025-08-29,S007,P0013,Hardware,Hardware A,108,38,2,144,80.59,161.18
T004337,2025-02-09,S001,P0049,Plumbing,Plumbing B,58,30,4,84,28.97,115.88
T004338,2025-03-16,S002,P0033,Lawn & Garden,Lawn & Garden A,58,20,1,77,21.46,21.46
T004339,2026-06-30,S001,P0093,Paint,Paint A,58,7,2,63,232.11,464.22
T004340,2026-03-15,S006,P0095,Lawn & Garden,Lawn & Garden C,96,46,3,139,134.66,403.98
T004341,2026-02-13,S008,P0081,Plumbing,Plumbing C,75,35,4,106,117.51,470.04
T004342,2025-01-22,S013,P0075,Lawn & Garden,Lawn & Garden C,107,80,5,182,219.65,1098.25
T004343,2026-02-16,S003,P0041,Building Materials,Building Materials A,36,40,2,74,192.01,384.02
T004344,2025-06-28,S013,P0004,Hardware,Hardware A,19,50,1,68,8.73,8.73
T004345,2025-07-27,S013,P0091,Lawn & Garden,Lawn & Garden B,101,11,1,111,283.29,283.29
T004346,2026-04-28,S014,P0019,Paint,Paint A,107,44,1,150,26.02,26.02
T004347,2026-02-02,S011,P0029,Building Materials,Building Materials A,116,6,2,120,194.08,388.16
T004348,2025-01-14,S015,P0069,Paint,Paint C,112,10,1,121,252.01,252.01
T004349,2025-08-26,S007,P0008,Electrical,Electrical C,59,61,2,118,291.49,582.98
T004350,2026-06-13,S001,P0014,Lawn & Garden,Lawn & Garden C,108,58,4,162,315.79,1263.16
T004351,2025-05-12,S006,P0011,Building Materials,Building Materials B,105,57,1,161,173.53,173.53
T004352,2026-02-25,S011,P0068,Hardware,Hardware B,94,39,3,130,151.36,454.08
T004353,2025-11-15,S009,P0055,Lawn & Garden,Lawn & Garden B,59,37,2,94,73.47,146.94
T004354,2026-01-24,S010,P0069,Plumbing,Plumbing C,62,61,4,119,226.91,907.64
T004355,2026-02-02,S015,P0081,Hardware,Hardware A,20,31,5,46,84.8,424.0
T004356,2025-01-18,S006,P0079,Paint,Paint C,86,56,2,140,338.46,676.92
T004357,2025-04-10,S010,P0080,Hardware,Hardware C,94,28,3,119,236.26,708.78
T004358,2025-06-04,S012,P0044,Lawn & Garden,Lawn & Garden B,11,46,2,55,33.75,67.5
T004359,2025-08-24,S013,P0030,Plumbing,Plumbing C,11,50,2,59,272.56,545.12
T004360,2025-01-18,S003,P0056,Lawn & Garden,Lawn & Garden C,11,41,1,51,269.27,269.27
T004361,2025-07-17,S015,P0004,Lawn & Garden,Lawn & Garden C,120,10,4,126,27.83,111.32
T004362,2025-07-29,S004,P0053,Electrical,Electrical B,88,66,7,147,188.39,1318.73
T004363,2025-09-12,S008,P0037,Building Materials,Building Materials B,33,12,7,38,316.52,2215.64
T004364,2026-05-18,S005,P0096,Building Materials,Building Materials A,36,63,1,98,219.09,219.09
T004365,2025-08-30,S005,P0094,Lawn & Garden,Lawn & Garden B,92,22,7,107,16.27,113.89
T004366,2025-02-11,S005,P0072,Electrical,Electrical B,19,48,1,66,187.97,187.97
T004367,2025-07-11,S009,P0044,Appliances,Appliances A,107,71,3,175,237.28,711.84
T004368,2025-09-20,S010,P0014,Hardware,Hardware C,117,59,4,172,94.29,377.16
T004369,2026-02-15,S007,P0079,Lawn & Garden,Lawn & Garden B,14,52,1,65,329.51,329.51
T004370,2025-09-11,S012,P0048,Paint,Paint A,38,41,2,77,223.11,446.22
T004371,2025-01-08,S001,P0081,Electrical,Electrical B,42,67,8,101,96.86,774.88
T004372,2026-06-15,S002,P0039,Building Materials,Building Materials C,15,22,1,36,235.94,235.94
T004373,2025-12-25,S005,P0078,Lawn & Garden,Lawn & Garden A,111,16,14,113,225.92,3162.88
T004374,2025-05-02,S014,P0050,Appliances,Appliances C,46,31,1,76,72.64,72.64
T004375,2026-02-22,S013,P0014,Electrical,Electrical A,98,74,4,168,43.29,173.16
T004376,2026-04-19,S010,P0029,Paint,Paint C,10,80,1,89,240.74,240.74
T004377,2025-11-17,S005,P0067,Electrical,Electrical C,90,1,4,87,344.27,1377.08
T004378,2026-03-30,S012,P0063,appliances,Appliances B,64,43,7,100,139.73,978.11
T004379,2026-04-07, S005 ,P0037,Hardware,Hardware C,32,1,5,28,319.24,1596.2
T004380,2025-06-13,S010,P0022,Paint,Paint A,33,12,6,39,302.88,1817.28
T004381,2025-02-03,S012,P0020,Lawn & Garden,Lawn & Garden A,32,41,2,71,166.89,333.78
T004382,2025-05-13,S001,P0068,Building Materials,Building Materials A,49,40,8,81,196.15,1569.2
T004383,2025-01-09,S010,P0047,lawn & garden,Lawn & Garden A,15,67,12,70,236.84,2842.08
T004384,2025-01-01,S015,P0043,Building Materials,Building Materials B,69,50,3,116,192.02,576.06
T004385,2025-06-08,S015,P0007,Plumbing,Plumbing A,9,7,2,14,11.45,22.9
T004386,2025-06-24,S004,P0022,Plumbing,Plumbing C,48,50,1,97,209.89,209.89
T004387,2025-03-11,S009,P0075,Appliances,Appliances B,99,16,5,110,8.89,44.45
T004388,2025-11-12,S011,P0020,Lawn & Garden,Lawn & Garden B,68,30,6,92,82.1,492.6
T004389,2026-05-15,S011,P0083,Electrical,Electrical C,77,11,2,86,118.74,237.48
T004390,2025-09-03,S006,P0047,Plumbing,Plumbing C,58,19,9,68,180.42,1623.78
T004391,2026-06-13,S002,P0078,Hardware,Hardware A,3,44,5,42,234.61,1173.05
T004392,2025-06-03,S007,P0076,Appliances,Appliances B,76,7,3,80,254.09,762.27
T004393,2025-11-01,S007,P0009,Hardware,Hardware C,84,20,4,100,120.09,480.36
T004394,2025-04-09,S006,P0036,Plumbing,Plumbing B,10,9,1,18,323.37,323.37
T004395,2026-06-10,S006,P0036,Plumbing,Plumbing C,94,61,5,150,110.89,554.45
T004396,2025-06-28,S003,P0054,Lawn & Garden,Lawn & Garden C,44,69,1,112,339.79,339.79
T004397,2025-01-22,S009,P0008,Paint,Paint C,58,2,2,58,15.7,31.4
T004398,2025-11-26,S006,P0058,Paint,Paint A,78,16,3,91,232.9,698.7
T004399,2026-03-08, S001 ,P0065,Paint,Paint C,54,76,10,120,195.16,1951.6
T004400,2025-04-24,S013,P0017,Building Materials,Building Materials B,34,23,3,54,301.16,903.48
T004401,2025-02-08,S003,P0001,Electrical,Electrical A,5,50,1,54,203.68,203.68
T004402,2026-03-12,S010,P0007,Electrical,Electrical B,114,20,4,130,243.67,974.68
T004403,2025-09-06,S011,P0007,Lawn & Garden,Lawn & Garden A,16,68,5,79,121.99,609.95
T004404,2025-02-28,S012,P0005,Paint,Paint B,82,58,7,133,93.45,654.15
T004405,2025-09-28,S003,P0100,Appliances,Appliances C,24,1,3,22,60.66,181.98
T004406,2025-09-13,S013,P0028,Plumbing,Plumbing B,99,23,1,121,347.49,347.49
T004407,2026-01-04,S006,P0094,Electrical,Electrical A,52,71,12,111,121.5,1458.0
T004408,2026-03-13,S007,P0098,Electrical,Electrical C,21,51,4,68,171.12,684.48
T004409,2025-02-22,S003,P0007,Electrical,Electrical B,82,33,1,114,97.33,97.33
T004410,2025-12-24, S010 ,P0018,Electrical,Electrical C,65,36,3,98,222.32,666.96
T004411,2025-11-15,S001,P0048,Electrical,Electrical C,27,25,2,50,262.85,525.7
T004412,2025-03-09,S002,P0067,Lawn & Garden,Lawn & Garden B,25,68,7,86,229.73,1608.11
T004413,2025-11-30,S005,P0073,Building Materials,Building Materials A,120,13,5,128,204.6,1023.0
T004414,2025-03-20,S011,P0079,lawn & garden,Lawn & Garden B,113,59,2,170,297.72,595.44
T004415,2026-01-22,S012,P0057,Plumbing,Plumbing B,104,24,6,122,108.72,652.32
T004416,2026-06-17,S010,P0043,Building Materials,Building Materials B,33,28,3,58,41.98,125.94
T004417,2025-07-30,S005,P0082,Plumbing,Plumbing B,66,68,3,131,141.53,424.59
T004418,2025-04-03,S015,P0090,Lawn & Garden,Lawn & Garden C,58,49,1,106,172.34,172.34
T004419,2025-10-27,S002,P0025,Plumbing,Plumbing C,40,20,1,59,149.68,149.68
T004420,2025-02-07,S013,P0082,Appliances,Appliances B,8,17,12,13,74.25,891.0
T004421,2025-11-03,S003,P0008,Paint,Paint C,38,43,6,75,265.35,1592.1
T004422,2025-11-25,S010,P0048,Plumbing,Plumbing A,53,66,1,118,227.01,227.01
T004423,2025-08-03,S013,P0014,Lawn & Garden,Lawn & Garden C,44,74,1,117,243.91,243.91
T004424,2025-09-25,S010,P0042,Paint,Paint A,103,47,1,149,77.02,77.02
T004425,2025-11-23,S002,P0064,Appliances,Appliances B,103,59,3,159,347.89,1043.67
T004426,2025-05-09,S014,P0066,Hardware,Hardware A,89,7,2,94,53.76,107.52
T004427,2025-02-04,S009,P0017,Paint,Paint A,48,0,8,40,23.21,185.68
T004428,2025-10-08,S004,P0027,Electrical,Electrical C,23,48,2,69,149.97,299.94
T004429,2025-03-17,S007,P0091,Paint,Paint A,70,63,11,122,210.61,2316.71
T004430,2025-04-01,S011,P0035,Paint,Paint C,44,12,3,53,85.89,257.67
T004431,2026-01-10,S005,P0006,Paint,Paint C,39,68,13,94,279.65,3635.45
T004432,2025-09-09,S005,P0043,Paint,Paint B,21,32,2,51,60.59,121.18
T004433,2025-08-31,S013,P0006,Hardware,Hardware A,28,78,2,104,336.73,673.46
T004434,2025-05-19,S006,P0061,Plumbing,Plumbing C,34,6,6,34,64.47,386.82
T004435,2025-08-19,S006,P0029,Electrical,Electrical B,65,47,5,107,145.43,727.15
T004436,2025-08-03,S010,P0079,Plumbing,Plumbing B,101,49,1,149,109.6,109.6
T004437,2026-05-16,S004,P0092,Plumbing,Plumbing A,0,58,3,55,318.34,955.02
T004438,2025-01-01,S011,P0074,Electrical,Electrical A,58,47,2,103,111.96,223.92
T004439,2026-02-06,S013,P0045,Electrical,Electrical C,78,4,2,80,211.58,423.16
T004440,2026-05-24,S012,P0096,Paint,Paint A,21,37,3,55,64.02,192.06
T004441,2025-03-07,S002,P0074,Plumbing,Plumbing A,109,72,2,179,290.7,581.4
T004442,2025-09-05,S010,P0044,Appliances,Appliances C,11,38,3,46,280.56,841.68
T004443,2026-02-12,S003,P0014,Plumbing,Plumbing A,70,52,1,121,81.97,81.97
T004444,2025-05-15,S005,P0082,Electrical,Electrical B,33,76,1,108,54.64,54.64
T004445,2025-05-15,S012,P0100,Appliances,Appliances A,24,16,6,34,17.31,103.86
T004446,2025-06-14,S011,P0034,Building Materials,Building Materials B,75,62,7,130,28.99,202.93
T004447,2025-06-15,S006,P0078,Hardware,Hardware A,62,52,6,108,225.59,1353.54
T004448,2026-02-22,S008,P0095,Plumbing,Plumbing B,115,68,3,180,105.77,317.31
T004449,2026-01-07,S007,P0028,Appliances,Appliances B,24,0,2,22,9.19,18.38
T004450,2025-09-01,S001,P0049,Building Materials,Building Materials B,116,15,1,130,332.36,332.36
T004451,2026-03-08,S008,P0009,Paint,Paint A,75,18,1,92,154.83,154.83
T004452,2026-04-07,S004,P0059,Lawn & Garden,Lawn & Garden C,88,38,3,123,261.51,784.53
T004453,2025-06-13,S003,P0022,Building Materials,Building Materials C,25,66,7,84,300.12,2100.84
T004454,2025-06-30,S003,P0093,Building Materials,Building Materials B,3,49,1,51,213.67,213.67
T004455,2025-10-26,S015,P0006,Paint,Paint C,35,38,7,66,40.8,285.6
T004456,2025-06-08,S013,P0033,Electrical,Electrical B,3,66,1,68,159.43,159.43
T004457,2025-12-23,S005,P0005,Hardware,Hardware A,78,24,3,99,245.4,736.2
T004458,2025-07-21,S009,P0044,Plumbing,Plumbing C,110,29,4,135,310.61,1242.44
T004459,2026-01-09,S002,P0080,Paint,Paint C,31,4,2,33,15.4,30.8
T004460,2025-12-20,S009,P0008,Paint,Paint A,116,61,1,176,126.11,126.11
T004461,2025-01-06,S001,P0062,Lawn & Garden,Lawn & Garden B,8,71,6,73,306.9,1841.4
T004462,2026-04-13,S008,P0037,Paint,Paint C,21,79,3,97,265.6,796.8
T004463,2026-01-25,S001,P0047,Lawn & Garden,Lawn & Garden C,73,17,15,75,271.72,4075.8
T004464,2025-01-01,S003,P0096,Electrical,Electrical A,47,33,7,73,239.7,1677.9
T004465,2026-01-12,S012,P0046,Hardware,Hardware A,9,18,7,20,231.44,1620.08
T004466,2025-01-27,S015,P0083,Lawn & Garden,Lawn & Garden B,94,40,1,133,332.79,332.79
T004467,2025-10-01,S014,P0022,Electrical,Electrical B,91,19,1,109,267.83,267.83
T004468,2025-05-24,S011,P0053,Appliances,Appliances B,38,7,1,44,346.08,346.08
T004469,2025-08-01,S002,P0062,Electrical,Electrical A,91,34,1,124,312.25,312.25
T004470,2026-02-26,S004,P0069,Paint,Paint A,114,46,3,157,219.73,659.19
T004471,2025-06-17,S003,P0047,Paint,Paint B,56,36,5,87,102.27,511.35
T004472,2026-01-26,S005,P0038,Building Materials,Building Materials C,119,29,1,147,149.44,149.44
T004473,2025-03-23,S001,P0095,Paint,Paint A,13,17,1,29,258.74,258.74
T004474,2026-01-16,S010,P0051,Paint,Paint B,13,14,1,26,330.32,330.32
T004475,2025-01-27,S005,P0036,Lawn & Garden,Lawn & Garden A,84,7,2,89,290.71,581.42
T004476,2025-10-28,S003,P0073,Appliances,Appliances B,26,2,2,26,202.41,404.82
T004477,05/14/2025,S001,P0010,Hardware,Hardware A,35,26,3,58,237.57,712.71
T004478,2025-04-01,S012,P0047,Lawn & Garden,Lawn & Garden C,40,4,4,40,163.85,655.4
T004479,2026-01-02,S002,P0083,Electrical,Electrical A,29,44,3,70,98.59,295.77
T004480,2025-09-30,S003,P0093,Hardware,Hardware B,19,8,6,21,25.7,154.2
T004481,2025-12-09,S002,P0016,Appliances,Appliances C,110,60,1,169,156.57,156.57
T004482,2025-09-27,S001,,Hardware,Hardware A,53,41,2,92,229.33,458.66
T004483,2025-11-22,S004,P0045,appliances,Appliances C,25,63,5,83,20.32,101.6
T004484,2025-02-02,S011,P0070,Electrical,Electrical B,95,22,4,113,286.28,1145.12
T004485,2025-02-05,S010,P0095,Hardware,Hardware C,40,29,10,59,210.8,2108.0
T004486,2025-09-01,S014,P0010,Plumbing,Plumbing C,120,34,1,153,344.22,344.22
T004487,2025-04-28,S014,P0022,Paint,Paint C,90,14,5,99,162.47,812.35
T004488,2025-07-09,S009,P0067,Hardware,Hardware B,42,75,1,116,258.68,258.68
T004489,2025-07-16,S012,P0039,Electrical,Electrical A,54,33,1,86,58.84,58.84
T004490,2026-02-08,S015,P0056,Electrical,Electrical C,10,4,6,8,29.39,176.34
T004491,2025-05-19,S015,P0090,Hardware,Hardware A,24,2,3,23,288.16,864.48
T004492,2026-01-30,S008,P0059,Lawn & Garden,Lawn & Garden A,0,65,4,61,11.96,47.84
T004493,2025-08-17,S006,P0082,Appliances,Appliances C,113,28,2,139,245.56,491.12
T004494,2025-07-02,S009,P0008,Building Materials,Building Materials C,55,49,2,102,93.14,186.28
T004495,2026-04-02,S010,P0020,Plumbing,Plumbing B,86,17,1,102,258.86,258.86
T004496,2026-03-05, S007 ,P0076,Plumbing,Plumbing A,108,2,3,107,342.32,1026.96
T004497,2025-07-04,S011,P0085,Paint,Paint B,61,27,1,87,141.75,141.75
T004498,2025-07-31,S014,P0028,Lawn & Garden,Lawn & Garden C,44,5,2,47,229.67,459.34
T004499,2025-01-09,S006,P0092,Electrical,Electrical A,3,4,6,1,187.94,1127.64
T004500,2025-08-12,S007,P0006,Paint,Paint C,6,75,1,80,71.89,71.89
T004501,2026-01-15,S015,P0056,Electrical,Electrical B,74,73,18,129,281.59,5068.62
T004502,2026-03-04,S007,P0009,Appliances,Appliances B,23,76,1,98,12.4,12.4
T004503,2026-02-13,S010,P0012,Appliances,Appliances C,94,39,3,130,180.63,541.89
T004504,2025-01-15,S003,P0031,Plumbing,Plumbing A,35,72,4,103,161.87,647.48
T004505,2026-03-22,S006,P0057,Electrical,Electrical A,85,5,1,89,339.41,339.41
T004506,2025-04-18,S014,P0043,Hardware,Hardware B,85,16,2,99,228.46,456.92
T004507,2026-02-08,S015,P0005,Building Materials,Building Materials C,54,63,7,110,28.14,196.98
T004508,2026-04-29,S014,P0048,Building Materials,Building Materials B,113,40,5,148,330.33,1651.65
T004509,2025-07-26,S015,P0077,Building Materials,Building Materials B,13,21,2,32,8.36,16.72
T004510,2025-08-01, S009 ,P0064,Appliances,Appliances A,31,18,3,46,47.56,142.68
T004511,2025-04-10,S007,P0099,Appliances,Appliances C,3,73,3,73,242.39,727.17
T004512,2025-12-29,S015,P0015,Hardware,Hardware B,2,63,4,61,36.85,147.4
T004513,2025-10-15,S013,P0029,Lawn & Garden,Lawn & Garden B,90,51,5,136,262.74,1313.7
T004514,2025-06-22,S012,P0060,Plumbing,Plumbing B,13,2,5,10,53.22,266.1
T004515,2025-06-23,S007,P0093,Appliances,Appliances C,66,38,2,102,298.47,596.94
T004516,2025-04-04,S009,P0091,Lawn & Garden,Lawn & Garden B,64,51,3,112,139.01,417.03
T004517,2025-07-16,S010,P0086,Hardware,Hardware B,112,77,6,183,128.48,770.88
T004518,2026-03-28,S002,P0053,Plumbing,Plumbing C,32,28,12,48,111.88,1342.56
T004519,2025-08-26,S013,P0049,Paint,Paint C,108,7,3,112,20.65,61.95
T004520,2025-11-10,S007,P0057,Plumbing,Plumbing A,91,27,2,116,43.8,87.6
T004521,2025-10-20,S003,P0076,Paint,Paint B,101,43,1,143,191.73,191.73
T004522,2025-03-22,S002,P0041,Plumbing,Plumbing A,104,54,5,153,46.09,230.45
T004523,2026-02-23,S002,P0006,Appliances,Appliances B,54,40,1,93,331.34,331.34
T004524,2025-11-14,S012,P0017,Electrical,Electrical B,16,73,5,84,131.3,656.5
T004525,2025-02-12,S011,P0081,Electrical,Electrical C,43,2,5,40,108.75,543.75
T004526,2025-07-23,S005,P0096,Hardware,Hardware B,2,66,2,66,214.11,428.22
T004527,2025-02-14,S010,P0018,Paint,Paint B,28,23,3,48,279.43,838.29
T004528,2025-07-26,S008,P0003,Appliances,Appliances B,102,13,2,113,313.07,626.14
T004529,2026-06-13,S001,P0055,Appliances,Appliances B,90,28,1,117,29.24,29.24
T004530,2025-03-14,S010,P0023,Lawn & Garden,Lawn & Garden A,82,32,4,110,214.19,856.76
T004531,2026-05-24,S009,P0072,Appliances,Appliances B,96,39,4,131,230.51,922.04
T004532,2025-08-16,S014,P0068,Building Materials,Building Materials A,76,45,2,119,288.71,577.42
T004533,2026-06-05,S008,P0055,Hardware,Hardware B,4,41,12,33,122.24,1466.88
T004534,2026-01-28,S001,P0092,Paint,Paint A,57,26,3,80,142.22,426.66
T004535,2026-04-29,S002,P0036,Electrical,Electrical A,94,28,1,121,292.19,292.19
T004536,2025-10-09,S015,P0066,Plumbing,Plumbing C,89,33,6,116,61.44,368.64
T004537,2026-06-25,S012,P0021,Hardware,Hardware C,63,60,5,118,131.7,658.5
T004538,2026-02-05,S002,P0004,Hardware,Hardware C,11,76,6,81,95.18,571.08
T004539,2025-06-08,S007,P0042,Paint,Paint C,115,42,1,156,278.2,278.2
T004540,2026-06-17, S011 ,P0032,Plumbing,Plumbing C,61,48,3,106,170.06,510.18
T004541,2026-04-28,S002,P0098,Electrical,Electrical B,24,57,3,78,47.15,141.45
T004542,2025-06-17,S014,P0054,Electrical,Electrical C,43,23,2,64,271.86,543.72
T004543,2025-07-03,S006,P0059,Plumbing,Plumbing B,105,33,8,130,124.64,997.12
T004544,2025-09-10,S008,P0078,Electrical,Electrical C,30,51,3,78,130.45,391.35
T004545,2025-09-26,S001,P0057,Electrical,Electrical B,63,50,2,111,310.82,621.64
T004546,2025-01-12,S009,P0009,Paint,Paint C,98,77,2,173,168.23,336.46
T004547,2025-12-06,S003,P0093,Plumbing,Plumbing C,108,45,1,152,162.15,162.15
T004548,2025-09-30,S001,P0029,Building Materials,Building Materials C,84,59,3,140,220.0,660.0
T004549,2025-06-30,S001,P0036,building materials,Building Materials C,98,33,8,123,314.77,2518.16
T004550,2026-06-12,S007,P0068,Paint,Paint C,79,71,2,148,312.34,624.68
T004551,2025-09-19,S003,P0085,Hardware,Hardware A,103,59,4,158,113.11,452.44
T004552,2025-03-29,S015,P0044,Hardware,Hardware A,51,20,2,69,294.9,589.8
T004553,2025-03-29,S012,P0031,Lawn & Garden,Lawn & Garden C,8,37,3,42,177.37,532.11
T004554,2025-05-01,S007,P0051,Hardware,Hardware C,21,39,5,55,49.14,245.7
T004555,2026-03-18,S015,P0062,Hardware,Hardware A,9,64,1,72,328.01,328.01
T004556,2025-07-05,S005,P0017,Hardware,Hardware B,113,70,1,182,231.07,231.07
T004557,2026-03-30,S011,P0012,Electrical,Electrical C,45,58,6,97,235.63,1413.78
T004558,2025-07-16,S003,P0041,Lawn & Garden,Lawn & Garden C,3,79,2,80,26.86,53.72
T004559,2025-09-15,S005,P0044,Building Materials,Building Materials B,111,12,2,121,171.59,343.18
T004560,2025-07-05,S009,P0009,Appliances,Appliances C,56,11,14,53,121.97,1707.58
T004561,2026-04-13,S011,P0061,Hardware,Hardware C,105,14,5,114,215.16,1075.8
T004562,2025-11-17,S009,P0032,Building Materials,Building Materials A,37,20,1,56,144.88,144.88
T004563,2025-09-08,S012,P0032,Paint,Paint C,22,11,7,26,255.76,1790.32
T004564,2026-04-07,S013,P0042,Plumbing,Plumbing C,74,75,5,144,31.6,158.0
T004565,2026-04-05,S001,P0061,Building Materials,Building Materials A,61,0,1,60,248.39,248.39
T004566,2025-07-20,S001,P0024,Appliances,Appliances B,27,42,3,66,282.15,846.45
T004567,2026-02-10,S010,P0061,Lawn & Garden,Lawn & Garden C,29,55,1,83,242.77,242.77
T004568,2025-11-16,S005,P0093,Lawn & Garden,Lawn & Garden C,3,51,3,51,307.71,923.13
T004569,2026-04-05,S004,P0098,Lawn & Garden,Lawn & Garden A,48,2,12,38,224.75,2697.0
T004570,2025-05-24,S002,P0097,Appliances,Appliances C,34,57,6,85,291.69,1750.14
T004571,2025-02-21,S010,P0056,Paint,Paint B,21,7,6,22,193.19,1159.14
T004572,2025-05-02,S003,P0013,Appliances,Appliances A,92,75,2,165,182.97,365.94
T004573,2025-02-11,S006,P0014,Appliances,Appliances C,86,47,6,127,333.12,1998.72
T004574,2026-03-22,S013,P0072,Appliances,Appliances C,49,65,1,113,222.8,222.8
T004575,2025-02-01,S014,P0001,Electrical,Electrical C,34,53,3,84,344.17,1032.51
T004576,2025-10-08,S015,P0028,Building Materials,Building Materials B,45,63,5,103,8.33,41.65
T004577,2025-12-19,S010,P0035,Electrical,Electrical C,83,79,5,157,223.92,1119.6
T004578,2025-04-21,S007,P0077,Plumbing,Plumbing C,6,77,1,82,281.37,281.37
T004579,2026-03-03,S012,P0041,Lawn & Garden,Lawn & Garden A,107,47,11,143,14.18,155.98
T004580,2025-01-26,S001,P0073,Appliances,Appliances B,1,13,1,13,289.98,289.98
T004581,2026-03-03,S010,P0003,Hardware,Hardware B,38,46,16,68,79.89,1278.24
T004582,2026-05-20,S003,P0027,Appliances,Appliances A,52,4,6,50,298.79,1792.74
T004583,2025-01-30,S004,P0046,Building Materials,Building Materials B,95,22,5,112,338.11,1690.55
T004584,2025-01-18,S010,P0039,Hardware,Hardware A,35,70,1,104,98.54,98.54
T004585,2026-02-19,S012,P0073,Building Materials,Building Materials A,4,42,2,44,253.38,506.76
T004586,2025-10-24, S002 ,P0013,Paint,Paint C,25,72,10,87,78.06,780.6
T004587,2025-03-17,S007,P0089,Plumbing,Plumbing B,87,3,9,81,178.18,1603.62
T004588,2026-06-04,S011,P0043,Lawn & Garden ,Lawn & Garden B,91,5,2,94,189.48,378.96
T004589,2025-01-15,S013,P0005,Lawn & Garden,Lawn & Garden C,75,18,2,91,233.83,467.66
T004590,2026-05-11,S013,P0066,Building Materials,Building Materials C,69,5,2,72,252.55,505.1
T004591,2025-03-26,S001,P0020,Electrical,Electrical C,52,72,7,117,278.22,1947.54
T004592,2026-04-13,S009,P0033,Hardware,Hardware C,24,32,6,50,34.55,207.3
T004593,2025-10-08,S006,P0002,Appliances,Appliances C,12,31,4,39,32.59,130.36
T004594,2025-01-03,S005,P0005,Lawn & Garden,Lawn & Garden B,84,13,3,94,112.11,336.33
T004595,2025-09-14,S015,P0065,Appliances,,74,36,2,108,307.14,614.28
T004596,2026-01-30,S006,P0019,Plumbing,Plumbing B,34,34,15,53,155.53,2332.95
T004597,2026-04-02,S002,P0008,Plumbing,Plumbing A,84,16,1,99,217.36,217.36
T004598,2026-03-18,S002,P0015,Appliances,Appliances B,29,20,2,47,184.17,368.34
T004599,2025-05-19,S007,P0087,Plumbing,Plumbing A,49,52,4,97,53.05,212.2
T004600,2025-03-03,S002,P0001,Appliances ,Appliances A,28,2,1,29,250.69,250.69
T004601,2026-01-13,S007,P0081,Paint,Paint B,23,28,2,49,317.74,635.48
T004602,2026-06-02,S002,P0040,Electrical,Electrical A,50,21,12,59,113.09,1357.08
T004603,2025-02-27,S004,P0041,Lawn & Garden,Lawn & Garden C,93,73,6,160,348.56,2091.36
T004604,2025-10-04,S009,P0021,Paint,Paint A,29,50,2,77,157.11,314.22
T004605,2026-05-29,S003,P0063,Hardware,Hardware B,15,6,2,19,334.1,668.2
T004606,2025-12-25,S008,P0095,Plumbing,Plumbing C,107,10,1,116,182.06,182.06
T004607,2026-01-12,S010,P0022,Hardware,Hardware B,40,17,2,55,92.41,184.82
T004608,2025-09-28,S009,P0100,Hardware,Hardware C,72,68,5,135,237.14,1185.7
T004609,2026-04-15,S007,P0023,Electrical,Electrical A,31,33,4,60,231.59,926.36
T004610,2025-04-24,S002,P0032,Electrical,Electrical B,110,48,2,156,335.91,671.82
T004611,2025-05-22,S014,P0036,Appliances,Appliances A,14,14,1,27,13.36,13.36
T004612,2025-03-27,S004,P0037,Hardware,Hardware C,86,3,2,87,171.52,343.04
T004613,2025-05-17,S008,P0062,Appliances,Appliances C,6,39,2,43,51.39,102.78
T004614,2026-06-15,S012,P0058,Building Materials,Building Materials B,75,55,5,125,145.77,728.85
T004615,2026-04-04,S007,P0089,Plumbing,Plumbing B,48,57,3,102,219.4,658.2
T004616,2026-02-25,S001,P0065,Appliances,Appliances B,13,78,3,88,46.71,140.13
T004617,2025-12-31,S003,P0082,Building Materials,Building Materials A,18,61,7,72,40.54,283.78
T004618,2026-01-14,S012,P0073,Building Materials,Building Materials A,116,17,9,124,229.94,2069.46
T004619,2025-04-25,S015,P0053,Appliances,Appliances B,94,79,4,169,344.82,1379.28
T004620,2026-02-28,S008,P0075,Appliances,Appliances B,77,67,4,140,47.15,188.6
T004621,2025-05-01,S008,P0048,Lawn & Garden,Lawn & Garden B,74,7,3,78,51.91,155.73
T004622,2026-06-13,S001,P0052,Building Materials,Building Materials B,26,51,1,76,111.09,111.09
T004623,2025-10-20,S007,P0092,Paint,Paint C,57,8,6,59,298.93,1793.58
T004624,2025-01-27,S011,P0067,Appliances,Appliances B,58,80,5,133,228.98,1144.9
T004625,2025-09-22,S005,P0081,Electrical,Electrical A,93,62,3,152,28.67,86.01
T004626,2025-11-11,S008,P0030,Lawn & Garden,Lawn & Garden A,54,6,3,57,146.86,440.58
T004627,2026-04-15,S002,P0015,Lawn & Garden,Lawn & Garden C,8,67,7,68,34.0,238.0
T004628,2026-04-02,S005,P0060,Lawn & Garden,Lawn & Garden B,66,37,8,95,157.85,1262.8
T004629,2025-09-06,S011,P0083,Paint,Paint A,106,66,1,171,227.08,227.08
T004630,2025-08-07,S005,P0043,Paint,Paint C,84,56,1,139,128.35,128.35
T004631,2025-03-04,S015,P0061,Hardware,Hardware C,39,80,3,116,26.9,80.7
T004632,2025-03-14,S004,P0063,Appliances,Appliances B,60,22,1,81,43.68,43.68
T004633,2026-01-01,S008,P0049,Paint,Paint A,46,46,4,88,96.35,385.4
T004634,2025-04-18,S008,P0064,Electrical,Electrical C,55,41,2,94,189.87,379.74
T004635,10/04/2025,S008,P0028,Electrical,Electrical A,17,19,4,32,180.81,723.24
T004636,2025-10-27,S007,P0074,Appliances,Appliances B,43,20,2,61,63.38,126.76
T004637,2025-10-13,S008,P0066,Hardware,Hardware A,57,29,2,84,221.03,442.06
T004638,06/14/2025,S012,P0016,Lawn & Garden,Lawn & Garden B,107,79,4,182,141.29,565.16
T004639,2025-12-22,S007,P0006,Lawn & Garden,Lawn & Garden B,14,42,6,50,319.36,1916.16
T004640,2025-08-11,S005,P0051,Lawn & Garden,Lawn & Garden B,115,3,5,113,32.69,163.45
T004641,2026-01-20,S007,P0063,Paint,Paint A,101,52,3,150,109.74,329.22
T004642,2026-04-23,S002,P0041,Lawn & Garden,Lawn & Garden B,101,22,1,122,169.69,169.69
T004643,2025-08-28,S005,P0011,Paint,Paint A,22,22,2,42,100.51,201.02
T004644,2025-02-16,S008,P0059,Building Materials,Building Materials A,59,32,1,90,57.05,57.05
T004645,2025-07-17,S007,P0094,Hardware,Hardware B,93,50,5,138,64.22,321.1
T004646,2026-04-28,S014,P0086,Lawn & Garden,Lawn & Garden B,115,64,3,176,334.75,1004.25
T004647,2025-07-31,S011,P0005,Electrical,Electrical A,74,19,3,90,242.97,728.91
T004648,2025-06-01,S008,P0027,Hardware,Hardware B,36,67,1,102,23.13,23.13
T004649,2025-10-13,S011,P0071,Lawn & Garden,Lawn & Garden B,52,4,8,48,195.72,1565.76
T004650,2025-04-18,S012,P0051,Paint,Paint B,39,16,3,52,119.11,357.33
T004651,2025-02-27,S002,P0017,Electrical,Electrical C,94,49,1,142,138.26,138.26
T004652,2026-01-25,S001,P0010,Building Materials,Building Materials C,84,46,1,129,301.2,301.2
T004653,2025-09-29,S008,P0026,Hardware,Hardware A,84,53,4,133,65.1,260.4
T004654,2026-02-28,S014,P0100,Plumbing,Plumbing A,57,23,1,79,89.28,89.28
T004655,2026-02-11,S005,P0002,Lawn & Garden,Lawn & Garden B,10,74,1,83,306.33,306.33
T004656,2025-08-29,S014,P0023,Building Materials,Building Materials C,77,9,1,85,146.26,146.26
T004657,2025-07-04,S010,P0045,Paint,Paint A,22,74,5,91,241.1,1205.5
T004658,2025-05-14,S003,P0078,Electrical ,Electrical A,9,70,1,78,194.83,194.83
T004659,2025-03-30,S007,P0063,Electrical,Electrical C,20,33,9,44,173.72,1563.48
T004660,2026-06-17,S007,P0031,Hardware,Hardware A,71,27,4,94,178.88,715.52
T004661,2025-07-19,S009,P0061,Building Materials,Building Materials B,14,45,1,58,298.8,298.8
T004662,2026-02-20,S011,P0049,Lawn & Garden,Lawn & Garden A,2,61,5,58,193.4,967.0
T004663,07/10/2025,S008,P0019,Electrical,Electrical A,88,52,8,132,218.64,1749.12
T004664,2025-06-09,S001,P0072,Building Materials,Building Materials A,11,33,3,41,162.79,488.37
T004665,2025-06-30,S014,P0064,Lawn & Garden,Lawn & Garden A,80,18,9,89,205.94,1853.46
T004666,2025-12-02,S003,P0034,Hardware,Hardware B,16,78,4,90,261.57,1046.28
T004667,2026-06-08,S003,P0028,Plumbing,Plumbing B,60,22,2,80,18.18,36.36
T004668,2025-12-20,S009,P0079,Appliances,Appliances C,53,9,12,50,319.21,3830.52
T004669,2025-02-01,S009,P0077,Lawn & Garden,Lawn & Garden C,2,79,1,80,29.34,29.34
T004670,2025-10-03,S005,P0100,Electrical,Electrical A,46,77,2,121,71.5,143.0
T004671,2026-05-11,S003,P0023,Building Materials,Building Materials A,44,30,3,71,281.76,845.28
T004672,2025-07-12,S014,P0100,Building Materials,Building Materials C,56,32,11,77,326.86,3595.46
T004673,2025-03-12,S001,P0055,Lawn & Garden,Lawn & Garden B,37,75,5,107,67.33,336.65
T004674,2026-03-13,S001,P0093,Paint,Paint B,41,19,5,55,291.16,1455.8
T004675,2026-05-06,S011,P0009,Appliances,Appliances C,116,17,1,132,37.32,37.32
T004676,2025-03-31,S005,P0069,Hardware,Hardware B,110,6,3,113,324.84,974.52
T004677,2026-06-05,S015,P0044,Plumbing,Plumbing A,58,53,2,109,339.72,679.44
T004678,2025-03-19,S007,P0077,Plumbing,Plumbing B,51,7,4,54,208.17,832.68
T004679,2025-12-22,S002,P0088,Plumbing,Plumbing B,85,0,7,78,88.2,617.4
T004680,2025-10-31,S002,P0078,Plumbing,Plumbing B,25,15,14,26,61.12,855.68
T004681,2025-06-01,S003,P0024,Appliances,Appliances A,16,13,2,27,240.47,480.94
T004682,2026-06-10,S011,P0012,Paint,Paint C,117,29,1,145,205.11,205.11
T004683,2025-06-30,S015,P0076,Electrical,Electrical C,71,41,2,110,88.85,177.7
T004684,2025-01-25,S006,P0039,Building Materials,Building Materials C,11,27,6,32,334.94,2009.64
T004685,2025-10-29,S002,P0029,Paint,Paint B,77,80,1,156,337.36,337.36
T004686,2025-07-20,S006,P0098,Electrical,Electrical B,89,45,3,131,222.85,668.55
T004687,2026-06-03,S006,P0022,Electrical,Electrical A,52,69,5,116,173.79,868.95
T004688,2025-05-17,S011,P0073,Lawn & Garden,Lawn & Garden C,98,70,2,166,95.11,190.22
T004689,2026-04-17,S011,P0016,Lawn & Garden,Lawn & Garden B,87,12,3,96,203.93,611.79
T004690,2025-06-30,S005,P0048,Lawn & Garden,Lawn & Garden C,117,38,1,154,74.85,74.85
T004691,2026-06-14,S002,P0056,Plumbing,Plumbing A,88,37,7,118,149.68,1047.76
T004692,2025-11-23,S004,P0035,Building Materials,Building Materials B,61,30,2,89,241.23,482.46
T004693,2025-01-05,S010,P0054,Plumbing,Plumbing B,102,9,3,108,337.44,1012.32
T004694,2025-11-06,S011,P0001,Paint,Paint B,57,17,1,73,220.65,220.65
T004695,2025-10-07,S009,P0012,Hardware,Hardware A,8,78,1,85,217.6,217.6
T004696,2026-04-09,S012,P0041,Paint,Paint C,33,62,6,89,139.71,838.26
T004697,2025-05-28, S006 ,P0082,Electrical,Electrical A,57,42,2,97,307.94,615.88
T004698,2025-04-25,S012,P0038,Building Materials,Building Materials C,115,34,1,148,297.22,297.22
T004699,2026-05-04,S005,P0044,Electrical,Electrical B,75,80,1,154,151.01,151.01
T004700,2025-03-05,S006,P0079,Hardware,Hardware A,93,7,7,93,147.77,1034.39
T004701,2026-06-20,S004,P0024,Appliances,Appliances A,79,54,5,128,58.81,294.05
T004702,2026-01-03,S012,P0069,Paint,Paint C,74,13,5,82,132.75,663.75
T004703,2026-06-09,S009,P0047,Hardware,,73,18,9,82,281.89,2537.01
T004704,2026-05-15,S007,P0089,Building Materials,Building Materials B,64,63,2,125,146.59,293.18
T004705,2026-01-15,S011,P0028,Electrical,Electrical C,44,24,1,67,267.03,267.03
T004706,2026-06-18,S006,P0079,Lawn & Garden,Lawn & Garden C,33,68,3,98,51.94,155.82
T004707,2026-04-18,S003,P0091,Lawn & Garden,Lawn & Garden B,80,35,11,104,119.24,1311.64
T004708,2025-11-03,S002,P0029,Electrical,Electrical C,33,20,3,50,249.05,747.15
T004709,2025-02-03,S007,P0075,Hardware,Hardware B,116,18,7,127,58.29,408.03
T004710,2025-01-24,S006,P0100,Building Materials,Building Materials C,62,59,1,120,237.05,237.05
T004711,2026-04-18,S007,P0056,Plumbing,Plumbing A,57,56,1,112,25.1,25.1
T004712,2025-01-01,S001,P0075,Hardware,Hardware C,98,12,6,104,232.21,1393.26
T004713,2025-08-22,S013,P0036,Hardware,Hardware A,5,34,3,36,131.99,395.97
T004714,2025-06-05, S001 ,P0018,Lawn & Garden,Lawn & Garden A,11,26,3,34,289.44,868.32
T004715,2025-03-07,S002,P0095,Electrical,Electrical B,86,57,7,136,95.8,670.6
T004716,2025-11-26,S004,P0017,Hardware,Hardware C,79,3,6,76,72.22,433.32
T004717,2025-10-27,S007,P0041,Lawn & Garden,Lawn & Garden B,105,48,3,150,104.98,314.94
T004718,2025-11-11,S014,P0094,Hardware,Hardware B,117,5,1,121,30.64,30.64
T004719,2025-05-22,S002,P0038,Building Materials,Building Materials A,101,6,3,104,48.19,144.57
T004720,2025-09-27,S001,P0075,Building Materials,Building Materials B,72,31,4,99,226.48,905.92
T004721,2026-05-11,S015,P0095,Paint,Paint A,91,29,1,119,77.73,77.73
T004722,2026-04-10,S009,P0015,Paint,Paint A,12,80,4,88,292.53,1170.12
T004723,2026-03-21,S004,P0086,Lawn & Garden,Lawn & Garden A,8,67,7,68,336.86,2358.02
T004724,2025-03-28,S013,P0085,Plumbing,,118,7,3,122,194.06,582.18
T004725,2026-02-13,S011,P0074,Hardware,Hardware A,17,45,1,61,271.46,271.46
T004726,2025-11-14,S011,P0035,Appliances,Appliances A,87,24,1,110,215.16,215.16
T004727,2026-02-05,S010,P0032,Lawn & Garden ,Lawn & Garden C,39,2,4,37,142.11,568.44
T004728,2025-05-28,S004,P0008,Appliances,Appliances B,79,9,1,87,224.72,224.72
T004729,2025-07-15,S011,P0080,Electrical,Electrical B,114,48,5,157,55.35,276.75
T004730,2025-04-02,S007,P0004,Plumbing,Plumbing C,28,27,10,45,172.44,1724.4
T004731,2025-08-10,S005,P0098,Lawn & Garden,Lawn & Garden C,22,38,1,59,25.94,25.94
T004732,2025-08-30, S006 ,P0072,Lawn & Garden,Lawn & Garden B,94,23,2,115,255.8,511.6
T004733,2026-01-08, S005 ,P0087,Electrical,Electrical B,39,62,11,90,196.29,2159.19
T004734,2026-04-23,S004,P0002,Paint,Paint A,92,57,3,146,66.16,198.48
T004735,2025-09-15,S015,P0096,Paint,Paint C,67,30,2,95,328.87,657.74
T004736,2025-10-08,S012,P0014,Appliances,Appliances A,16,65,6,75,226.85,1361.1
T004737,2026-04-10,S010,P0023,Electrical,Electrical B,45,14,2,57,119.74,239.48
T004738,2026-03-13,S015,P0099,Paint,Paint C,89,2,1,90,80.35,80.35
T004739,2026-03-24,S010,P0069,Lawn & Garden,Lawn & Garden A,21,62,5,78,48.38,241.9
T004740,2026-01-09,S015,P0074,Paint,Paint B,81,79,7,153,200.11,1400.77
T004741,2025-03-07,S003,P0075,Lawn & Garden,Lawn & Garden C,76,4,1,79,119.55,119.55
T004742,2025-11-02,S006,P0064,Building Materials,Building Materials B,25,57,3,79,154.24,462.72
T004743,2026-03-04,S013,P0038,Lawn & Garden,Lawn & Garden B,116,39,2,153,193.84,387.68
T004744,2025-11-28,S008,P0087,Hardware,Hardware C,15,71,3,83,9.53,28.59
T004745,2026-02-28,S014,P0036,Electrical,Electrical A,74,0,1,73,42.01,42.01
T004746,2026-05-31,S001,P0059,Electrical,Electrical A,48,78,5,121,153.26,766.3
T004747,2025-11-03,S007,P0089,Hardware,Hardware A,80,49,9,120,244.88,2203.92
T004748,2026-01-16,S012,P0005,Electrical,Electrical A,97,59,1,155,150.8,150.8
T004749,2025-06-11,S006,P0024,Building Materials,Building Materials A,99,28,5,122,71.08,355.4
T004750,2025-09-29,S014,P0090,Hardware,Hardware A,48,31,6,73,315.13,1890.78
T004751,2026-04-21,S010,P0034,Plumbing,Plumbing B,40,12,3,49,223.48,670.44
T004752,2025-09-04,S009,P0094,Electrical,Electrical A,110,29,5,134,314.97,1574.85
T004753,2025-03-10,S010,P0056,Electrical,Electrical A,118,76,1,193,330.84,330.84
T004754,2025-11-26,S003,P0011,Appliances,Appliances C,8,70,8,70,245.01,1960.08
T004755,2025-03-06,S002,P0016,Electrical,Electrical C,26,54,7,73,152.76,1069.32
T004756,2025-02-25,S011,P0041,Appliances ,Appliances B,96,41,7,130,238.01,1666.07
T004757,2026-04-09,S005,P0084,Appliances,Appliances A,46,78,1,123,297.64,297.64
T004758,2025-10-25,S010,P0046,Paint,Paint B,2,38,4,36,65.47,261.88
T004759,2026-06-11,S009,P0024,Paint,Paint B,72,4,1,75,117.62,117.62
T004760,2026-01-18,S002,P0040,Electrical,Electrical A,73,26,9,90,215.33,1937.97
T004761,2026-03-30,S007,P0075,Paint,Paint A,87,51,1,137,345.54,345.54
T004762,2026-01-09,S003,P0013,Plumbing,Plumbing C,110,71,4,177,97.79,391.16
T004763,2026-01-04,S014,P0076,Electrical,Electrical C,62,59,1,120,339.54,339.54
T004764,2025-05-20,S010,P0054,Plumbing,Plumbing C,47,49,4,92,45.76,183.04
T004765,2025-01-22,S011,P0068,Building Materials,Building Materials B,2,1,1,2,153.25,153.25
T004766,2025-01-28,S013,P0080,Plumbing,Plumbing B,75,49,5,119,132.98,664.9
T004767,2025-09-25,S005,P0077,Building Materials,Building Materials C,81,54,2,133,126.36,252.72
T004768,2025-10-03,S012,P0076,Appliances,Appliances A,94,60,2,152,258.48,516.96
T004769,2026-06-13,S011,P0012,Plumbing,Plumbing C,90,11,9,92,243.47,2191.23
T004770,2025-06-13,S004,P0027,Appliances,Appliances B,35,10,13,32,88.41,1149.33
T004771,2025-04-11,S008,P0019,Lawn & Garden,Lawn & Garden B,53,30,1,82,271.98,271.98
T004772,2025-02-11,S012,P0066,Appliances,Appliances A,22,22,2,42,238.87,477.74
T004773,2025-02-25,S005,P0040,Lawn & Garden,Lawn & Garden B,91,30,6,115,233.31,1399.86
T004774,2025-04-11,S015,P0054,Electrical,Electrical C,14,4,4,14,128.81,515.24
T004775,2025-01-18,S012,P0002,Plumbing,Plumbing C,37,21,5,53,71.74,358.7
T004776,2025-08-17,S013,P0081,Appliances,Appliances A,86,35,3,118,177.09,531.27
T004777,2025-12-16,S011,P0095,Hardware,Hardware C,90,11,7,94,66.33,464.31
T004778,2025-08-27,S009,P0053,Building Materials,Building Materials A,80,42,3,119,24.03,72.09
T004779,2026-03-05,S006,P0071,Electrical,Electrical B,11,49,4,56,68.08,272.32
T004780,2026-06-11,S002,P0018,Plumbing,Plumbing A,58,48,1,105,99.6,99.6
T004781,2025-08-07,S003,P0050,Plumbing,Plumbing C,96,31,3,124,51.73,155.19
T004782,2025-09-03,S005,P0035,Lawn & Garden,Lawn & Garden B,88,74,6,156,193.28,1159.68
T004783,2026-06-24,S009,P0037,Lawn & Garden,Lawn & Garden C,34,74,4,104,95.75,383.0
T004784,2025-05-31,S015,P0085,Plumbing,Plumbing A,32,39,3,68,106.78,320.34
T004785,2025-08-25,S005,P0073,Lawn & Garden,Lawn & Garden A,104,49,4,149,329.93,1319.72
T004786,2026-01-07,S005,P0063,Lawn & Garden,Lawn & Garden A,94,40,3,131,280.99,842.97
T004787,2026-02-08,S007,P0039,Electrical,Electrical A,78,29,3,104,310.59,931.77
T004788,2025-10-28,S002,P0020,Building Materials,Building Materials C,99,55,6,148,41.49,248.94
T004789,2025-08-13,S004,P0079,Hardware,Hardware B,16,56,3,69,173.43,520.29
T004790,2025-09-21,S003,P0015,Electrical,Electrical A,109,67,1,175,253.07,253.07
T004791,2025-05-21,S004,P0024,Plumbing,Plumbing B,5,56,9,52,320.5,2884.5
T004792,2026-05-04,S011,P0007,Appliances,Appliances B,30,76,2,104,88.78,177.56
T004793,2026-05-17,S004,P0059,Building Materials,Building Materials B,0,67,1,66,62.48,62.48
T004794,2025-12-31,S015,P0088,Lawn & Garden,Lawn & Garden A,120,28,5,143,339.52,1697.6
T004795,2026-01-14,S012,P0013,Appliances,Appliances C,97,64,10,151,186.98,1869.8
T004796,2025-04-06,S002,P0068,Appliances,Appliances C,23,71,5,89,220.16,1100.8
T004797,2025-05-19,S011,P0100,Appliances,Appliances B,25,75,8,92,95.28,762.24
T004798,2025-11-13,S004,P0026,Electrical,Electrical C,91,12,1,102,239.6,239.6
T004799,2025-08-09,S005,P0024,Building Materials,Building Materials B,105,80,1,184,273.11,273.11
T004800,2025-03-24,S012,P0088,Plumbing,Plumbing B,48,24,2,70,84.94,169.88
T004801,2026-05-25,S003,P0098,Electrical,Electrical B,30,73,7,96,172.2,1205.4
T004802,2025-06-21,S008,P0047,Lawn & Garden,Lawn & Garden C,55,76,5,126,330.31,1651.55
T004803,2026-05-31,S003,P0085,Hardware,Hardware A,37,79,5,111,348.77,1743.85
T004804,2025-03-20,S003,P0046,Plumbing,Plumbing C,11,72,3,80,79.99,239.97
T004805,2026-01-02,S015,P0008,Appliances,Appliances C,47,35,2,80,24.52,49.04
T004806,2025-03-02,S011,P0015,Plumbing,Plumbing A,49,17,3,63,84.02,252.06
T004807,2025-01-20,S007,P0028,Plumbing,Plumbing B,44,60,2,102,264.64,529.28
T004808,2025-08-31,S005,P0071,Plumbing,Plumbing B,104,11,2,113,340.26,680.52
T004809,2025-03-18,S004,P0050,Plumbing,Plumbing A,13,22,4,31,324.65,1298.6
T004810,2026-05-01,S006,P0018,Plumbing,Plumbing A,76,66,2,140,39.93,79.86
T004811,2025-03-30,S003,P0007,Hardware,Hardware A,3,46,4,45,87.51,350.04
T004812,2025-06-28,S006,P0087,Building Materials,Building Materials A,41,36,1,76,204.91,204.91
T004813,2025-10-13,S007,P0064,Building Materials,Building Materials A,11,38,3,46,155.91,467.73
T004814,2026-01-30,S004,P0044,Electrical,Electrical C,113,36,2,147,324.49,648.98
T004815,2025-09-19,S007,P0056,Hardware,Hardware B,16,21,8,29,262.91,2103.28
T004816,2026-03-27,S001,P0076,Electrical,Electrical B,42,21,1,62,348.3,348.3
T004817,2026-01-04,S013,P0077,Hardware,Hardware B,18,46,3,61,339.77,1019.31
T004818,2026-05-09,S010,P0011,Plumbing,Plumbing C,5,24,6,23,325.02,1950.12
T004819,2025-08-16,S002,P0009,Hardware,Hardware A,48,43,3,88,50.02,150.06
T004820,2025-04-05,S013,P0013,paint,Paint C,87,40,2,125,258.02,516.04
T004821,2025-09-25,S014,P0028,Paint,Paint B,100,7,6,101,216.98,1301.88
T004822,2026-06-09,S006,P0031,Lawn & Garden,Lawn & Garden C,114,45,4,155,263.94,1055.76
T004823,2025-11-25,S011,P0034,Lawn & Garden,Lawn & Garden B,78,57,5,130,135.59,677.95
T004824,2025-12-24,S005,P0094,Building Materials,Building Materials C,7,38,2,43,206.67,413.34
T004825,2026-06-12,S010,P0033,Hardware,Hardware C,7,57,2,62,188.58,377.16
T004826,2025-07-05,S006,P0098,Building Materials,Building Materials A,13,42,4,51,267.71,1070.84
T004827,2025-09-25,S002,P0048,Appliances,Appliances C,86,20,6,100,316.82,1900.92
T004828,2025-06-08,S006,P0060,Building Materials,Building Materials A,13,2,1,14,158.17,158.17
T004829,2026-01-12,S011,P0079,Hardware,Hardware A,102,71,3,170,116.81,350.43
T004830,2025-07-05,S010,P0006,Paint,Paint A,28,80,2,106,136.68,273.36
T004831,2025-04-21,S008,P0080,Building Materials,Building Materials C,84,36,3,117,201.02,603.06
T004832,2025-01-15,S010,P0050,Plumbing,Plumbing C,90,67,5,152,83.97,419.85
T004833,2025-03-21,S015,P0025,Appliances,Appliances A,62,3,1,64,332.77,332.77
T004834,2025-02-28,S008,P0071,Hardware,Hardware C,27,13,5,35,88.07,440.35
T004835,2025-06-23,S005,P0063,Hardware,Hardware A,2,51,2,51,36.84,73.68
T004836,2025-02-22,S010,P0001,Paint,Paint B,65,27,7,85,26.83,187.81
T004837,2025-03-15,S001,P0070,Hardware,Hardware A,116,43,1,158,9.11,9.11
T004838,2025-01-22,S001,P0013,Building Materials,Building Materials A,14,21,6,29,53.28,319.68
T004839,2025-02-12,S002,P0041,Plumbing,Plumbing C,118,9,1,126,20.23,20.23
T004840,2025-07-20,S012,P0035,Lawn & Garden,Lawn & Garden A,48,59,3,104,9.78,29.34
T004841,2025-04-23,S010,P0037,Electrical,Electrical A,102,54,5,151,35.89,179.45
T004842,2025-04-25,S007,P0073,Electrical,Electrical A,117,75,1,191,319.94,319.94
T004843,2025-05-30,S002,P0014,Plumbing,Plumbing B,100,19,2,117,14.76,29.52
T004844,2026-02-04,S006,P0041,Appliances,Appliances A,118,20,3,135,249.49,748.47
T004845,2025-05-26,S014,P0042,Plumbing,Plumbing B,6,42,2,46,225.69,451.38
T004846,2025-01-03,S005,P0022,Building Materials,Building Materials B,17,53,2,68,230.59,461.18
T004847,2026-04-20,S006,P0081,Electrical,Electrical C,120,15,6,129,159.38,956.28
T004848,2026-02-15,S012,P0012,Building Materials,Building Materials C,16,1,7,10,282.28,1975.96
T004849,2026-04-19,S005,P0036,Lawn & Garden,Lawn & Garden A,95,62,7,150,68.84,481.88
T004850,2025-11-03,S007,P0079,Building Materials,Building Materials A,117,49,4,162,246.71,986.84
T004851,2026-01-23,S011,P0005,Building Materials,Building Materials C,55,39,5,89,216.17,1080.85
T004852,2025-09-21,S008,P0092,Appliances,Appliances B,76,41,1,116,109.85,109.85
T004853,2025-09-29,S005,P0094,Hardware,Hardware B,91,15,3,103,167.98,503.94
T004854,2025-07-22,S003,P0033,Hardware,Hardware C,27,22,3,46,263.26,789.78
T004855,2025-06-27,S013,P0060,Hardware,Hardware B,32,68,4,96,336.62,1346.48
T004856,2025-10-24,S012,P0055,Electrical,Electrical B,82,7,4,85,222.78,891.12
T004857,2025-04-13,S004,P0039,Hardware,Hardware B,108,72,3,177,119.61,358.83
T004858,2025-06-26,S003,P0028,Building Materials,Building Materials B,42,31,4,69,278.0,1112.0
T004859,2025-05-16,S013,P0100,Lawn & Garden,Lawn & Garden C,97,53,4,146,337.44,1349.76
T004860,2025-06-02,S001,,Plumbing,Plumbing A,78,70,4,144,295.72,1182.88
T004861,2026-02-11,S013,P0010,Lawn & Garden,Lawn & Garden A,86,58,1,143,315.87,315.87
T004862,2025-04-28,S006,P0011,Paint,Paint C,48,19,1,66,44.92,44.92
T004863,2025-03-17,S006,P0015,Lawn & Garden,Lawn & Garden B,117,51,4,164,307.35,1229.4
T004864,2026-04-05,S006,P0082,Appliances,Appliances B,104,77,2,179,311.35,622.7
T004865,2025-03-07,S011,P0005,Lawn & Garden,Lawn & Garden C,7,3,2,8,291.68,583.36
T004866,2025-05-23,S008,P0059,Building Materials,Building Materials A,86,48,5,129,264.51,1322.55
T004867,2025-07-13,S001,P0071,Plumbing,Plumbing C,48,25,3,70,187.94,563.82
T004868,2025-08-20,S011,P0089,Appliances,Appliances A,10,7,8,9,113.81,910.48
T004869,2026-05-03,S005,P0011,Appliances,Appliances B,23,55,5,73,298.88,1494.4
T004870,2026-01-21,S013,P0086,Electrical,Electrical C,14,36,1,49,138.46,138.46
T004871,2026-06-03,S002,P0096,Hardware,Hardware B,92,17,5,104,110.76,553.8
T004872,2025-02-22,S009,P0046,Electrical,Electrical C,31,71,4,98,170.3,681.2
T004873,2026-06-05,S008,P0076,Plumbing,Plumbing A,42,77,1,118,230.88,230.88
T004874,2025-07-11,S006,P0037,Electrical,Electrical C,93,35,2,126,108.92,217.84
T004875,2026-02-14,S002,P0016,Plumbing,Plumbing B,41,35,5,71,160.37,801.85
T004876,2025-12-21,S012,P0057,Lawn & Garden,Lawn & Garden C,119,16,1,134,138.05,138.05
T004877,2025-08-31,S006,P0073,Plumbing,Plumbing A,93,1,1,93,324.82,324.82
T004878,2025-12-26,S010,P0026,Electrical,Electrical C,81,47,3,125,70.69,212.07
T004879,2025-08-12,S003,P0014,Plumbing,Plumbing B,46,67,3,110,62.08,186.24
T004880,2025-04-08,S014,P0095,Appliances,Appliances A,15,62,4,73,160.16,640.64
T004881,2025-10-29,S011,P0073,Building Materials,Building Materials A,43,54,3,94,123.22,369.66
T004882,2026-05-03,S008,P0009,Appliances,Appliances A,87,77,4,160,118.69,474.76
T004883,2025-03-27,S015,P0008,Electrical,Electrical B,98,22,7,113,192.17,1345.19
T004884,2026-03-11, S004 ,P0036,Paint,Paint A,55,10,3,62,300.63,901.89
T004885,2026-03-07,S009,P0085,Paint,Paint C,71,37,1,107,248.66,248.66
T004886,2025-08-16,S011,P0051,Hardware,Hardware A,75,56,1,130,24.12,24.12
T004887,2026-01-20,S010,P0079,Appliances,Appliances C,16,69,2,83,327.17,654.34
T004888,2025-10-09,S002,P0038,Hardware,Hardware B,30,26,2,54,288.99,577.98
T004889,2025-11-22,S001,P0040,Building Materials,Building Materials B,16,12,1,27,263.99,263.99
T004890,2025-09-09,S007,P0097,Building Materials,Building Materials A,47,15,1,61,86.97,86.97
T004891,2026-03-14,S007,P0046,Appliances,Appliances A,7,56,2,61,245.78,491.56
T004892,2025-03-22,S011,P0083,Electrical,Electrical C,41,34,10,65,106.88,1068.8
T004893,2025-10-27,S014,P0044,Paint,Paint B,60,37,4,93,260.43,1041.72
T004894,2025-12-21,S009,P0013,Building Materials,Building Materials A,25,22,4,43,145.27,581.08
T004895,2026-03-20,S001,P0026,Electrical,Electrical B,59,64,3,120,259.23,777.69
T004896,2025-07-11,S001,P0044,Hardware,Hardware C,54,54,2,106,346.07,692.14
T004897,2026-06-12,S012,P0047,Building Materials,Building Materials B,6,53,4,55,36.0,144.0
T004898,2025-08-03,S007,P0018,Plumbing,Plumbing B,110,13,1,122,177.79,177.79
T004899,09/24/2025,S010,P0026,Hardware,,108,26,11,123,104.97,1154.67
T004900,2025-03-10,S011,P0071,Paint,Paint A,65,62,1,126,10.64,10.64
T004901,2025-08-09,S011,P0091,Lawn & Garden,Lawn & Garden C,61,10,5,66,227.2,1136.0
T004902,2025-04-19,S009,,Hardware,Hardware C,52,42,1,93,51.97,51.97
T004903,2026-01-06,S007,P0059,Paint,Paint A,4,66,3,67,43.07,129.21
T004904,2025-05-10,S003,P0053,Electrical,Electrical C,42,16,5,53,275.68,1378.4
T004905,2026-02-18,S006,P0056,Plumbing,Plumbing C,62,25,1,86,35.51,35.51
T004906,2025-10-24,S004,P0073,Appliances,Appliances A,91,62,1,152,119.55,119.55
T004907,2025-12-17,S004,P0079,Hardware,Hardware B,8,11,1,18,233.46,233.46
T004908,2026-03-11,S013,P0081,Electrical,Electrical A,76,14,2,88,139.11,278.22
T004909,2025-07-18,S003,P0053,Lawn & Garden,Lawn & Garden A,120,24,4,140,305.01,1220.04
T004910,2025-10-18,S001,P0052,Paint,Paint B,75,53,10,118,114.42,1144.2
T004911,2025-10-30,S012,P0055,Electrical,Electrical B,68,18,2,84,250.43,500.86
T004912,2025-07-01,S013,P0014,Building Materials,Building Materials B,65,69,9,125,317.68,2859.12
T004913,2025-12-26,S004,P0008,Plumbing,Plumbing A,26,39,4,61,124.43,497.72
T004914,2026-03-02,S012,P0042,Hardware,Hardware C,54,28,1,81,200.43,200.43
T004915,2025-03-22,S005,P0030,Appliances,Appliances A,30,66,3,93,124.1,372.3
T004916,2025-03-31,S007,P0004,Electrical,Electrical B,17,78,1,94,290.84,290.84
T004917,2026-01-27,S007,P0047,Plumbing,Plumbing A,98,5,2,101,332.64,665.28
T004918,2025-08-27,S007,P0028,Hardware,Hardware C,32,39,2,69,174.55,349.1
T004919,2025-09-15,S010,P0026,Hardware,Hardware A,97,14,3,108,264.28,792.84
T004920,2025-10-09,S010,P0005,Paint,Paint A,96,65,5,156,122.68,613.4
T004921,2025-07-22,S012,P0088,Building Materials,Building Materials A,85,1,3,83,80.22,240.66
T004922,2025-04-09,S015,P0065,Electrical,Electrical B,65,63,1,127,182.0,182.0
T004923,2025-11-08,S014,P0045,Lawn & Garden,Lawn & Garden C,62,79,8,133,248.95,1991.6
T004924,2025-04-12,S014,P0038,Lawn & Garden,Lawn & Garden A,77,37,10,104,164.67,1646.7
T004925,2025-07-01,S011,P0029,Paint,Paint C,12,2,2,12,282.64,565.28
T004926,2025-07-29,S013,P0018,Hardware,Hardware C,50,50,4,96,184.73,738.92
T004927,2026-06-22,S003,P0039,Appliances,Appliances A,120,49,2,167,86.31,172.62
T004928,2025-11-21,S005,P0018,Appliances,Appliances A,21,5,3,23,101.22,303.66
T004929,2025-08-17,S006,P0028,Building Materials,Building Materials C,47,60,3,104,104.52,313.56
T004930,2026-03-04,S002,P0089,Appliances,Appliances C,120,80,1,199,100.5,100.5
T004931,2025-11-05,S006,P0099,Building Materials,Building Materials C,69,56,2,123,335.26,670.52
T004932,2026-05-18,S003,P0049,Appliances,Appliances C,25,42,6,61,329.49,1976.94
T004933,2025-08-21,S006,P0016,Paint,Paint A,117,65,6,176,327.6,1965.6
T004934,2026-01-07,S015,P0032,Appliances,Appliances A,116,6,2,120,305.59,611.18
T004935,2025-02-18,S001,P0100,Plumbing,Plumbing A,86,57,4,139,103.65,414.6
T004936,2026-05-18,S004,P0093,Building Materials,Building Materials A,104,19,2,121,77.96,155.92
T004937,2026-06-09,S015,P0074,Hardware,Hardware B,9,61,5,65,63.56,317.8
T004938,2025-10-29,S003,P0094,Paint,Paint C,4,13,1,16,68.76,68.76
T004939,2025-03-24,S006,P0091,Appliances,Appliances B,2,62,4,60,270.19,1080.76
T004940,2025-03-03,S014,P0085,Paint,Paint B,104,10,8,106,208.68,1669.44
T004941,2025-04-05,S007,P0079,Hardware ,Hardware A,35,44,1,78,172.65,172.65
T004942,2026-03-20,S009,P0100,Hardware,Hardware A,118,27,8,137,293.88,2351.04
T004943,2026-04-20,S003,P0016,Appliances,Appliances C,24,77,4,97,210.03,840.12
T004944,2026-05-17,S001,P0082,Appliances,Appliances A,56,73,3,126,66.57,199.71
T004945,2025-07-07,S009,P0057,Plumbing,Plumbing B,0,1,1,0,332.56,332.56
T004946,2026-03-07,S007,P0037,Electrical,Electrical C,76,11,8,79,113.17,905.36
T004947,2025-11-08, S011 ,P0077,Lawn & Garden,Lawn & Garden B,77,24,2,99,246.36,492.72
T004948,2026-01-23,S014,P0071,Hardware,Hardware C,82,26,9,99,169.02,1521.18
T004949,2026-06-29,S013,P0048,Plumbing,Plumbing B,90,49,9,130,120.07,1080.63
T004950,2026-03-05,S004,P0037,Appliances,Appliances C,16,19,2,33,46.18,92.36
T004951,2025-05-22, S007 ,P0021,Hardware,Hardware B,88,47,2,133,265.34,530.68
T004952,2026-01-14,S011,P0095,Paint,Paint B,36,72,1,107,87.49,87.49
T004953,2025-09-17,S008,P0063,Hardware,Hardware A,71,19,3,87,76.89,230.67
T004954,2025-03-04,S003,P0007,Electrical,Electrical B,108,67,3,172,187.76,563.28
T004955,2025-09-03,S010,P0077,Plumbing,Plumbing B,77,31,7,101,217.51,1522.57
T004956,2025-07-27,S009,P0032,Building Materials,Building Materials C,57,54,9,102,75.0,675.0
T004957,2026-06-27,S006,P0020,Lawn & Garden,Lawn & Garden A,26,71,5,92,336.18,1680.9
T004958,2026-01-23,S003,P0045,Paint,Paint A,4,62,6,60,93.32,559.92
T004959,2025-08-30,S009,P0062,Hardware,Hardware A,46,17,2,61,258.6,517.2
T004960,2025-09-19,S007,P0077,Appliances,Appliances C,26,37,1,62,75.36,75.36
T004961,2025-02-28,S007,P0070,Hardware,Hardware A,19,52,4,67,349.18,1396.72
T004962,2026-04-06,S008,P0052,Hardware,Hardware C,103,68,7,164,343.48,2404.36
T004963,2026-05-09,S009,P0010,Appliances,Appliances C,83,73,1,155,23.53,23.53
T004964,2025-08-22,S001,P0028,Electrical,Electrical A,35,5,3,37,244.72,734.16
T004965,2025-02-26,S004,P0091,Building Materials,Building Materials A,71,60,1,130,103.64,103.64
T004966,2025-04-24,S009,P0079,Plumbing,Plumbing B,10,27,1,36,265.97,265.97
T004967,2026-04-29,S005,P0024,Hardware,Hardware B,76,70,3,143,298.18,894.54
T004968,2026-06-20,S001,P0042,Appliances,Appliances B,118,38,9,147,55.84,502.56
T004969,2025-01-09,S010,P0004,Lawn & Garden,Lawn & Garden C,54,55,3,106,320.24,960.72
T004970,2025-10-02,S013,P0083,Electrical,Electrical C,41,8,5,44,13.61,68.05
T004971,2025-08-17,S012,P0045,Lawn & Garden,Lawn & Garden B,28,36,4,60,136.15,544.6
T004972,2026-02-06,S012,P0013,Appliances,Appliances B,117,73,1,189,178.82,178.82
T004973,2026-03-16,S014,P0040,Hardware,Hardware C,96,41,4,133,238.84,955.36
T004974,2025-01-12,S008,P0018,Plumbing,Plumbing B,109,60,1,168,261.82,261.82
T004975,2026-03-24,S010,P0089,Building Materials,Building Materials C,114,40,3,151,244.62,733.86
T004976,2025-01-11,S015,P0015,Hardware,Hardware C,9,19,8,20,312.68,2501.44
T004977,2025-02-25,S007,P0004,Lawn & Garden,Lawn & Garden C,44,46,3,87,241.96,725.88
T004978,2025-06-10,S014,P0019,Electrical,Electrical B,120,55,4,171,117.04,468.16
T004979,2025-11-13,S013,P0036,Appliances,Appliances A,99,73,2,170,220.69,441.38
T004980,2025-07-23,S001,P0027,Building Materials,Building Materials C,55,74,1,128,35.06,35.06
T004981,2026-03-22,S006,P0077,Paint,Paint A,55,26,2,79,12.45,24.9
T004982,2026-06-16,S005,P0063,Appliances,Appliances C,82,14,6,90,283.97,1703.82
T004983,2025-08-23,S003,P0068,Appliances,Appliances B,69,56,4,121,115.38,461.52
T004984,2026-02-11,S009,P0018,Lawn & Garden,Lawn & Garden A,82,23,1,104,10.55,10.55
T004985,2025-02-18,S007,P0042,Plumbing,Plumbing A,24,13,1,36,199.39,199.39
T004986,2025-12-29,S009,P0096,Lawn & Garden,Lawn & Garden B,78,70,1,147,119.47,119.47
T004987,2025-09-05,S014,P0070,Hardware,Hardware B,58,8,2,64,346.6,693.2
T004988,2025-02-22,S006,P0088,Electrical,Electrical C,67,60,3,124,164.42,493.26
T004989,2025-02-18,S007,P0048,Appliances,Appliances C,39,34,3,70,229.86,689.58
T004990,2025-05-22,S011,P0100,Plumbing,Plumbing C,42,6,3,45,83.64,250.92
T004991,2025-02-26,S001,P0047,Electrical,Electrical C,65,46,4,107,15.12,60.48
T004992,2025-08-06,S010,P0061,Paint,Paint A,118,77,2,193,207.6,415.2
T004993,2025-02-12,S004,P0091,Electrical,,101,72,1,172,36.27,36.27
T004994,2025-05-08,S003,P0004,Hardware,Hardware B,34,63,5,92,318.03,1590.15
T004995,2025-08-22,S002,P0022,Appliances,Appliances A,74,6,6,74,286.19,1717.14
T004996,2026-05-12,S004,,Paint,Paint C,28,31,2,57,45.3,90.6
T004997,2025-09-27,S003,P0048,Building Materials,Building Materials B,98,1,11,88,190.63,2096.93
T004998,2025-07-05,S008,P0066,Electrical,Electrical C,46,53,9,90,60.47,544.23
T004999,2026-06-29,S012,P0005,Paint,Paint B,5,4,1,8,322.7,322.7
T005000,2025-08-09,S002,P0070,Electrical,Electrical B,110,6,1,115,292.6,292.6
T005001,2025-12-08,S009,P0059,Appliances,Appliances C,61,58,2,117,225.41,450.82
T005002,2025-04-20,S015,P0037,Lawn & Garden,Lawn & Garden C,14,44,4,54,305.99,1223.96
T005003,10/30/2025,S007,P0035,Hardware,Hardware A,84,76,11,149,311.9,3430.9
T005004,2026-02-21,S007,P0047,Plumbing,Plumbing A,50,54,11,93,319.46,3514.06
T005005,2025-12-07,S013,P0031,Plumbing,Plumbing C,28,63,5,86,242.26,1211.3
T005006,2025-12-27,S010,P0080,Appliances,Appliances A,35,36,2,69,234.65,469.3
T005007,2025-04-15,S003,P0055,Building Materials,Building Materials B,34,65,7,92,154.73,1083.11
T005008,2025-04-10,S007,P0040,Building Materials,Building Materials C,51,27,3,75,184.72,554.16
T005009,2025-07-31,S002,P0026,Paint,Paint B,25,9,1,33,36.07,36.07
T005010,2026-03-31,S003,P0001,Hardware,Hardware C,24,38,1,61,107.02,107.02
T005011,2025-06-24,S003,P0096,Building Materials,Building Materials C,95,14,2,107,312.0,624.0
T005012,2026-02-22,S003,P0072,Building Materials,Building Materials B,43,66,6,103,186.61,1119.66
T005013,2025-08-09,S012,P0082,Plumbing,Plumbing B,87,63,1,149,246.11,246.11
T005014,2026-04-08,S010,P0025,Hardware,Hardware A,53,13,2,64,204.55,409.1
T005015,2025-02-26,S002,P0050,Lawn & Garden,Lawn & Garden A,33,19,9,43,261.34,2352.06
T005016,2025-12-08,S002,P0041,Lawn & Garden,Lawn & Garden C,13,47,4,56,51.11,204.44
T005017,2025-09-15,S002,P0001,Hardware,Hardware A,6,48,4,50,237.43,949.72
T005018,2025-09-09,S012,P0064,Electrical,Electrical A,104,46,6,144,14.86,89.16
T005019,01/24/2026,S005,P0088,Appliances,,29,24,2,51,309.33,618.66
T005020,2025-04-01,S005,P0026,Appliances,Appliances C,8,1,9,0,176.06,1584.54
T005021,2025-04-15,S005,P0085,Electrical,Electrical A,45,12,5,52,114.58,572.9
T005022,2025-07-13,S008,P0070,Plumbing,Plumbing A,4,59,3,60,139.21,417.63
T005023,2026-06-14,S009,P0007,Electrical,Electrical A,66,8,8,66,314.02,2512.16
T005024,2025-06-23,S011,P0026,Appliances,Appliances C,58,2,5,55,214.62,1073.1
T005025,2025-01-04,S001,P0031,Paint,Paint A,0,33,3,30,137.16,411.48
T005026,2026-06-08,S014,P0011,Lawn & Garden,Lawn & Garden B,6,3,5,4,86.92,434.6
T005027,2025-05-23,S003,P0059,Building Materials,Building Materials A,28,54,1,81,275.5,275.5
T005028,2026-01-31,S006,P0006,Lawn & Garden,Lawn & Garden A,29,45,7,67,97.05,679.35
T005029,2026-01-10,S010,P0034,Building Materials,Building Materials A,104,44,11,137,338.14,3719.54
T005030,2025-11-09,S002,P0048,Building Materials,Building Materials C,103,78,1,180,233.24,233.24
T005031,2025-03-05,S001,P0092,Lawn & Garden,Lawn & Garden C,58,20,2,76,220.78,441.56
T005032,2025-09-06,S015,P0015,Plumbing,Plumbing B,101,8,1,108,107.51,107.51
T005033,2026-03-06,S012,P0040,Appliances,Appliances C,20,46,5,61,342.49,1712.45
T005034,2026-02-27,S009,P0017,Plumbing,Plumbing C,23,21,4,40,204.71,818.84
T005035,2025-07-12,S011,P0069,Lawn & Garden,Lawn & Garden B,38,47,2,83,323.94,647.88
T005036,2026-05-10,S014,P0036,Hardware,Hardware B,34,79,2,111,68.17,136.34
T005037,2026-06-12,S013,P0100,Lawn & Garden,Lawn & Garden C,85,42,2,125,311.46,622.92
T005038,2026-03-10,S013,P0045,Hardware,Hardware A,94,0,5,89,79.88,399.4
T005039,2026-06-13,S006,P0064,Plumbing,Plumbing A,87,33,3,117,227.22,681.66
T005040,2025-12-10,S011,P0037,Plumbing,Plumbing B,58,36,2,92,266.05,532.1
T005041,2026-06-17,S009,P0026,Paint,Paint A,47,36,2,81,131.81,263.62
T005042,2025-09-12,S006,P0097,Building Materials,Building Materials A,62,25,8,79,128.37,1026.96
T005043,2025-01-22,S009,P0056,Paint,Paint C,103,19,7,115,226.99,1588.93
T005044,2025-11-25,S015,P0054,Appliances,Appliances A,85,9,5,89,194.58,972.9
T005045,2025-04-16,S003,P0092,Building Materials,Building Materials C,46,13,6,53,123.68,742.08
T005046,2025-05-20,S003,P0025,Lawn & Garden,Lawn & Garden B,12,33,1,44,319.64,319.64
T005047,2025-05-17,S012,P0053,Paint,Paint A,33,40,1,72,46.92,46.92
T005048,2025-11-26,S014,P0016,Lawn & Garden,Lawn & Garden B,110,56,1,165,175.07,175.07
T005049,2025-03-22,S002,P0087,Paint,Paint B,12,26,3,35,268.45,805.35
T005050,2026-02-07,S006,P0025,Electrical,Electrical B,87,5,7,85,149.77,1048.39
T005051,2025-07-12,S001,P0012,Plumbing,Plumbing B,72,58,2,128,160.0,320.0
T005052,2025-12-15, S003 ,P0044,Hardware,Hardware C,55,20,7,68,257.52,1802.64
T005053,2026-03-16,S001,P0037,Paint,Paint C,79,78,2,155,87.59,175.18
T005054,2026-01-18,S008,P0002,Paint,Paint C,120,72,3,189,157.33,471.99
T005055,2026-06-22,S010,P0014,Paint,Paint A,80,72,2,150,311.33,622.66
T005056,2026-02-03,S003,P0016,Building Materials,Building Materials C,89,1,2,88,36.55,73.1
T005057,2025-12-01,S013,P0067,Hardware,Hardware A,117,57,3,171,315.34,946.02
T005058,2025-05-14,S013,P0065,Plumbing,Plumbing C,52,55,1,106,214.75,214.75
T005059,2025-10-03,S002,P0028,Appliances,Appliances B,8,7,4,11,63.26,253.04
T005060,2025-03-28,S012,P0040,Lawn & Garden,Lawn & Garden B,26,78,3,101,296.09,888.27
T005061,2025-07-25,S001,P0011,Electrical,Electrical B,8,5,9,4,158.12,1423.08
T005062,2026-04-18,S010,P0043,Hardware,Hardware A,80,69,5,144,198.57,992.85
T005063,2025-07-13,S014,P0043,Lawn & Garden,Lawn & Garden B,115,20,4,131,77.7,310.8
T005064,2025-04-14,S006,P0022,Paint,Paint C,54,17,9,62,156.17,1405.53
T005065,2025-04-21,S001,P0071,Paint,Paint B,73,79,8,144,24.33,194.64
T005066,2025-04-17,S001,P0038,Electrical,Electrical A,1,10,9,2,198.96,1790.64
T005067,2025-06-15,S012,P0077,Hardware,Hardware A,32,9,2,39,275.99,551.98
T005068,2025-11-24,S005,P0089,Paint,Paint A,94,22,1,115,247.18,247.18
T005069,2025-10-24,S005,P0017,Appliances,Appliances C,58,36,1,93,334.39,334.39
T005070,2026-02-14,S011,P0068,Electrical,Electrical C,101,55,6,150,71.52,429.12
T005071,2025-04-15,S003,P0022,Electrical,Electrical B,119,33,1,151,141.31,141.31
T005072,2026-05-15,S003,P0001,Appliances,Appliances C,59,75,4,130,268.55,1074.2
T005073,2025-04-14,S006,P0088,Lawn & Garden,Lawn & Garden A,43,27,1,69,33.58,33.58
T005074,2025-07-28,S008,P0031,Lawn & Garden,Lawn & Garden B,49,6,7,48,8.58,60.06
T005075,2025-12-20,S008,P0071,Building Materials,Building Materials B,11,63,4,70,75.82,303.28
T005076,2025-01-26,S004,P0001,Plumbing,Plumbing A,48,73,7,114,123.14,861.98
T005077,2025-03-10,S015,P0025,Building Materials ,Building Materials A,45,11,4,52,323.66,1294.64
T005078,2025-11-05,S003,P0021,Hardware,Hardware C,11,47,1,57,155.87,155.87
T005079,2025-01-31,S011,P0027,Paint,Paint B,15,31,2,44,244.47,488.94
T005080,2026-01-24,S008,P0056,Appliances,Appliances A,53,25,6,72,145.12,870.72
T005081,2026-06-12,S011,P0097,Building Materials,Building Materials A,41,27,1,67,55.61,55.61
T005082,2026-04-03,S010,P0098,Lawn & Garden,Lawn & Garden A,76,52,2,126,251.52,503.04
T005083,2025-08-15,S003,P0045,Appliances,Appliances C,0,49,1,48,215.74,215.74
T005084,2025-03-20,S005,P0042,Appliances,Appliances A,58,64,3,119,113.39,340.17
T005085,2025-04-20,S004,P0052,Building Materials,Building Materials B,24,34,5,53,224.96,1124.8
T005086,2025-05-09,S010,P0049,Paint,Paint B,118,52,7,163,76.74,537.18
T005087,2025-07-11,S005,P0052,Paint,Paint B,25,49,1,73,329.87,329.87
T005088,03/20/2026,S011,P0062,Electrical,Electrical B,109,23,1,131,171.94,171.94
T005089,2025-04-02,S004,P0089,Building Materials,Building Materials A,78,71,1,148,53.35,53.35
T005090,2025-04-07,S001,P0058,Building Materials,Building Materials C,85,61,3,143,332.9,998.7
T005091,2025-10-17,S002,P0080,Plumbing,Plumbing C,39,58,1,96,128.33,128.33
T005092,2025-08-02,S005,P0070,Lawn & Garden,Lawn & Garden B,19,50,4,65,341.34,1365.36
T005093,2026-05-29,S010,P0059,Electrical,Electrical C,39,10,8,41,146.16,1169.28
T005094,2026-01-13,S003,P0079,Lawn & Garden,Lawn & Garden A,43,57,1,99,62.04,62.04
T005095,2025-02-14,S010,P0055,Appliances,Appliances A,90,28,1,117,26.76,26.76
T005096,2025-03-14,S003,P0011,Appliances,Appliances A,3,17,9,11,168.31,1514.79
T005097,2025-12-05,S014,P0090,Plumbing,Plumbing A,17,75,3,89,245.43,736.29
T005098,2025-07-21,S013,P0006,Building Materials,Building Materials A,70,19,2,87,135.12,270.24
T005099,2025-04-19,S002,P0090,Building Materials,Building Materials C,79,74,16,137,269.47,4311.52
T005100,04/14/2026,S003,P0078,Hardware,Hardware C,49,56,2,103,347.01,694.02
T005101,2025-10-28,S003,P0024,Lawn & Garden,Lawn & Garden B,97,52,5,144,284.95,1424.75
T005102,2026-01-21,S008,P0044,Electrical,Electrical A,51,19,1,69,16.08,16.08
T005103,2025-11-02,S010,P0073,Paint ,Paint A,89,56,1,144,208.96,208.96
T005104,2025-08-02,S013,P0002,Appliances,Appliances C,118,27,5,140,100.92,504.6
T005105,04/29/2025,S002,P0097,Paint,Paint C,52,31,10,73,157.8,1578.0
T005106,2026-04-11,S005,P0097,Lawn & Garden,Lawn & Garden B,36,36,2,70,26.06,52.12
T005107,2025-06-20,S009,P0074,Paint,Paint A,66,35,1,100,56.59,56.59
T005108,2026-02-24,S011,P0012,Hardware,Hardware C,87,52,6,133,80.88,485.28
T005109,2025-12-05,S015,P0015,Paint,Paint C,16,30,2,44,154.32,308.64
T005110,2025-11-24,S012,P0062,Paint,Paint B,31,60,4,87,34.15,136.6
T005111,2025-10-02,S012,P0016,Electrical,Electrical A,112,68,2,178,131.16,262.32
T005112,2026-05-20,S002,P0067,Plumbing,Plumbing A,100,35,2,133,148.69,297.38
T005113,2025-04-19,S003,P0025,Paint,Paint C,115,12,1,126,28.08,28.08
T005114,2025-12-13,S013,P0067,Plumbing,Plumbing C,87,15,5,97,302.82,1514.1
T005115,2025-02-24,S005,P0013,Hardware ,Hardware A,98,47,4,141,53.02,212.08
T005116,2026-06-06,S009,P0021,Lawn & Garden,Lawn & Garden A,34,6,4,36,41.3,165.2
T005117,2025-08-22,S007,P0011,Hardware,Hardware B,18,57,1,74,143.16,143.16
T005118,2025-10-09,S009,P0060,Plumbing,Plumbing C,11,69,4,76,278.3,1113.2
T005119,2025-11-11,S011,P0064,Hardware,Hardware C,11,1,11,1,23.63,259.93
T005120,2025-01-02,S009,P0081,Appliances,Appliances A,21,12,1,32,349.27,349.27
T005121,2025-06-26,S011,P0040,Plumbing,Plumbing A,38,29,1,66,292.2,292.2
T005122,2026-06-30,S010,P0081,Electrical,Electrical A,72,52,1,123,280.37,280.37
T005123,2025-01-22,S010,P0012,hardware,Hardware B,93,77,3,167,187.88,563.64
T005124,2026-01-08,S011,P0012,Appliances,Appliances A,27,3,1,29,223.33,223.33
T005125,2026-02-01,S015,P0090,Appliances,Appliances B,51,71,4,118,242.37,969.48
T005126,2025-05-19,S001,P0083,Lawn & Garden,Lawn & Garden C,67,39,1,105,175.15,175.15
T005127,2026-02-03,S007,P0074,Lawn & Garden,Lawn & Garden A,35,32,5,62,85.4,427.0
T005128,2025-11-13,S013,P0064,Hardware,Hardware A,28,73,4,97,36.37,145.48
T005129,2025-03-18,S001,P0053,Paint,Paint B,117,37,11,143,207.8,2285.8
T005130,2025-03-11,S001,P0080,Appliances,Appliances B,102,49,1,150,27.12,27.12
T005131,2026-03-25,S002,P0018,Paint,Paint C,100,71,6,165,279.47,1676.82
T005132,2025-02-22,S008,P0040,Appliances,Appliances B,11,20,3,28,245.29,735.87
T005133,2025-10-12,S011,P0013,Hardware,Hardware B,53,58,2,109,143.1,286.2
T005134,2025-03-27,S003,P0016,Appliances,Appliances B,66,2,1,67,14.14,14.14
T005135,2026-01-12,S007,P0073,Hardware,Hardware C,23,52,2,73,209.67,419.34
T005136,2026-03-08,S006,P0011,Appliances,Appliances C,108,30,2,136,251.63,503.26
T005137,2025-09-22,S001,P0069,Plumbing,Plumbing C,64,55,1,118,150.88,150.88
T005138,2025-07-15,S001,P0097,Plumbing,Plumbing B,18,20,4,34,77.82,311.28
T005139,2025-08-11,S014,P0017,Plumbing,Plumbing A,0,8,3,5,244.3,732.9
T005140,2025-08-11,S010,P0002,Appliances,Appliances B,31,62,5,88,10.52,52.6
T005141,2025-01-17,S015,P0014,Electrical,Electrical A,55,42,2,95,307.47,614.94
T005142,2025-02-08,S012,P0087,Plumbing,Plumbing C,41,78,6,113,23.88,143.28
T005143,2025-01-08,S007,P0035,Building Materials,Building Materials B,8,76,8,76,214.79,1718.32
T005144,2026-06-19,S015,P0054,Electrical,Electrical C,24,48,2,70,265.93,531.86
T005145,2025-07-18,S008,P0050,Paint,Paint B,58,58,1,115,310.83,310.83
T005146,2025-11-03,S013,P0087,Building Materials,Building Materials C,12,45,3,54,139.58,418.74
T005147,2025-04-01,S011,P0086,Electrical,Electrical A,33,41,3,71,244.03,732.09
T005148,2026-01-06,S013,P0005,Lawn & Garden,Lawn & Garden B,43,5,2,46,123.54,247.08
T005149,2025-03-24,S012,P0070,Plumbing,Plumbing C,68,68,5,131,307.18,1535.9
T005150,2026-01-12,S002,P0004,Building Materials,Building Materials C,73,25,2,96,46.61,93.22
T005151,2025-03-24,S015,P0039,Building Materials,Building Materials A,35,79,1,113,42.62,42.62
T005152,2025-06-28,S011,P0070,Plumbing,Plumbing A,39,2,3,38,327.98,983.94
T005153,2025-07-20,S014,P0046,Hardware,Hardware A,84,20,5,99,81.76,408.8
T005154,2025-01-12,S005,P0031,Electrical,Electrical B,83,64,5,142,113.98,569.9
T005155,2025-03-06,S001,P0096,Plumbing,Plumbing C,76,49,2,123,118.08,236.16
T005156,2025-07-12,S013,P0008,Hardware,Hardware C,73,79,4,148,326.73,1306.92
T005157,2026-05-28,S007,P0036,Hardware,Hardware B,2,76,8,70,31.31,250.48
T005158,2025-12-26,S012,P0052,Building Materials,Building Materials B,50,17,7,60,172.99,1210.93
T005159,2025-05-26,S001,P0068,Electrical,Electrical B,110,75,1,184,267.27,267.27
T005160,2025-09-20,S005,P0039,Appliances,Appliances B,107,48,2,153,153.84,307.68
T005161,2025-06-10,S006,P0064,Hardware,Hardware A,115,23,8,130,282.27,2258.16
T005162,2025-08-06,S012,P0073,Appliances,Appliances B,3,15,1,17,74.31,74.31
T005163,2025-01-30,S008,P0086,Building Materials,Building Materials A,27,19,3,43,237.75,713.25
T005164,2025-05-25,S011,P0030,Hardware,Hardware B,53,62,2,113,321.47,642.94
T005165,2025-11-29,S014,P0027,Building Materials,Building Materials B,97,37,4,130,47.93,191.72
T005166,2026-06-05,S012,P0071,Appliances,Appliances B,60,36,1,95,158.93,158.93
T005167,2026-01-16,S014,P0051,Electrical,Electrical B,89,74,7,156,38.01,266.07
T005168,2025-05-11,S010,P0084,Paint,Paint C,11,51,3,59,333.82,1001.46
T005169,2025-08-01,S002,P0042,Appliances,Appliances C,67,50,1,116,167.69,167.69
T005170,2026-05-05,S008,P0086,Hardware,Hardware B,52,25,1,76,160.17,160.17
T005171,2025-01-19,S002,P0025,Lawn & Garden,Lawn & Garden C,99,22,4,117,158.08,632.32
T005172,2026-02-24,S009,P0086,lawn & garden,,56,36,1,91,237.1,237.1
T005173,2025-02-01,S014,P0086,Plumbing,Plumbing B,37,51,10,78,168.97,1689.7
T005174,2026-02-21,S002,P0043,Lawn & Garden,Lawn & Garden C,40,14,3,51,146.4,439.2
T005175,2025-08-28,S009,P0092,Building Materials,Building Materials C,82,61,8,135,218.59,1748.72
T005176,2026-06-06,S006,P0055,Plumbing,Plumbing A,32,55,3,84,322.89,968.67
T005177,2025-01-15,S012,P0099,Electrical,Electrical C,53,59,5,107,89.03,445.15
T005178,2025-06-18,S007,P0024,Electrical,Electrical A,33,49,5,77,260.38,1301.9
T005179,2026-01-05,S008,P0092,Lawn & Garden,Lawn & Garden B,119,25,2,142,338.37,676.74
T005180,2025-07-04,S013,P0021,Hardware,Hardware C,27,10,5,32,50.52,252.6
T005181,2026-06-16,S001,P0007,Paint,Paint C,87,40,2,125,94.87,189.74
T005182,2025-10-25,S011,P0088,Building Materials,Building Materials A,29,77,1,105,199.66,199.66
T005183,2025-09-04,S007,P0054,Lawn & Garden,Lawn & Garden C,79,66,2,143,347.41,694.82
T005184,2026-02-04,S009,P0077,Plumbing,Plumbing B,73,58,1,130,78.56,78.56
T005185,2026-05-01,S015,P0014,Paint,Paint A,80,18,2,96,167.45,334.9
T005186,2025-12-23,S009,P0073,Lawn & Garden,Lawn & Garden C,7,48,3,52,17.95,53.85
T005187,2025-07-23,S014,P0007,Hardware,Hardware A,54,37,1,90,323.3,323.3
T005188,2026-05-27,S005,P0023,Electrical,Electrical B,31,10,4,37,140.98,563.92
T005189,2025-02-13,S003,P0075,Hardware,Hardware B,87,72,2,157,208.38,416.76
T005190,2025-05-22,S003,P0005,Plumbing,Plumbing A,12,17,1,28,124.7,124.7
T005191,2025-10-13,S006,P0005,electrical,Electrical A,85,42,1,126,252.56,252.56
T005192,2026-04-08,S008,P0064,Electrical,Electrical A,96,5,3,98,218.16,654.48
T005193,2025-09-05,S013,P0037,Plumbing,Plumbing B,36,30,2,64,182.24,364.48
T005194,2026-03-09,S011,P0035,Building Materials,Building Materials A,104,26,4,126,273.54,1094.16
T005195,2025-12-29,S004,P0033,Hardware,Hardware C,113,61,3,171,156.66,469.98
T005196,2025-03-21,S007,P0080,Paint,Paint B,77,78,1,154,268.62,268.62
T005197,2025-05-20,S011,P0088,Appliances,Appliances A,46,64,1,109,129.65,129.65
T005198,2025-07-30,S008,P0003,Lawn & Garden,Lawn & Garden A,16,42,6,52,99.39,596.34
T005199,2026-05-26,S012,P0080,Paint,Paint C,83,23,1,105,340.62,340.62
T005200,2025-11-04,S014,P0095,Hardware,Hardware B,56,8,9,55,231.7,2085.3
T005201,2026-03-02,S014,P0068,Hardware,Hardware A,5,16,1,20,48.05,48.05
T005202,2026-03-16,S010,P0030,Electrical,Electrical B,47,65,5,107,188.69,943.45
T005203,2025-07-16,S009,P0045,Paint,Paint B,60,17,3,74,180.17,540.51
T005204,2025-02-05,S008,P0024,Paint,Paint A,49,39,1,87,215.23,215.23
T005205,2026-03-26,S015,P0021,Plumbing,Plumbing C,70,3,3,70,334.4,1003.2
T005206,2025-11-11,S008,P0073,Appliances,Appliances B,105,40,1,144,229.84,229.84
T005207,2025-04-30,S014,P0073,Hardware,Hardware C,34,28,2,60,223.66,447.32
T005208,2025-07-13,S006,P0075,Plumbing,Plumbing A,113,9,2,120,66.88,133.76
T005209,2025-02-15,S001,P0001,Lawn & Garden,Lawn & Garden A,7,45,5,47,69.14,345.7
T005210,2026-01-03,S013,P0050,Appliances,Appliances C,3,37,1,39,203.37,203.37
T005211,2025-01-16,S005,P0012,Hardware,Hardware C,103,59,3,159,70.02,210.06
T005212,2025-05-05,S004,P0063,Lawn & Garden,Lawn & Garden A,53,41,5,89,278.37,1391.85
T005213,2026-01-09,S012,P0060,Hardware,Hardware A,117,25,3,139,70.52,211.56
T005214,2025-06-07,S005,P0089,Plumbing,Plumbing B,105,25,4,126,13.34,53.36
T005215,2025-12-24,S014,P0020,Electrical,Electrical A,120,54,3,171,234.07,702.21
T005216,2026-03-18,S007,P0039,Lawn & Garden,Lawn & Garden B,50,32,4,78,137.58,550.32
T005217,2026-06-02,S001,P0040,Appliances,Appliances A,106,1,1,106,327.62,327.62
T005218,2025-09-27,S008,P0025,Lawn & Garden,Lawn & Garden B,12,2,8,6,175.27,1402.16
T005219,2025-07-04,S006,P0019,Plumbing,Plumbing C,87,69,1,155,330.01,330.01
T005220,2025-06-18,S012,P0083,Building Materials,Building Materials A,34,42,3,73,254.47,763.41
T005221,2026-01-13,S009,P0060,Hardware,Hardware B,89,6,1,94,34.85,34.85
T005222,2025-05-06,S015,P0068,Hardware,Hardware A,34,63,2,95,228.29,456.58
T005223,2025-11-05,S011,P0066,Lawn & Garden,Lawn & Garden A,16,50,4,62,105.53,422.12
T005224,2025-08-19,S006,P0012,Paint,Paint B,86,67,9,144,224.61,2021.49
T005225,2025-12-13,S006,P0059,Appliances,Appliances C,65,28,5,88,80.5,402.5
T005226,2025-10-15,S005,P0036,Hardware,Hardware C,40,2,2,40,327.03,654.06
T005227,2026-01-11,S015,P0092,Paint,Paint B,70,39,1,108,299.59,299.59
T005228,2025-11-27,S001,P0059,Appliances,Appliances B,57,31,7,81,302.74,2119.18
T005229,2026-03-09,S004,P0047,Hardware,Hardware A,101,72,2,171,126.33,252.66
T005230,2025-02-08,S003,P0069,Hardware,Hardware A,61,59,4,116,229.37,917.48
T005231,2025-01-01,S012,P0056,Appliances,Appliances B,55,78,2,131,47.61,95.22
T005232,2025-04-13,S014,P0011,Paint,Paint C,73,16,4,85,71.91,287.64
T005233,2026-03-18,S004,P0039,Electrical,Electrical C,2,74,7,69,284.64,1992.48
T005234,2025-04-26,S010,P0034,Plumbing,Plumbing A,75,52,5,122,179.55,897.75
T005235,2026-05-02,S011,P0041,Hardware,Hardware C,32,40,2,70,155.74,311.48
T005236,2025-06-23,S001,P0023,Hardware,Hardware C,73,19,8,84,312.68,2501.44
T005237,2025-07-22,S009,P0045,Appliances,Appliances C,70,58,10,118,248.37,2483.7
T005238,2025-10-24,S002,P0079,Paint,Paint A,44,29,6,67,181.38,1088.28
T005239,2025-07-10,S012,P0057,Building Materials,Building Materials B,103,56,2,157,297.22,594.44
T005240,2025-07-12,S009,P0018,Appliances,Appliances C,84,60,5,139,38.42,192.1
T005241,2025-01-07,S005,P0029,Appliances,Appliances A,117,62,6,173,26.22,157.32
T005242,2025-09-25,S008,,Paint,Paint C,34,67,2,99,30.69,61.38
T005243,2025-04-03,S004,P0030,Appliances,Appliances C,92,15,10,97,226.26,2262.6
T005244,2025-03-23,S012,P0012,Plumbing,Plumbing A,98,73,7,164,293.45,2054.15
T005245,2025-03-21,S003,P0075,Hardware,Hardware B,34,36,2,68,329.15,658.3
T005246,2026-01-22,S009,P0010,Paint,Paint C,39,54,2,91,309.6,619.2
T005247,2025-07-20,S015,P0027,Hardware,Hardware B,56,39,6,89,220.4,1322.4
T005248,2025-04-17,S009,P0038,Hardware,Hardware C,15,77,12,80,348.45,4181.4
T005249,2025-08-18,S009,P0029,Building Materials,Building Materials C,54,15,1,68,136.55,136.55
T005250,2025-03-14,S007,P0018,Hardware,Hardware B,74,15,4,85,241.76,967.04
T005251,2026-04-14,S011,P0058,Appliances,Appliances C,103,54,5,152,294.81,1474.05
T005252,2025-10-31,S012,P0069,Hardware,Hardware B,57,56,7,106,295.24,2066.68
T005253,2026-03-21,S004,P0062,Paint,Paint C,80,64,5,139,278.96,1394.8
T005254,2026-02-26,S003,P0068,Building Materials,Building Materials C,99,60,2,157,258.0,516.0
T005255,2025-10-17,S002,P0089,Paint,Paint C,63,71,1,133,68.09,68.09
T005256,2026-01-12,S014,P0034,Hardware,Hardware A,96,46,2,140,262.41,524.82
T005257,2025-05-19,S004,P0009,Building Materials,Building Materials A,65,56,5,116,226.26,1131.3
T005258,2025-01-16,S012,P0022,Plumbing,Plumbing C,75,44,2,117,330.31,660.62
T005259,2025-08-12,S009,P0008,Lawn & Garden,Lawn & Garden C,104,4,8,100,81.63,653.04
T005260,2025-01-11,S003,P0054,Building Materials,Building Materials C,10,44,3,51,234.48,703.44
T005261,2026-05-19,S015,P0040,Plumbing,Plumbing B,69,36,1,104,9.04,9.04
T005262,2025-06-12,S010,P0038,Lawn & Garden,Lawn & Garden C,74,48,4,118,116.14,464.56
T005263,2025-02-18,S005,P0079,Appliances,Appliances B,80,50,2,128,327.25,654.5
T005264,2025-06-17,S011,P0072,Hardware,Hardware A,91,31,2,120,36.51,73.02
T005265,2026-04-05, S002 ,P0008,Paint,Paint C,59,15,11,63,34.21,376.31
T005266,2025-06-12,S015,P0092,Appliances,Appliances B,116,66,2,180,285.01,570.02
T005267,2025-06-26,S004,P0011,Appliances,Appliances C,50,4,2,52,207.26,414.52
T005268,2025-04-03,S004,P0061,Electrical,Electrical A,61,32,5,88,328.89,1644.45
T005269,2025-11-04,S002,P0042,Plumbing,Plumbing A,110,26,8,128,335.75,2686.0
T005270,2025-11-05,S010,P0096,Appliances,Appliances B,51,24,4,71,232.31,929.24
T005271,2025-11-12,S007,P0066,Electrical,Electrical A,119,37,3,153,26.64,79.92
T005272,2025-01-02,S010,P0009,Appliances,Appliances B,50,33,12,71,133.14,1597.68
T005273,2026-05-07,S009,P0063,Paint,Paint A,26,33,2,57,289.21,578.42
T005274,2025-10-10,S015,P0071,Hardware,Hardware B,8,40,2,46,271.64,543.28
T005275,2025-07-21,S012,P0045,Plumbing,Plumbing A,35,5,2,38,293.05,586.1
T005276,2025-09-21,S012,P0082,Hardware,Hardware B,115,26,4,137,41.63,166.52
T005277,2025-04-17,S007,P0023,Plumbing,Plumbing B,30,66,1,95,342.9,342.9
T005278,2025-04-11,S013,P0074,Building Materials,Building Materials C,6,77,1,82,13.88,13.88
T005279,2025-06-05,S004,P0085,Plumbing,Plumbing B,74,28,2,100,51.46,102.92
T005280,2025-05-03,S012,P0015,Plumbing,Plumbing C,37,73,1,109,65.74,65.74
T005281,2025-08-05,S015,P0001,Appliances,Appliances B,30,68,4,94,67.23,268.92
T005282,2025-06-24,S006,P0035,Appliances,Appliances B,11,63,4,70,176.9,707.6
T005283,2026-05-19,S013,P0080,Appliances,Appliances A,78,19,5,92,169.54,847.7
T005284,2025-09-12,S004,P0094,Electrical,Electrical A,47,31,6,72,36.15,216.9
T005285,2025-05-21,S005,P0092,Electrical,Electrical C,2,34,2,34,291.51,583.02
T005286,2025-04-17,S013,P0035,Hardware,Hardware C,96,54,7,143,177.78,1244.46
T005287,05/12/2025,S005,P0038,Hardware,Hardware C,117,12,7,122,63.08,441.56
T005288,2026-06-20,S014,P0056,Paint,Paint B,89,56,1,144,228.2,228.2
T005289,2025-05-23,S005,P0018,Building Materials,Building Materials B,111,71,3,179,76.38,229.14
T005290,2025-09-15,S005,P0014,Electrical,Electrical A,99,62,1,160,327.38,327.38
T005291,2025-10-12,S008,P0034,electrical,Electrical C,54,39,7,86,38.88,272.16
T005292,2025-11-03,S012,P0086,Appliances,Appliances B,23,44,6,61,244.46,1466.76
T005293,10/03/2025,S009,P0085,Plumbing,Plumbing A,47,15,9,53,102.99,926.91
T005294,2026-04-06,S006,P0062,Plumbing,Plumbing B,91,69,1,159,176.98,176.98
T005295,2026-03-15,S003,P0055,Electrical,Electrical C,90,54,4,140,8.18,32.72
T005296,2026-04-05,S002,P0057,Electrical,Electrical C,70,60,2,128,304.13,608.26
T005297,2025-04-30,S003,P0045,Lawn & Garden,Lawn & Garden C,30,0,1,29,342.5,342.5
T005298,2025-02-18,S003,P0066,Appliances,Appliances C,64,0,6,58,170.08,1020.48
T005299,2025-05-13,S003,P0046,Paint,Paint A,90,75,1,164,9.34,9.34
T005300,2026-05-18,S002,P0073,Building Materials,Building Materials A,62,74,4,132,257.58,1030.32
T005301,2025-03-30,S001,P0003,Plumbing,Plumbing C,21,61,2,80,320.47,640.94
T005302,2026-04-20,S013,P0074,Lawn & Garden,Lawn & Garden C,31,42,3,70,315.89,947.67
T005303,2025-08-05,S007,P0022,Plumbing,Plumbing A,107,21,6,122,87.35,524.1
T005304,2025-02-02,S004,P0002,Hardware,Hardware C,13,44,3,54,43.61,130.83
T005305,2025-01-14,S009,P0065,Lawn & Garden,Lawn & Garden C,73,20,1,92,134.26,134.26
T005306,2025-03-28,S003,P0100,Building Materials,Building Materials C,53,49,11,91,302.16,3323.76
T005307,2026-04-13,S005,P0089,Lawn & Garden,Lawn & Garden B,13,56,2,67,322.07,644.14
T005308,2025-10-30,S012,P0065,Hardware,Hardware A,89,44,1,132,169.16,169.16
T005309,2025-05-30,S010,P0041,Lawn & Garden,Lawn & Garden B,66,26,3,89,181.1,543.3
T005310,2026-03-29,S015,P0070,Paint,Paint B,9,42,1,50,223.02,223.02
T005311,2025-12-14,S010,P0087,Lawn & Garden,Lawn & Garden B,10,74,1,83,282.69,282.69
T005312,2026-04-24,S010,P0012,Plumbing,Plumbing A,90,6,2,94,261.67,523.34
T005313,2025-12-24,S003,P0080,Appliances,Appliances C,22,25,4,43,327.24,1308.96
T005314,2025-11-25,S012,P0069,Lawn & Garden,Lawn & Garden C,53,31,3,81,345.28,1035.84
T005315,2025-08-15,S008,P0070,Appliances,Appliances B,43,38,4,77,45.59,182.36
T005316,2026-06-19,S009,P0098,Lawn & Garden,Lawn & Garden B,76,14,3,87,217.24,651.72
T005317,2025-12-10,S008,P0016,Building Materials,Building Materials A,49,54,7,96,142.72,999.04
T005318,04/07/2026,S001,P0034,Plumbing,Plumbing C,11,72,5,78,8.21,41.05
T005319,2026-02-24,S009,P0032,Building Materials,Building Materials A,34,30,4,60,101.61,406.44
T005320,2025-11-18,S011,P0011,Lawn & Garden,Lawn & Garden C,64,15,7,72,221.88,1553.16
T005321,2025-11-30,S008,P0009,Lawn & Garden,Lawn & Garden A,111,30,7,134,126.45,885.15
T005322,2025-08-07,S006,P0035,Lawn & Garden,Lawn & Garden C,76,26,3,99,95.75,287.25
T005323,2025-02-17,S015,P0078,Appliances,Appliances A,53,75,2,126,334.94,669.88
T005324,2025-08-10,S015,P0025,Building Materials,Building Materials A,75,21,3,93,143.97,431.91
T005325,2025-09-01,S001,P0091,Hardware,Hardware B,72,73,3,142,9.0,27.0
T005326,2025-04-29,S007,P0008,Hardware,Hardware A,13,56,2,67,27.63,55.26
T005327,2025-11-30,S003,P0078,Plumbing,Plumbing A,42,27,3,66,192.79,578.37
T005328,2026-06-30,S010,P0026,Building Materials,Building Materials A,111,55,4,162,187.63,750.52
T005329,2025-09-09,S015,P0033,Hardware,Hardware C,18,52,5,65,44.25,221.25
T005330,2026-01-20,S011,P0091,Paint,Paint A,10,76,8,78,68.14,545.12
T005331,2026-06-22,S008,P0016,Paint,Paint B,91,22,4,109,51.97,207.88
T005332,2025-04-30,S012,P0022,Hardware,Hardware B,112,46,3,155,151.17,453.51
T005333,2025-09-30,S003,P0040,Electrical,Electrical B,100,2,6,96,168.16,1008.96
T005334,2025-12-20,S008,P0078,Hardware,Hardware B,23,43,1,65,177.96,177.96
T005335,2026-03-28,S011,P0073,Plumbing,Plumbing B,50,8,1,57,38.0,38.0
T005336,2025-03-10,S012,P0085,Electrical,Electrical A,75,2,4,73,244.91,979.64
T005337,2026-03-09,S011,P0022,Paint,Paint B,14,53,2,65,57.48,114.96
T005338,2025-08-11,S015,P0075,Plumbing,Plumbing C,115,51,2,164,24.47,48.94
T005339,2025-09-20,S005,P0083,Building Materials,Building Materials A,30,13,1,42,338.84,338.84
T005340,2025-01-10,S015,P0052,Electrical,Electrical C,16,35,7,44,30.47,213.29
T005341,2026-03-23,S006,P0029,Appliances,Appliances C,53,65,1,117,280.72,280.72
T005342,05/03/2025,S013,P0098,Hardware,Hardware B,109,77,5,181,66.59,332.95
T005343,2026-04-18,S008,P0081,Building Materials,Building Materials B,64,8,3,69,125.41,376.23
T005344,2025-07-14,S011,P0043,Plumbing,Plumbing B,105,57,9,153,328.71,2958.39
T005345,2025-05-12,S004,P0028,Paint,Paint A,116,7,6,117,228.13,1368.78
T005346,2025-10-10,S007,P0093,Hardware,Hardware C,99,58,1,156,113.63,113.63
T005347,2025-08-14,S002,P0030,Plumbing,Plumbing A,37,64,5,96,124.32,621.6
T005348,2026-04-17,S004,P0044,Paint,Paint A,33,69,4,98,273.61,1094.44
T005349,2025-06-04,S006,P0015,Building Materials,Building Materials C,75,53,3,125,305.71,917.13
T005350,2026-01-29,S011,P0025,Lawn & Garden,Lawn & Garden A,26,16,5,37,253.78,1268.9
T005351,2026-06-10,S008,P0006,Appliances,Appliances A,111,10,1,120,183.07,183.07
T005352,2026-05-17,S013,P0034,Plumbing,Plumbing C,17,47,3,61,37.96,113.88
T005353,2025-07-19,S001,P0038,Plumbing,Plumbing C,73,9,3,79,34.66,103.98
T005354,2026-01-10,S015,P0061,Hardware,Hardware C,74,48,1,121,140.77,140.77
T005355,2026-05-13,S012,P0016,Building Materials,Building Materials A,46,61,2,105,86.03,172.06
T005356,2026-01-25,S014,P0045,Plumbing,Plumbing C,22,26,2,46,254.62,509.24
T005357,2025-07-02,S004,P0017,Hardware,Hardware A,49,39,4,84,145.63,582.52
T005358,2025-12-31,S013,P0011,Lawn & Garden,Lawn & Garden C,80,20,7,93,220.11,1540.77
T005359,2025-06-15,S013,P0057,Plumbing,Plumbing A,78,74,1,151,294.74,294.74
T005360,2025-09-20,S001,P0017,Paint,Paint C,14,11,4,21,246.85,987.4
T005361,2025-03-18,S002,P0006,Appliances,Appliances C,3,33,2,34,304.99,609.98
T005362,2025-02-17,S010,P0040,Electrical,Electrical B,68,51,6,113,315.28,1891.68
T005363,2026-01-02,S008,P0027,Paint,Paint C,58,67,4,121,70.1,280.4
T005364,2025-06-20,S013,P0044,Building Materials,Building Materials A,67,69,1,135,113.17,113.17
T005365,2026-03-23,S008,P0046,Hardware,Hardware B,27,73,3,97,115.54,346.62
T005366,2025-09-20,S004,P0055,Plumbing,Plumbing A,83,37,3,117,64.84,194.52
T005367,2025-03-09,S007,P0010,Appliances ,Appliances C,86,59,1,144,182.17,182.17
T005368,2025-08-07,S012,P0083,Electrical,Electrical C,73,37,2,108,100.69,201.38
T005369,2025-11-08,S006,P0068,Plumbing,Plumbing C,79,39,3,115,143.12,429.36
T005370,2026-01-12,S003,P0060,Lawn & Garden,Lawn & Garden C,32,16,2,46,208.56,417.12
T005371,2025-03-29,S004,P0035,Lawn & Garden,Lawn & Garden A,100,36,6,130,158.71,952.26
T005372,2025-12-27,S005,P0042,Electrical,Electrical C,81,18,3,96,323.95,971.85
T005373,2026-03-29,S014,P0023,Appliances,Appliances B,56,27,2,81,279.54,559.08
T005374,2025-09-04,S010,P0079,Paint,Paint A,71,50,3,118,95.32,285.96
T005375,2025-08-06,S002,P0073,Plumbing,Plumbing C,84,74,4,154,37.83,151.32
T005376,2025-03-27,S014,P0066,Paint,Paint A,92,41,6,127,310.11,1860.66
T005377,2025-11-26,S001,P0044,Electrical,Electrical A,15,44,3,56,141.79,425.37
T005378,2026-05-30,S007,P0043,Plumbing ,Plumbing C,9,60,4,65,147.19,588.76
T005379,2026-04-19,S003,P0092,Electrical,Electrical A,106,15,5,116,287.76,1438.8
T005380,2025-12-26,S012,P0011,Plumbing,Plumbing B,57,43,1,99,210.73,210.73
T005381,2025-08-06,S009,P0032,Electrical,Electrical B,42,0,6,36,118.92,713.52
T005382,2026-06-18,S009,P0083,Electrical,Electrical C,10,16,1,25,42.25,42.25
T005383,2026-06-17,S012,P0080,Building Materials,Building Materials A,89,19,3,105,349.04,1047.12
T005384,2025-11-13,S013,P0009,Hardware,Hardware B,100,75,3,172,147.38,442.14
T005385,2026-06-28,S012,P0026,Lawn & Garden,Lawn & Garden A,48,52,3,97,197.02,591.06
T005386,2026-05-08,S004,P0063,Electrical,Electrical C,74,52,1,125,299.5,299.5
T005387,2025-04-29,S002,P0019,Building Materials,Building Materials B,24,6,1,29,121.69,121.69
T005388,2026-03-19,S005,P0094,Hardware,Hardware B,59,7,2,64,206.87,413.74
T005389,2025-01-24,S011,P0027,Appliances,Appliances B,23,15,4,34,184.14,736.56
T005390,2026-05-21,S001,P0024,Plumbing,Plumbing B,29,20,8,41,136.24,1089.92
T005391,2025-11-29,S006,P0046,Appliances,Appliances A,118,76,4,190,140.53,562.12
T005392,2025-08-02,S007,P0094,Appliances,Appliances B,71,64,1,134,62.37,62.37
T005393,2025-06-03,S014,P0094,Lawn & Garden,Lawn & Garden C,93,52,2,143,338.98,677.96
T005394,2026-02-14,S011,P0081,Electrical,Electrical C,44,36,2,78,69.57,139.14
T005395,2025-08-05,S007,P0096,Appliances,Appliances B,97,12,7,102,304.9,2134.3
T005396,2025-01-19,S011,P0059,Building Materials,Building Materials B,90,17,4,103,319.97,1279.88
T005397,2025-12-24,S003,P0007,Paint,Paint C,100,0,1,99,108.48,108.48
T005398,2026-03-30,S012,P0061,Lawn & Garden,Lawn & Garden C,6,33,2,37,296.92,593.84
T005399,2025-01-26,S006,P0095,Plumbing,Plumbing B,105,37,5,137,66.37,331.85
T005400,2025-04-18,S005,P0099,Hardware,Hardware A,87,65,3,149,97.01,291.03
T005401,2025-12-24,S006,P0010,Paint,Paint B,106,20,3,123,216.58,649.74
T005402,2025-02-04,S002,P0081,Hardware,Hardware C,86,1,2,85,187.04,374.08
T005403,2025-01-12,S010,P0100,Paint,Paint C,99,76,5,170,113.97,569.85
T005404,2025-07-10,S015,P0099,Lawn & Garden,Lawn & Garden B,112,48,2,158,55.4,110.8
T005405,2025-09-05,S008,P0100,Electrical,Electrical B,97,56,2,151,259.36,518.72
T005406,2026-01-22,S004,P0038,Hardware,Hardware A,90,14,6,98,231.35,1388.1
T005407,2026-01-16,S005,P0018,Appliances,Appliances B,66,63,1,128,48.24,48.24
T005408,2025-10-07,S012,P0094,Building Materials,Building Materials A,1,15,1,15,119.03,119.03
T005409,2026-06-20,S012,P0026,Appliances,Appliances B,98,8,1,105,203.49,203.49
T005410,2025-03-25,S008,P0083,Plumbing,Plumbing B,89,71,6,154,167.86,1007.16
T005411,2025-10-08,S004,P0017,Plumbing,Plumbing C,94,8,3,99,27.32,81.96
T005412,2026-05-05,S001,P0096,Lawn & Garden,Lawn & Garden A,5,74,1,78,264.3,264.3
T005413,2025-07-17,S012,P0053,Electrical,Electrical A,22,39,1,60,120.88,120.88
T005414,2025-04-21,S006,P0081,Plumbing,Plumbing C,51,55,6,100,107.94,647.64
T005415,2025-06-28,S008,P0074,Building Materials,Building Materials A,99,30,1,128,276.03,276.03
T005416,2025-01-27,S015,P0066,Hardware,Hardware C,105,38,1,142,90.36,90.36
T005417,2026-01-04,S009,P0006,Building Materials,Building Materials C,2,25,2,25,313.6,627.2
T005418,2026-05-29,S003,P0006,Lawn & Garden,Lawn & Garden B,119,19,4,134,103.25,413.0
T005419,2025-10-10,S015,P0080,Electrical,Electrical A,86,37,2,121,242.15,484.3
T005420,2025-12-01,S006,P0011,Building Materials,Building Materials B,21,51,1,71,224.48,224.48
T005421,2025-05-13,S011,P0032,Lawn & Garden,Lawn & Garden A,87,2,5,84,11.89,59.45
T005422,2026-03-08,S008,P0082,paint,Paint C,34,54,5,83,55.51,277.55
T005423,2025-07-05,S002,P0022,Building Materials,Building Materials C,51,79,9,121,195.28,1757.52
T005424,2025-08-11,S015,P0100,Building Materials,Building Materials C,29,21,4,46,314.51,1258.04
T005425,2026-02-06,S009,P0008,Building Materials,Building Materials C,82,10,1,91,187.56,187.56
T005426,2025-06-20,S003,P0086,Building Materials,Building Materials C,16,22,8,30,334.8,2678.4
T005427,2026-02-09,S010,P0016,Lawn & Garden,Lawn & Garden C,5,65,2,68,160.09,320.18
T005428,2025-04-24,S011,P0031,Building Materials,Building Materials B,88,40,5,123,328.38,1641.9
T005429,2025-12-20,S006,P0085,Plumbing,Plumbing B,16,19,8,27,96.02,768.16
T005430,2026-05-20,S013,P0034,Electrical,Electrical A,84,43,3,124,318.73,956.19
T005431,2025-09-17,S014,P0066,Plumbing,Plumbing B,67,27,3,91,229.53,688.59
T005432,2025-02-21,S015,P0097,Appliances,Appliances B,106,70,4,172,233.29,933.16
T005433,2026-03-22,S011,P0096,Hardware,Hardware B,64,45,4,105,268.08,1072.32
T005434,2025-11-21,S014,P0060,Building Materials,Building Materials A,28,64,6,86,87.55,525.3
T005435,2025-09-10,S012,P0069,Paint,Paint C,37,7,2,42,320.77,641.54
T005436,2026-01-24,S002,P0098,Lawn & Garden,Lawn & Garden A,94,67,3,158,166.46,499.38
T005437,2026-02-15,S005,P0020,Lawn & Garden,Lawn & Garden A,102,78,2,178,308.72,617.44
T005438,2025-12-02,S002,P0055,Plumbing,Plumbing B,114,57,2,169,253.09,506.18
T005439,2025-01-24,S002,P0009,Hardware,Hardware B,42,50,1,91,226.22,226.22
T005440,2025-02-14,S008,P0054,Paint,Paint B,33,77,2,108,304.34,608.68
T005441,2026-05-18,S012,P0016,Hardware,Hardware B,66,65,1,130,222.74,222.74
T005442,2025-05-19,S011,P0029,Paint,Paint C,117,1,6,112,8.66,51.96
T005443,2025-05-04,S006,P0100,Paint,Paint B,2,25,5,22,278.18,1390.9
T005444,2025-01-11,S013,P0025,Electrical,Electrical B,105,31,3,133,78.38,235.14
T005445,2026-01-14,S001,P0089,Plumbing,Plumbing B,65,80,3,142,196.38,589.14
T005446,2026-05-26,S006,P0090,Lawn & Garden,Lawn & Garden C,17,22,1,38,166.16,166.16
T005447,2025-05-27,S004,P0067,Plumbing,Plumbing C,108,69,3,174,234.68,704.04
T005448,2025-07-02,S005,P0004,Hardware,Hardware B,116,25,7,134,200.13,1400.91
T005449,2025-03-11,S013,P0074,Electrical,Electrical C,5,59,7,57,142.38,996.66
T005450,2025-09-20,S014,P0035,Electrical,Electrical C,69,44,9,104,29.98,269.82
T005451,2025-06-29,S006,P0042,Hardware,Hardware A,13,64,6,71,13.04,78.24
T005452,2025-06-29,S001,P0029,Building Materials,Building Materials A,60,23,4,79,227.1,908.4
T005453,2025-12-19,S008,P0022,Plumbing,Plumbing C,114,18,5,127,340.13,1700.65
T005454,2025-03-11,S007,P0094,Hardware,Hardware A,53,59,1,111,193.41,193.41
T005455,2026-03-28,S002,P0060,Paint,Paint C,35,52,5,82,182.05,910.25
T005456,2025-12-06,S015,P0082,Hardware,Hardware B,96,7,6,97,314.64,1887.84
T005457,2026-03-24,S010,P0081,Lawn & Garden,Lawn & Garden B,88,37,3,122,40.1,120.3
T005458,2025-04-06,S008,P0098,hardware,Hardware A,2,41,3,40,141.24,423.72
T005459,2025-03-07,S013,P0011,Appliances,Appliances A,108,60,2,166,18.93,37.86
T005460,2025-06-10,S007,P0094,Building Materials,Building Materials B,9,75,3,81,226.66,679.98
T005461,2025-07-10,S001,P0041,Paint,Paint C,25,29,3,51,38.25,114.75
T005462,2025-10-26,S005,P0048,Paint,Paint C,36,36,4,68,127.71,510.84
T005463,2025-06-28,S005,P0038,Plumbing,Plumbing B,93,58,1,150,287.22,287.22
T005464,2026-02-06, S007 ,P0072,Hardware,Hardware C,95,33,1,127,271.58,271.58
T005465,2026-04-29,S010,P0055,Lawn & Garden,Lawn & Garden A,48,10,5,53,73.35,366.75
T005466,2025-07-29,S009,P0004,Hardware,Hardware C,63,72,4,131,301.97,1207.88
T005467,2025-03-26,S015,P0021,Hardware,Hardware A,117,71,1,187,116.1,116.1
T005468,2026-02-03,S003,P0022,Paint,Paint B,94,13,3,104,266.53,799.59
T005469,2026-06-04,S005,P0037,Building Materials,Building Materials B,102,69,10,161,237.98,2379.8
T005470,2025-04-12,S006,P0022,Paint,Paint A,33,31,1,63,27.96,27.96
T005471,2025-05-01,S005,P0020,Hardware,Hardware C,53,55,1,107,143.89,143.89
T005472,2025-04-10,S003,P0063,Lawn & Garden,Lawn & Garden C,78,78,1,155,99.14,99.14
T005473,2026-03-02,S009,P0088,Plumbing,Plumbing B,38,13,12,39,189.41,2272.92
T005474,2025-04-13,S005,P0072,Plumbing,Plumbing B,19,0,1,18,31.35,31.35
T005475,2025-12-25,S013,P0032,Lawn & Garden,Lawn & Garden B,72,33,2,103,39.19,78.38
T005476,2025-12-22,S013,P0082,Lawn & Garden,Lawn & Garden A,6,12,4,14,245.35,981.4
T005477,2026-05-01,S003,P0022,Plumbing,Plumbing B,93,41,4,130,169.63,678.52
T005478,2025-05-01,S003,P0085,Plumbing,Plumbing A,21,47,2,66,335.9,671.8
T005479,2025-11-19,S001,P0081,Building Materials,Building Materials C,73,40,8,105,12.57,100.56
T005480,2026-03-27,S004,P0020,Lawn & Garden,Lawn & Garden B,62,66,5,123,159.07,795.35
T005481,2026-02-21,S009,P0026,Appliances,Appliances B,51,61,1,111,153.76,153.76
T005482,2025-02-09,S004,P0059,Hardware,Hardware C,79,14,1,92,54.59,54.59
T005483,2025-10-20,S011,P0082,Plumbing,Plumbing B,3,23,3,23,111.87,335.61
T005484,2025-01-20,S014,P0086,Electrical,Electrical C,71,38,5,104,186.72,933.6
T005485,2025-08-18,S012,P0042,Hardware,Hardware A,17,75,10,82,250.5,2505.0
T005486,2025-11-04,S011,P0066,Hardware,Hardware A,31,69,4,96,150.11,600.44
T005487,2026-05-01,S011,P0001,Plumbing,Plumbing B,85,13,2,96,86.27,172.54
T005488,2025-03-09,S009,P0005,Paint,Paint B,25,9,7,27,119.7,837.9
T005489,2025-04-17,S003,P0099,Hardware,Hardware B,68,77,7,138,25.15,176.05
T005490,2025-07-19,S010,P0061,Lawn & Garden,Lawn & Garden C,68,65,5,128,171.09,855.45
T005491,2026-02-19,S002,P0043,Appliances,Appliances C,96,64,1,159,195.82,195.82
T005492,2025-07-05,S008,P0011,Paint,Paint B,97,41,2,136,347.99,695.98
T005493,2026-04-19,S007,P0003,Appliances,Appliances C,101,43,2,142,271.3,542.6
T005494,2026-01-18,S005,P0054,Plumbing,Plumbing C,21,59,5,75,87.22,436.1
T005495,2025-11-26,S006,P0055,Building Materials,Building Materials B,116,10,1,125,163.25,163.25
T005496,2026-02-04,S015,P0052,Plumbing,Plumbing C,10,69,2,77,201.06,402.12
T005497,2025-06-03,S001,P0004,Lawn & Garden,Lawn & Garden B,30,13,3,40,95.16,285.48
T005498,2026-02-23,S007,P0006,Paint,Paint B,72,25,2,95,225.03,450.06
T005499,2025-08-04,S009,P0066,Building Materials,Building Materials C,29,11,9,31,282.3,2540.7
T005500,2026-06-08, S015 ,P0042,Lawn & Garden,Lawn & Garden C,102,80,6,176,64.29,385.74
T005501,2026-03-22,S004,P0042,Electrical,Electrical B,117,11,6,122,216.81,1300.86
T005502,2025-03-26,S001,P0001,Appliances,Appliances A,95,53,2,146,314.39,628.78
T005503,2026-06-08,S013,P0052,Electrical,Electrical B,117,74,3,188,245.37,736.11
T005504,2026-05-13,S007,P0100,Electrical,Electrical A,93,77,1,169,58.52,58.52
T005505,2025-03-29,S003,P0020,Plumbing,Plumbing C,25,47,1,71,47.82,47.82
T005506,2026-05-08,S010,P0010,Hardware,Hardware B,116,14,6,124,262.9,1577.4
T005507,2025-08-06,S001,P0068,Appliances,Appliances C,96,60,5,151,24.57,122.85
T005508,10/28/2025,S007,P0040,Appliances,Appliances C,71,48,1,118,83.6,83.6
T005509,2025-07-27,S015,P0013,Building Materials,Building Materials A,109,40,3,146,84.14,252.42
T005510,2025-04-16,S005,P0063,Appliances,Appliances C,96,28,1,123,18.2,18.2
T005511,2026-02-23,S007,P0089,Lawn & Garden,Lawn & Garden C,23,24,4,43,205.57,822.28
T005512,2025-05-14,S009,P0057,Hardware,Hardware A,67,37,1,103,62.5,62.5
T005513,2026-01-04,S015,P0047,Electrical,Electrical C,2,8,3,7,235.91,707.73
T005514,2025-03-24,S015,P0034,Paint,Paint C,44,16,10,50,252.49,2524.9
T005515,2025-01-08,S013,P0011,Lawn & Garden,Lawn & Garden B,72,62,1,133,132.76,132.76
T005516,2025-09-20,S011,P0047,paint,Paint C,33,40,4,69,202.12,808.48
T005517,2025-07-29,S009,P0065,Paint,Paint B,57,9,3,63,8.56,25.68
T005518,2025-05-15,S003,P0009,Appliances,Appliances A,52,69,1,120,19.59,19.59
T005519,2025-03-03,S005,P0068,Lawn & Garden,Lawn & Garden B,22,44,1,65,115.29,115.29
T005520,2026-01-28,S003,P0019,Building Materials,Building Materials C,95,41,4,132,26.86,107.44
T005521,2025-12-22,S008,P0049,Building Materials,Building Materials C,79,27,2,104,258.39,516.78
T005522,2025-02-03,S001,P0060,Plumbing,Plumbing B,66,63,8,121,93.91,751.28
T005523,2025-07-12,S011,P0072,Lawn & Garden,Lawn & Garden C,113,42,4,151,311.13,1244.52
T005524,2026-04-21,S001,P0062,Appliances,Appliances B,89,0,1,88,186.2,186.2
T005525,2025-06-24,S006,P0047,Building Materials,Building Materials C,107,39,6,140,61.91,371.46
T005526,2025-06-15,S006,P0017,Appliances,Appliances B,26,38,6,58,306.23,1837.38
T005527,2025-05-21,S014,P0030,Appliances,Appliances A,52,32,4,80,96.94,387.76
T005528,2026-06-27,S013,P0008,Lawn & Garden,Lawn & Garden B,115,10,5,120,260.96,1304.8
T005529,2025-04-18,S014,P0006,Appliances,Appliances C,35,34,4,65,326.47,1305.88
T005530,2025-02-24,S010,P0075,Plumbing,Plumbing A,5,74,7,72,288.42,2018.94
T005531,2026-05-08,S009,P0052,Electrical,Electrical C,47,41,7,81,188.14,1316.98
T005532,2026-04-21,S007,P0057,Lawn & Garden,Lawn & Garden B,46,55,1,100,167.91,167.91
T005533,2025-06-29,S008,P0064,Electrical,Electrical A,26,18,1,43,37.56,37.56
T005534,2025-10-14,S014,P0018,Building Materials,Building Materials A,49,7,2,54,38.84,77.68
T005535,2025-04-15,S010,P0036,Lawn & Garden,Lawn & Garden B,36,23,5,54,33.89,169.45
T005536,2026-04-13,S008,P0064,Lawn & Garden,Lawn & Garden A,32,6,7,31,49.11,343.77
T005537,2026-01-20,S013,P0019,Building Materials,Building Materials A,43,44,2,85,322.6,645.2
T005538,2026-05-10,S011,P0060,Hardware,Hardware A,99,55,2,152,29.34,58.68
T005539,2026-03-18,S005,P0046,Plumbing,Plumbing C,109,79,2,186,279.88,559.76
T005540,2026-05-17,S011,P0029,Appliances,Appliances C,62,65,3,124,91.74,275.22
T005541,2025-11-16,S014,P0082,Building Materials,Building Materials C,90,25,3,112,187.21,561.63
T005542,2025-11-17,S006,P0004,Hardware,Hardware A,91,44,2,133,41.91,83.82
T005543,2025-11-03,S011,P0077,Lawn & Garden,Lawn & Garden A,51,77,2,126,200.34,400.68
T005544,2025-01-29,S008,P0009,Appliances,Appliances C,106,16,4,118,179.96,719.84
T005545,2026-03-01,S004,P0065,Paint,Paint A,51,21,1,71,129.79,129.79
T005546,2025-03-12,S002,P0100,Hardware,Hardware C,61,53,10,104,270.74,2707.4
T005547,2026-02-20,S013,P0071,Building Materials,Building Materials C,8,77,5,80,328.89,1644.45
T005548,2025-01-02,S003,P0089,Paint,Paint A,90,13,8,95,67.2,537.6
T005549,2025-12-15,S006,P0058,Lawn & Garden,Lawn & Garden A,23,30,1,52,49.19,49.19
T005550,2025-03-04,S007,P0042,Paint,Paint B,26,10,2,34,334.66,669.32
T005551,2025-10-14,S004,P0051,Plumbing,Plumbing A,67,49,1,115,278.33,278.33
T005552,2026-05-22,S014,P0069,Building Materials,Building Materials B,40,38,3,75,14.84,44.52
T005553,2025-08-16,S003,P0013,Electrical,Electrical B,0,73,3,70,316.51,949.53
T005554,2025-01-22,S005,P0044,Paint,Paint A,109,52,4,157,161.76,647.04
T005555,2026-01-29,S003,P0089,Paint,Paint C,52,70,1,121,100.35,100.35
T005556,2025-08-28,S010,P0097,Electrical,Electrical C,99,59,3,155,230.32,690.96
T005557,2026-06-29,S012,P0033,Electrical,Electrical C,35,42,4,73,347.24,1388.96
T005558,2026-05-11,S011,P0049,Appliances,Appliances A,6,54,4,56,40.76,163.04
T005559,2025-07-16,S012,P0097,Paint,Paint B,34,44,2,76,95.02,190.04
T005560,2026-03-27,S005,P0063,Paint,Paint A,106,0,11,95,30.35,333.85
T005561,2025-10-11,S004,P0038,Plumbing,Plumbing C,2,66,2,66,175.56,351.12
T005562,2025-10-04,S013,P0024,Building Materials,Building Materials B,43,26,3,66,344.34,1033.02
T005563,2026-06-19,S009,P0054,Lawn & Garden,Lawn & Garden C,83,24,2,105,295.01,590.02
T005564,2025-08-15,S001,P0044,building materials,Building Materials A,57,33,2,88,160.97,321.94
T005565,2025-09-18,S014,P0063,Appliances,Appliances A,113,1,5,109,325.31,1626.55
T005566,2025-12-10,S003,P0018,Building Materials,Building Materials A,113,80,1,192,298.45,298.45
T005567,2025-11-09,S011,P0002,Building Materials,Building Materials A,35,17,5,47,234.31,1171.55
T005568,2026-05-06,S004,P0082,Lawn & Garden,Lawn & Garden B,98,26,3,121,135.54,406.62
T005569,2026-02-26,S009,P0031,Building Materials,Building Materials B,72,35,2,105,137.13,274.26
T005570,2025-11-08,S002,P0079,Lawn & Garden,Lawn & Garden C,88,41,1,128,172.03,172.03
T005571,2025-11-14,S013,P0038,Electrical,Electrical C,89,20,3,106,117.69,353.07
T005572,2025-11-16,S009,P0020,Building Materials,Building Materials A,69,67,5,131,180.19,900.95
T005573,2025-09-07,S003,P0039,Plumbing,Plumbing C,77,10,3,84,285.18,855.54
T005574,2025-10-30,S013,P0078,Hardware,Hardware B,45,33,3,75,9.95,29.85
T005575,2025-09-24,S014,P0005,Hardware,Hardware B,63,50,2,111,227.91,455.82
T005576,2025-10-08,S015,P0077,Appliances,Appliances B,28,44,2,70,129.91,259.82
T005577,2025-06-18,S004,P0073,Building Materials,Building Materials B,41,54,1,94,236.01,236.01
T005578,2025-08-07,S010,P0007,Plumbing,Plumbing B,4,43,5,42,174.53,872.65
T005579,2026-03-20,S003,P0011,Electrical,Electrical C,87,27,3,111,321.05,963.15
T005580,2026-05-13,S014,P0075,Hardware,Hardware C,99,26,5,120,258.34,1291.7
T005581,2025-04-14,S011,P0037,Lawn & Garden,Lawn & Garden A,27,43,2,68,324.61,649.22
T005582,2025-08-19,S013,P0011,Paint,Paint A,88,65,2,151,248.01,496.02
T005583,2026-04-04,S007,,Plumbing,Plumbing C,25,16,1,40,321.56,321.56
T005584,2025-09-17,S014,P0033,Appliances,Appliances C,18,50,1,67,195.61,195.61
T005585,2026-04-24,S001,P0088,Paint,Paint A,92,73,3,162,125.25,375.75
T005586,2025-10-06,S010,P0010,Appliances,Appliances C,97,74,1,170,283.66,283.66
T005587,2025-11-23,S013,P0085,Appliances,Appliances A,36,21,4,53,320.98,1283.92
T005588,2025-01-30,S006,P0038,Appliances,Appliances A,67,42,2,107,293.46,586.92
T005589,2025-08-12,S008,P0084,Appliances,Appliances C,95,30,13,112,47.42,616.46
T005590,2025-04-30,S001,P0005,Electrical,Electrical C,118,22,3,137,304.96,914.88
T005591,2025-06-04,S011,P0070,Electrical,Electrical B,72,73,5,140,236.29,1181.45
T005592,2025-08-22,S011,P0013,Electrical,Electrical A,1,70,1,70,183.1,183.1
T005593,2025-05-13,S010,P0095,Electrical,Electrical C,2,27,7,22,161.54,1130.78
T005594,2025-06-03,S011,P0096,Lawn & Garden,Lawn & Garden A,46,72,7,111,84.0,588.0
T005595,2026-02-12,S011,P0080,Appliances,Appliances C,53,36,6,83,253.58,1521.48
T005596,2025-06-29,S003,P0011,Building Materials,Building Materials B,4,44,11,37,202.76,2230.36
T005597,2026-02-06,S008,P0019,Building Materials,Building Materials A,50,34,1,83,122.25,122.25
T005598,2026-06-15,S008,P0069,Appliances,Appliances C,13,55,5,63,117.55,587.75
T005599,2025-11-06,S008,P0065,Appliances,Appliances C,72,55,1,126,281.98,281.98
T005600,2026-06-11,S013,P0032,Plumbing,Plumbing C,80,45,1,124,305.6,305.6
T005601,2025-12-13,S015,P0071,Plumbing ,Plumbing B,100,56,3,153,163.45,490.35
T005602,2026-04-07,S006,P0099,Plumbing,Plumbing A,5,29,3,31,217.7,653.1
T005603,2025-08-02,S007,P0017,Paint,Paint A,69,50,3,116,92.78,278.34
T005604,2025-10-20,S014,P0017,plumbing,Plumbing C,50,68,1,117,72.73,72.73
T005605,2025-03-23,S002,P0060,Lawn & Garden,Lawn & Garden B,112,69,3,178,118.11,354.33
T005606,2025-05-31,S005,P0006,Plumbing,Plumbing B,41,48,3,86,123.54,370.62
T005607,2025-08-03,S004,P0051,Paint,Paint C,14,26,1,39,236.22,236.22
T005608,2025-06-30,S014,P0027,Appliances,Appliances B,23,12,8,27,339.08,2712.64
T005609,2025-07-10,S005,P0004,Paint,Paint C,120,27,10,137,160.52,1605.2
T005610,2025-07-25,S013,P0043,Hardware,Hardware C,119,27,3,143,202.56,607.68
T005611,2025-01-08,S003,P0011,Lawn & Garden,Lawn & Garden A,87,79,1,165,209.66,209.66
T005612,2026-03-31,S012,P0002,Electrical,Electrical B,112,34,3,143,310.12,930.36
T005613,2026-04-29,S005,P0091,Lawn & Garden,Lawn & Garden C,10,28,7,31,34.77,243.39
T005614,2026-03-09,S005,P0096,Lawn & Garden,Lawn & Garden A,18,55,3,70,194.74,584.22
T005615,2025-08-12,S009,P0032,Building Materials,Building Materials A,95,58,3,150,321.9,965.7
T005616,2025-03-13,S012,P0039,Appliances,Appliances B,52,9,5,56,178.64,893.2
T005617,2025-11-24,S002,P0069,Lawn & Garden,Lawn & Garden A,1,50,13,38,228.66,2972.58
T005618,2025-07-08,S015,P0022,Building Materials,Building Materials A,62,64,4,122,261.93,1047.72
T005619,2025-08-04,S011,P0083,Building Materials,Building Materials A,101,4,3,102,29.97,89.91
T005620,2025-01-08,S003,P0062,Building Materials,Building Materials A,18,63,8,73,256.75,2054.0
T005621,2025-04-03,S015,P0080,Plumbing,Plumbing B,0,65,4,61,99.47,397.88
T005622,2025-06-05,S004,P0044,Hardware,Hardware B,76,38,10,104,55.42,554.2
T005623,2026-05-27,S003,P0006,Building Materials,Building Materials C,85,24,1,108,52.66,52.66
T005624,2025-04-06,S005,P0002,Paint,Paint A,56,73,1,128,260.72,260.72
T005625,2025-04-03,S011,P0004,Paint,Paint A,38,18,1,55,344.22,344.22
T005626,2025-02-27,S013,P0049,Building Materials,Building Materials B,37,36,6,67,295.13,1770.78
T005627,2026-03-19,S015,P0087,Lawn & Garden,Lawn & Garden C,88,60,4,144,149.94,599.76
T005628,2026-03-04,S012,P0017,Plumbing,Plumbing A,98,75,2,171,111.07,222.14
T005629,2025-04-06,S015,P0089,Electrical,Electrical A,3,67,4,66,24.06,96.24
T005630,2025-08-05,S007,P0007,Electrical,Electrical A,52,71,6,117,47.61,285.66
T005631,2025-06-05,S009,P0065,Appliances,Appliances A,116,53,2,167,114.02,228.04
T005632,2026-01-18,S009,P0006,Electrical,Electrical C,94,42,5,131,228.1,1140.5
T005633,2025-09-23,S013,P0017,Appliances,Appliances B,107,2,2,107,171.94,343.88
T005634,2025-12-06,S007,P0017,Building Materials,Building Materials A,95,66,1,160,64.57,64.57
T005635,2025-11-26,S011,P0071,Appliances,Appliances A,9,7,3,13,241.7,725.1
T005636,2025-08-08,S009,P0041,Building Materials,Building Materials A,109,3,1,111,121.08,121.08
T005637,2026-01-14,S015,P0061,Appliances,Appliances C,111,67,2,176,329.06,658.12
T005638,2025-04-09,S002,P0049,Electrical,Electrical A,35,28,3,60,124.86,374.58
T005639,2026-05-31,S003,P0074,Plumbing,Plumbing B,85,40,1,124,290.04,290.04
T005640,2025-08-27,S004,P0026,Appliances,Appliances B,27,5,5,27,287.29,1436.45
T005641,2025-03-25,S002,P0065,Electrical,Electrical C,44,30,2,72,183.62,367.24
T005642,2026-01-05,S011,P0069,Appliances,Appliances C,102,76,5,173,264.21,1321.05
T005643,2025-09-15,S004,P0100,Hardware,Hardware A,8,22,3,27,89.47,268.41
T005644,2026-01-26,S014,P0095,Plumbing,Plumbing B,99,70,2,167,123.0,246.0
T005645,2025-01-10,S009,P0082,Appliances,Appliances B,90,38,1,127,72.98,72.98
T005646,2025-06-06,S010,P0058,Electrical,Electrical A,23,35,3,55,80.62,241.86
T005647,2025-04-12,S007,P0033,Appliances,Appliances C,14,33,3,44,65.2,195.6
T005648,2025-10-09,S001,P0003,Hardware,Hardware B,102,53,4,151,277.57,1110.28
T005649,2025-08-14,S002,P0100,Plumbing,Plumbing B,39,77,4,112,283.36,1133.44
T005650,2025-08-15,S013,P0084,Building Materials,Building Materials C,110,41,1,150,276.86,276.86
T005651,2026-01-20,S013,P0013,Building Materials,Building Materials C,2,6,6,2,62.23,373.38
T005652,2025-12-09,S002,P0070,Lawn & Garden,Lawn & Garden A,81,5,4,82,125.53,502.12
T005653,2026-06-28,S008,P0076,Electrical,Electrical C,90,66,3,153,174.99,524.97
T005654,2025-02-08,S014,P0091,Building Materials,Building Materials B,14,38,4,48,114.29,457.16
T005655,2026-02-01,S004,P0093,Paint,Paint B,62,59,4,117,307.36,1229.44
T005656,2025-07-23,S011,P0080,Plumbing,Plumbing A,47,10,11,46,9.96,109.56
T005657,2025-09-15,S014,P0046,Paint,Paint A,29,1,2,28,259.98,519.96
T005658,2026-06-08,S012,P0019,Hardware,Hardware C,37,28,2,63,168.89,337.78
T005659,09/27/2025,S015,P0081,Appliances,Appliances A,29,2,1,30,216.39,216.39
T005660,2025-04-03,S002,P0009,Paint,Paint B,44,47,1,90,12.26,12.26
T005661,2026-03-03,S005,P0028,Lawn & Garden,Lawn & Garden B,120,36,4,152,260.9,1043.6
T005662,2026-05-06,S015,P0044,Electrical,Electrical A,18,29,11,36,279.13,3070.43
T005663,2026-02-08,S004,P0011,Hardware,Hardware C,113,41,2,152,37.15,74.3
T005664,2025-05-27,S002,P0063,Electrical,Electrical B,43,37,7,73,84.36,590.52
T005665,2025-08-08,S015,P0098,Paint,Paint C,105,69,2,172,318.77,637.54
T005666,2026-06-22,S013,P0029,Building Materials,Building Materials A,39,78,7,110,172.66,1208.62
T005667,2025-10-27,S003,P0004,Hardware,Hardware B,41,78,4,115,125.26,501.04
T005668,2025-09-11,S001,P0016,Lawn & Garden,Lawn & Garden A,82,35,3,114,180.5,541.5
T005669,2025-04-06,S004,P0033,Paint,Paint C,22,60,2,80,186.51,373.02
T005670,2025-02-17,S010,P0076,Electrical,Electrical C,11,68,3,76,103.79,311.37
T005671,2025-03-09,S004,P0093,Plumbing,Plumbing A,4,52,6,50,109.3,655.8
T005672,2025-08-26,S006,P0028,Electrical,Electrical B,92,31,1,122,72.68,72.68
T005673,2026-02-05,S005,P0025,Paint,Paint C,33,14,3,44,48.92,146.76
T005674,2025-04-24,S001,P0072,Paint,Paint B,72,17,3,86,321.01,963.03
T005675,2026-03-16,S006,P0054,building materials,Building Materials C,89,13,5,97,224.91,1124.55
T005676,2025-07-04,S008,P0099,Electrical,Electrical B,35,47,3,79,232.93,698.79
T005677,2025-06-03,S001,P0048,Hardware,Hardware B,29,60,2,87,305.77,611.54
T005678,2025-07-26,S013,P0048,Building Materials,Building Materials B,12,37,4,45,46.39,185.56
T005679,2025-12-03,S004,P0068,Plumbing,Plumbing A,98,69,7,160,96.0,672.0
T005680,2025-07-01,S006,P0052,Paint,Paint B,63,36,4,95,330.35,1321.4
T005681,2026-05-18,S006,P0030,Building Materials,Building Materials A,66,31,3,94,144.82,434.46
T005682,2025-10-14,S001,P0100,Lawn & Garden,Lawn & Garden A,87,74,3,158,269.54,808.62
T005683,2026-02-05,S008,P0036,Plumbing,Plumbing C,46,28,1,73,328.46,328.46
T005684,2025-04-18,S006,P0095,Electrical,Electrical A,53,17,5,65,249.1,1245.5
T005685,2025-06-11,S012,P0053,Hardware,Hardware A,55,8,1,62,38.72,38.72
T005686,2025-05-26,S012,P0016,Paint,Paint C,98,57,2,153,164.5,329.0
T005687,2026-05-14,S012,P0062,Building Materials,Building Materials A,43,28,2,69,270.67,541.34
T005688,2026-04-13,S002,P0077,Paint,Paint B,51,19,2,68,55.07,110.14
T005689,2025-02-21,S007,P0097,Building Materials,Building Materials A,59,75,1,133,21.21,21.21
T005690,2025-03-20,S009,P0061,Hardware,Hardware A,46,53,1,98,235.2,235.2
T005691,2025-04-16,S007,P0095,Building Materials,Building Materials B,110,73,1,182,227.81,227.81
T005692,2025-02-19,S014,P0046,Paint,Paint C,27,38,9,56,221.63,1994.67
T005693,2025-01-03,S010,P0005,Electrical,Electrical B,33,58,2,89,218.89,437.78
T005694,2026-02-13,S015,P0100,Plumbing,Plumbing C,109,52,2,159,41.92,83.84
T005695,2025-02-11,S008,P0070,Lawn & Garden,Lawn & Garden A,69,49,11,107,202.77,2230.47
T005696,2026-04-09,S004,P0055,Lawn & Garden,Lawn & Garden B,110,47,1,156,139.9,139.9
T005697,2026-04-09,S006,P0047,Appliances,Appliances B,71,35,5,101,11.09,55.45
T005698,2025-02-22, S002 ,P0013,Hardware,Hardware B,101,69,3,167,321.3,963.9
T005699,2025-01-13,S008,P0064,Plumbing,Plumbing C,84,64,1,147,322.62,322.62
T005700,2025-06-28,S007,P0048,paint,Paint A,33,5,3,35,149.66,448.98
T005701,2025-01-27,S003,P0019,Building Materials,Building Materials C,107,49,10,146,110.91,1109.1
T005702,2026-01-04,S007,P0072,Hardware,Hardware B,108,51,5,154,347.54,1737.7
T005703,2026-06-27,S004,P0026,Plumbing,Plumbing C,86,66,4,148,68.04,272.16
T005704,2026-02-09,S002,P0077,Hardware,,73,71,1,143,270.05,270.05
T005705,2025-08-03,S010,P0041,Lawn & Garden,Lawn & Garden B,86,58,1,143,333.31,333.31
T005706,2025-02-19,S010,P0097,Building Materials,Building Materials B,111,49,1,159,99.61,99.61
T005707,2025-09-15,S002,P0061,Lawn & Garden,Lawn & Garden C,9,54,3,60,295.6,886.8
T005708,2025-02-17,S015,P0004,Appliances,Appliances B,60,51,3,108,202.62,607.86
T005709,2025-01-26,S015,P0083,Building Materials,Building Materials C,39,16,1,54,247.5,247.5
T005710,2025-05-25,S010,P0004,Electrical,Electrical A,33,43,6,70,64.5,387.0
T005711,2025-01-24,S006,P0022,Electrical,Electrical C,73,32,1,104,288.57,288.57
T005712,2025-09-25,S003,P0045,Electrical,Electrical C,56,49,1,104,115.1,115.1
T005713,2025-11-28,S014,P0004,Lawn & Garden,Lawn & Garden C,52,18,3,67,307.26,921.78
T005714,2026-05-18,S001,P0020,Paint,Paint C,91,12,1,102,256.39,256.39
T005715,2025-08-31,S009,P0023,Lawn & Garden,Lawn & Garden B,73,79,2,150,329.87,659.74
T005716,2025-01-22,S010,P0054,Lawn & Garden,Lawn & Garden C,14,70,1,83,261.71,261.71
T005717,2025-09-22,S010,P0039,Appliances,Appliances B,13,28,4,37,40.89,163.56
T005718,2026-01-30,S009,P0091,Lawn & Garden,Lawn & Garden B,68,3,1,70,184.04,184.04
T005719,2026-05-11,S013,P0080,Appliances,Appliances B,85,69,1,153,73.36,73.36
T005720,2025-12-16,S012,P0028,Plumbing,Plumbing B,107,73,1,179,336.6,336.6
T005721,2026-04-19,S013,,Plumbing,Plumbing B,120,65,6,179,77.45,464.7
T005722,07/18/2025,S011,P0022,Plumbing,Plumbing C,87,78,5,160,150.9,754.5
T005723,2025-09-28,S003,P0099,Building Materials,Building Materials A,4,70,1,73,326.67,326.67
T005724,2025-07-14,S005,P0029,Lawn & Garden ,Lawn & Garden B,78,29,3,104,187.17,561.51
T005725,2026-03-25,S005,P0083,Hardware,Hardware B,114,62,3,173,115.68,347.04
T005726,2025-04-22,S015,P0043,Hardware,Hardware A,24,11,1,34,164.09,164.09
T005727,2025-06-07,S008,P0033,Plumbing,Plumbing C,14,59,1,72,247.49,247.49
T005728,2025-02-08,S013,P0006,Electrical,Electrical B,34,15,2,47,186.08,372.16
T005729,2026-05-18,S005,P0043,Appliances,Appliances A,23,49,1,71,346.29,346.29
T005730,2025-04-16,S015,P0041,Appliances,Appliances C,96,74,3,167,331.87,995.61
T005731,2025-05-29,S013,P0010,Building Materials,Building Materials A,3,32,4,31,308.43,1233.72
T005732,2026-06-11,S001,P0053,Hardware,Hardware A,24,4,3,25,219.84,659.52
T005733,2025-05-07,S010,P0018,Electrical,Electrical A,86,18,5,99,218.26,1091.3
T005734,2025-09-05,S007,P0016,Plumbing,Plumbing A,19,60,4,75,228.72,914.88
T005735,2026-03-28,S013,P0054,Electrical,Electrical C,117,12,6,123,142.07,852.42
T005736,2025-12-23,S013,P0041,Plumbing,Plumbing A,13,4,1,16,309.93,309.93
T005737,2025-04-23,S007,P0043,Plumbing,Plumbing B,70,43,2,111,169.4,338.8
T005738,2025-05-14,S003,,Paint,Paint C,66,8,1,73,242.16,242.16
T005739,2025-11-29,S003,P0081,Electrical,Electrical B,40,45,1,84,220.04,220.04
T005740,2025-09-25,S009,P0070,Electrical,Electrical C,105,80,2,183,183.88,367.76
T005741,2025-09-04,S013,P0075,Lawn & Garden ,Lawn & Garden B,69,77,6,140,184.14,1104.84
T005742,2025-11-08,S005,P0099,Plumbing,Plumbing A,18,49,2,65,143.3,286.6
T005743,2025-11-11,S006,P0007,Paint,Paint C,72,67,4,135,53.4,213.6
T005744,2026-05-24,S008,P0060,Building Materials,Building Materials A,114,64,7,171,190.34,1332.38
T005745,2025-08-14,S004,P0027,Hardware,Hardware B,44,18,2,60,161.5,323.0
T005746,2025-04-14,S013,P0091,Building Materials,Building Materials C,80,13,6,87,161.52,969.12
T005747,2026-01-02,S013,P0067,Lawn & Garden,Lawn & Garden C,98,2,6,94,275.29,1651.74
T005748,2025-05-21,S003,P0013,Paint,Paint A,107,41,4,144,38.2,152.8
T005749,2025-12-25,S003,P0002,Paint,Paint B,89,9,1,97,266.72,266.72
T005750,2025-01-04,S002,P0064,Building Materials,Building Materials B,74,62,1,135,173.73,173.73
T005751,2025-04-08,S005,P0091,Paint,Paint B,24,63,1,86,11.56,11.56
T005752,2025-11-02,S005,P0002,Electrical,Electrical A,9,56,2,63,43.09,86.18
T005753,2025-07-30,S013,P0084,Electrical,Electrical A,35,43,2,76,144.78,289.56
T005754,2025-09-02,S015,P0011,Building Materials,Building Materials C,68,54,5,117,342.04,1710.2
T005755,2026-05-29,S011,P0099,Building Materials,Building Materials B,97,19,1,115,90.79,90.79
T005756,2025-12-30,S002,P0025,Lawn & Garden,Lawn & Garden C,0,67,5,62,233.64,1168.2
T005757,2026-01-25,S015,P0015,Lawn & Garden,Lawn & Garden B,7,80,9,78,309.91,2789.19
T005758,2025-05-13,S013,P0035,Hardware,Hardware B,29,11,2,38,192.05,384.1
T005759,2025-01-30,S013,P0066,Lawn & Garden,Lawn & Garden C,18,33,3,48,68.11,204.33
T005760,2025-11-09,S011,P0092,Hardware,Hardware C,27,19,9,37,288.93,2600.37
T005761,2025-06-18,S003,P0078,Paint,Paint A,17,39,5,51,92.46,462.3
T005762,2025-10-23,S001,P0052,Electrical,Electrical B,116,19,1,134,209.26,209.26
T005763,2026-02-21,S006,P0080,Paint,Paint C,10,54,10,54,65.43,654.3
T005764,2026-06-19,S013,P0087,Appliances,Appliances A,71,6,3,74,269.58,808.74
T005765,2025-10-04,S007,P0061,Appliances,Appliances B,7,38,1,44,258.56,258.56
T005766,2025-11-19,S003,P0049,Hardware,Hardware A,7,32,1,38,305.83,305.83
T005767,2025-06-14,S008,P0040,Hardware,Hardware B,1,45,1,45,340.36,340.36
T005768,2026-05-08,S009,P0097,Building Materials,Building Materials B,48,48,3,93,105.09,315.27
T005769,2026-05-09,S005,P0024,Plumbing,Plumbing C,32,21,1,52,68.27,68.27
T005770,2026-05-19,S007,P0082,Plumbing,Plumbing A,94,64,1,157,53.7,53.7
T005771,2026-04-18,S010,P0058,Lawn & Garden,Lawn & Garden C,84,64,7,141,296.6,2076.2
T005772,2025-05-05,S014,P0023,Hardware,Hardware B,11,1,3,9,145.38,436.14
T005773,2025-07-12,S006,P0019,Plumbing,Plumbing C,64,34,1,97,328.38,328.38
T005774,2025-03-18,S006,P0050,Hardware,Hardware C,109,68,5,172,74.43,372.15
T005775,2025-12-11,S002,P0034,Electrical,Electrical A,93,61,1,153,179.8,179.8
T005776,2025-01-08,S007,P0015,Lawn & Garden,Lawn & Garden B,117,2,3,116,349.62,1048.86
T005777,2026-05-19,S007,P0004,Electrical,Electrical A,9,26,3,32,238.37,715.11
T005778,2025-05-21,S006,P0026,Electrical,Electrical A,119,8,13,114,132.97,1728.61
T005779,2026-03-02,S012,P0029,Lawn & Garden,Lawn & Garden B,118,46,6,158,294.91,1769.46
T005780,2025-02-28,S014,P0036,Electrical,Electrical A,2,51,3,50,263.34,790.02
T005781,2025-02-15,S006,P0075,Lawn & Garden,Lawn & Garden A,27,74,5,96,227.33,1136.65
T005782,2026-06-08,S003,P0032,Building Materials,Building Materials B,7,21,1,27,290.68,290.68
T005783,2025-02-14,S014,P0021,Lawn & Garden,Lawn & Garden C,89,23,3,109,236.17,708.51
T005784,2026-02-08,S015,P0045,Hardware,Hardware C,109,12,1,120,209.6,209.6
T005785,2026-01-10,S011,P0034,Plumbing,Plumbing C,49,11,3,57,246.95,740.85
T005786,2026-01-22,S013,P0050,Paint,Paint B,25,36,1,60,105.44,105.44
T005787,2025-05-26,S008,P0056,Lawn & Garden,Lawn & Garden C,103,43,5,141,273.52,1367.6
T005788,2025-12-03,S007,P0045,Lawn & Garden,Lawn & Garden C,52,0,4,48,34.37,137.48
T005789,2026-06-08,S014,P0064,Hardware,Hardware B,98,9,6,101,17.39,104.34
T005790,2025-04-09,S012,P0037,Paint,Paint B,57,37,2,92,85.81,171.62
T005791,2025-05-18,S004,P0064,Appliances,Appliances A,114,78,5,187,289.73,1448.65
T005792,2026-01-17,S002,P0020,Hardware,Hardware B,83,50,10,123,307.17,3071.7
T005793,2025-07-20,S007,P0071,Lawn & Garden,Lawn & Garden B,107,28,2,133,290.77,581.54
T005794,2025-04-19,S006,P0039,Hardware,Hardware C,44,58,1,101,128.96,128.96
T005795,2026-04-08,S010,P0074,Hardware,Hardware C,10,44,5,49,52.81,264.05
T005796,2025-08-21,S013,P0021,Hardware,Hardware B,114,11,2,123,81.74,163.48
T005797,2026-05-27,S013,P0027,Plumbing,Plumbing C,66,59,1,124,162.19,162.19
T005798,2026-05-27,S009,P0014,Plumbing,Plumbing A,61,45,1,105,238.59,238.59
T005799,2026-03-28,S011,P0099,Plumbing,Plumbing B,102,62,1,163,46.81,46.81
T005800,2025-10-14,S007,P0008,Appliances,Appliances A,75,12,1,86,48.32,48.32
T005801,2026-03-02,S007,P0080,Hardware,Hardware A,58,64,4,118,271.97,1087.88
T005802,2025-07-02,S015,P0049,Building Materials,Building Materials B,72,52,4,120,76.21,304.84
T005803,2025-03-15,S003,P0097,Appliances,Appliances A,71,78,1,148,155.24,155.24
T005804,2026-03-09,S002,P0075,Paint,Paint B,59,1,12,48,255.73,3068.76
T005805,2025-09-19,S006,P0088,Electrical,Electrical A,48,35,3,80,308.43,925.29
T005806,2026-03-18,S012,P0082,Paint,Paint B,21,70,4,87,126.76,507.04
T005807,2026-04-26,S011,P0089,Lawn & Garden,Lawn & Garden B,102,42,4,140,190.62,762.48
T005808,2025-02-23,S013,P0003,Hardware,Hardware B,79,61,1,139,254.6,254.6
T005809,2025-02-27,S009,,Paint,Paint A,36,18,6,48,80.12,480.72
T005810,2025-06-27,S015,P0009,Hardware,Hardware A,92,54,1,145,103.96,103.96
T005811,2025-05-04,S010,P0063,Hardware,Hardware A,55,61,1,115,50.54,50.54
T005812,2026-06-04,S015,P0029,Hardware,Hardware B,69,0,1,68,214.52,214.52
T005813,2026-03-02,S009,P0046,Plumbing,Plumbing C,28,54,3,79,42.81,128.43
T005814,2025-02-09,S007,P0070,Plumbing,Plumbing A,17,12,1,28,242.22,242.22
T005815,01/26/2026,S010,P0031,Lawn & Garden,Lawn & Garden B,24,37,1,60,173.82,173.82
T005816,2025-05-29,S012,P0034,Hardware,Hardware B,94,59,8,145,13.3,106.4
T005817,2025-10-19,S011,P0015,Hardware,Hardware B,108,49,7,150,136.8,957.6
T005818,2025-06-24,S010,P0031,Building Materials,Building Materials C,14,75,1,88,135.74,135.74
T005819,2025-04-15,S006,P0051,Plumbing,Plumbing C,71,58,1,128,249.59,249.59
T005820,2025-12-06,S002,P0085,Paint,Paint A,108,67,3,172,220.04,660.12
T005821,12/16/2025,S009,P0081,Appliances,Appliances B,60,23,5,78,235.57,1177.85
T005822,2025-05-13,S001,P0100,Appliances,Appliances C,7,44,2,49,133.05,266.1
T005823,2026-02-08,S014,P0045,Hardware,Hardware B,23,35,2,56,323.56,647.12
T005824,2025-09-12,S005,P0067,Appliances,Appliances A,86,72,7,151,40.81,285.67
T005825,2025-07-11,S003,P0021,Electrical,Electrical C,112,34,1,145,68.93,68.93
T005826,2026-03-19,S014,P0011,Electrical,Electrical C,88,16,2,102,223.31,446.62
T005827,2025-10-12,S007,P0070,Appliances,Appliances C,120,71,4,187,72.34,289.36
T005828,2025-10-29,S003,P0029,Plumbing,Plumbing A,90,61,4,147,280.0,1120.0
T005829,03/20/2025,S003,P0066,Appliances,Appliances C,70,52,4,118,226.36,905.44
T005830,2026-05-22,S004,P0015,Electrical,Electrical A,91,39,4,126,336.79,1347.16
T005831,2025-03-02,S006,P0089,Hardware,Hardware A,55,46,3,98,263.41,790.23
T005832,2026-05-20, S003 ,P0094,Plumbing,Plumbing B,95,73,2,166,295.99,591.98
T005833,2025-03-15,S012,P0009,Hardware,Hardware A,83,29,6,106,320.65,1923.9
T005834,2026-05-16,S007,P0012,Paint,Paint B,63,6,4,65,69.87,279.48
T005835,2026-03-04,S002,P0021,Appliances,Appliances C,70,26,1,95,78.62,78.62
T005836,2025-03-30,S012,P0039,Building Materials,Building Materials C,73,30,2,101,49.76,99.52
T005837,2025-12-04,S002,P0032,Paint,Paint A,66,76,1,141,249.73,249.73
T005838,2026-04-19,S010,P0019,Lawn & Garden,Lawn & Garden C,22,67,2,87,169.38,338.76
T005839,2025-02-11,S003,P0039,Plumbing,Plumbing A,85,51,1,135,181.55,181.55
T005840,2026-05-11,S012,P0087,Hardware,Hardware C,20,58,6,72,154.0,924.0
T005841,2026-01-13,S006,P0020,Building Materials,Building Materials C,8,24,14,18,219.27,3069.78
T005842,2025-05-06,S008,P0092,Paint,Paint C,68,42,1,109,97.31,97.31
T005843,2025-06-24,S004,P0086,Building Materials,Building Materials B,22,47,2,67,95.38,190.76
T005844,2025-03-07,S009,P0002,Lawn & Garden,Lawn & Garden C,104,13,2,115,60.06,120.12
T005845,2025-10-08,S006,P0069,Building Materials,Building Materials A,106,80,1,185,124.13,124.13
T005846,2026-02-11,S001,P0090,Lawn & Garden,Lawn & Garden C,17,43,1,59,161.41,161.41
T005847,2026-06-08,S009,P0098,Appliances,Appliances C,55,68,10,113,161.88,1618.8
T005848,2025-04-25,S014,P0002,Paint,Paint A,19,14,3,30,279.24,837.72
T005849,2025-10-19,S010,P0054,Plumbing,Plumbing A,71,11,2,80,38.78,77.56
T005850,2025-03-17,S005,P0050,Lawn & Garden,Lawn & Garden A,2,63,1,64,251.95,251.95
T005851,2026-01-21,S014,P0037,Lawn & Garden,Lawn & Garden A,3,48,5,46,89.65,448.25
T005852,2025-01-15,S008,P0015,Paint,Paint B,110,37,2,145,275.36,550.72
T005853,2026-04-21,S010,P0016,Building Materials,Building Materials A,116,37,1,152,138.89,138.89
T005854,2026-06-26,S006,P0062,Building Materials,Building Materials B,72,71,5,138,190.45,952.25
T005855,2026-01-05,S004,P0015,Building Materials,Building Materials A,91,52,2,141,31.66,63.32
T005856,2025-07-07,S007,P0036,Lawn & Garden,Lawn & Garden A,15,53,1,67,127.95,127.95
T005857,2026-05-24,S008,P0061,Plumbing,Plumbing A,39,29,5,63,267.95,1339.75
T005858,2025-10-07,S008,P0019,Plumbing,Plumbing A,92,79,3,168,260.16,780.48
T005859,2025-08-12,S014,P0077,Building Materials,Building Materials C,111,26,5,132,97.2,486.0
T005860,2026-01-15,S005,P0089,Plumbing,Plumbing B,50,66,2,114,8.15,16.3
T005861,2025-06-15,S004,P0066,Hardware,Hardware C,111,80,15,176,87.42,1311.3
T005862,2026-05-17,S002,P0023,Paint,Paint A,93,24,1,116,202.16,202.16
T005863,2025-12-29,S011,P0055,Paint,Paint B,105,21,14,112,161.02,2254.28
T005864,2025-02-18,S009,P0010,Plumbing,Plumbing B,13,31,2,42,31.89,63.78
T005865,2026-03-18,S005,P0087,Appliances,Appliances C,42,69,1,110,149.28,149.28
T005866,2025-11-14,S005,P0006,Paint,Paint B,30,45,3,72,318.65,955.95
T005867,2026-04-17,S002,P0038,Hardware,Hardware A,67,40,7,100,70.43,493.01
T005868,2025-08-24,S007,P0055,Plumbing,Plumbing C,104,23,4,123,9.67,38.68
T005869,2026-05-25,S010,P0081,Paint,Paint A,13,15,1,27,349.91,349.91
T005870,2025-01-29,S006,P0090,Appliances,Appliances A,10,78,1,87,61.02,61.02
T005871,2026-03-06,S001,P0086,Paint,Paint B,31,27,1,57,136.93,136.93
T005872,2026-04-07,S009,P0052,Lawn & Garden,Lawn & Garden B,25,33,1,57,256.33,256.33
T005873,2026-06-03,S010,P0020,electrical,Electrical B,26,61,1,86,145.79,145.79
T005874,2025-01-08,S008,P0035,Appliances,Appliances B,103,19,2,120,236.32,472.64
T005875,2025-02-17,S015,P0016,building materials,Building Materials C,80,11,1,90,188.0,188.0
T005876,2025-12-19,S001,P0018,Hardware,Hardware C,13,68,2,79,255.09,510.18
T005877,2026-03-03,S011,P0054,Building Materials,Building Materials B,4,80,4,80,23.19,92.76
T005878,2026-04-12,S006,P0091,Appliances,Appliances B,30,41,7,64,88.71,620.97
T005879,11/04/2025,S013,P0059,Hardware,Hardware B,78,62,3,137,20.17,60.51
T005880,2025-04-04,S003,P0083,Hardware,Hardware A,47,71,8,110,215.41,1723.28
T005881,2026-01-15,S014,P0080,electrical,Electrical A,65,77,3,139,27.73,83.19
T005882,2026-01-13,S011,P0035,Electrical,Electrical C,115,48,1,162,301.65,301.65
T005883,2026-01-05,S007,P0048,Plumbing,Plumbing A,37,2,2,37,62.87,125.74
T005884,2025-01-27,S001,P0038,Paint,Paint A,61,55,1,115,130.2,130.2
T005885,2025-06-01,S002,P0096,Hardware,Hardware A,5,75,3,77,273.74,821.22
T005886,2025-05-21,S014,P0039,Appliances,Appliances C,83,46,1,128,212.83,212.83
T005887,2025-09-03,S003,P0058,Building Materials,Building Materials A,58,28,7,79,253.39,1773.73
T005888,2026-05-29,S008,P0057,Electrical,Electrical C,116,75,5,186,178.1,890.5
T005889,2025-06-16,S009,P0042,Electrical,Electrical A,41,79,3,117,284.57,853.71
T005890,2025-09-12,S015,P0054,Appliances,Appliances B,63,16,14,65,90.05,1260.7
T005891,2026-02-19,S001,P0094,Hardware,Hardware B,118,38,10,146,230.41,2304.1
T005892,2025-02-21,S014,P0073,Paint,Paint B,31,63,4,90,206.02,824.08
T005893,12/31/2025,S009,P0003,Lawn & Garden,Lawn & Garden A,25,73,3,95,304.83,914.49
T005894,2025-11-25,S011,P0091,Paint,Paint A,77,49,2,124,339.39,678.78
T005895,2026-05-01,S012,P0053,Lawn & Garden,Lawn & Garden A,45,50,2,93,216.02,432.04
T005896,2026-06-23,S005,P0031,Electrical,Electrical A,46,46,1,91,70.33,70.33
T005897,2025-07-01,S006,P0076,Appliances,Appliances A,54,73,1,126,223.35,223.35
T005898,2025-04-16,S001,P0016,Electrical,Electrical B,73,66,3,136,109.94,329.82
T005899,2026-02-03,S007,P0004,Electrical,Electrical A,81,74,6,149,318.12,1908.72
T005900,2025-07-22,S010,P0040,Appliances,Appliances B,6,47,3,50,136.58,409.74
T005901,2025-02-10,S006,P0034,Electrical,Electrical C,53,23,1,75,109.15,109.15
T005902,2025-08-05,S012,P0010,Building Materials,Building Materials C,5,71,2,74,33.45,66.9
T005903,2026-05-16,S004,P0061,Paint,Paint C,4,57,1,60,16.92,16.92
T005904,2026-06-13,S014,P0013,Lawn & Garden,Lawn & Garden C,99,57,9,147,145.81,1312.29
T005905,2026-03-17,S011,P0066,Lawn & Garden,Lawn & Garden B,105,25,1,129,326.38,326.38
T005906,2025-08-19,S002,P0069,Paint,Paint A,100,37,3,134,175.71,527.13
T005907,2026-01-04,S004,P0040,Lawn & Garden,Lawn & Garden A,79,66,1,144,103.56,103.56
T005908,2025-10-16,S010,P0032,Electrical,Electrical A,22,47,2,67,301.22,602.44
T005909,2025-08-26,S015,P0086,Electrical,Electrical C,52,19,3,68,104.21,312.63
T005910,2025-06-16,S002,P0002,Paint,Paint C,84,68,5,147,54.41,272.05
T005911,2025-08-23,S006,P0065,Electrical,Electrical C,45,6,2,49,132.56,265.12
T005912,2026-04-23,S015,P0087,Hardware,Hardware A,49,53,3,99,110.9,332.7
T005913,2025-01-04,S011,P0033,Plumbing,Plumbing C,2,64,7,59,38.71,270.97
T005914,2025-10-10,S002,P0080,Building Materials,Building Materials B,61,33,7,87,232.48,1627.36
T005915,09/30/2025,S006,P0018,Building Materials,Building Materials B,27,11,12,26,123.86,1486.32
T005916,2025-08-25,S003,P0057,Electrical,Electrical B,28,26,1,53,125.67,125.67
T005917,2025-03-17,S001,P0080,Appliances,Appliances A,21,32,12,41,324.08,3888.96
T005918,2026-04-19,S013,P0049,Appliances,Appliances B,112,17,2,127,336.84,673.68
T005919,2026-04-29,S005,P0038,Appliances,Appliances A,64,39,8,95,52.23,417.84
T005920,2026-05-13,S013,P0033,Paint,Paint A,90,79,5,164,34.6,173.0
T005921,2026-04-30,S012,P0072,Lawn & Garden,Lawn & Garden C,55,61,2,114,37.5,75.0
T005922,2026-05-31,S012,P0081,Lawn & Garden,Lawn & Garden C,81,19,11,89,228.03,2508.33
T005923,2026-04-08,S005,,Appliances,Appliances B,117,44,8,153,127.84,1022.72
T005924,2025-02-17,S015,P0078,Lawn & Garden,Lawn & Garden B,109,65,1,173,23.88,23.88
T005925,2026-01-04,S003,P0096,Hardware,Hardware A,57,80,2,135,107.92,215.84
T005926,2026-02-04,S013,P0027,Paint,Paint B,61,32,5,88,138.97,694.85
T005927,2025-03-27,S002,P0002,Plumbing,Plumbing B,21,9,1,29,51.47,51.47
T005928,2025-12-30,S009,P0070,Appliances,Appliances A,102,71,2,171,74.83,149.66
T005929,2025-06-27,S003,P0030,Building Materials,Building Materials B,31,74,6,99,42.58,255.48
T005930,2025-10-21,S008,P0047,Appliances,Appliances A,51,69,2,118,35.35,70.7
T005931,2025-08-08,S005,P0021,Hardware,Hardware A,24,7,3,28,298.53,895.59
T005932,2026-03-26,S008,P0046,Electrical,Electrical C,35,47,6,76,125.42,752.52
T005933,2025-08-26,S011,P0097,Building Materials,Building Materials A,43,33,4,72,30.98,123.92
T005934,2026-01-16,S010,P0095,Appliances,Appliances B,114,45,2,157,141.72,283.44
T005935,2026-02-01,S003,P0033,Appliances,Appliances A,114,14,8,120,156.49,1251.92
T005936,2025-06-13,S014,P0023,Paint,Paint A,101,36,3,134,215.71,647.13
T005937,2025-11-21,S007,P0011,Electrical,Electrical B,12,70,3,79,308.54,925.62
T005938,2026-06-16,S012,P0042,Building Materials,Building Materials C,102,1,8,95,259.61,2076.88
T005939,2026-04-23,S010,P0098,Hardware,Hardware C,78,75,4,149,44.6,178.4
T005940,2026-03-13,S012,P0043,Lawn & Garden,Lawn & Garden C,12,13,1,24,35.28,35.28
T005941,2026-06-20,S009,P0059,Paint,Paint A,116,33,1,148,122.05,122.05
T005942,2025-03-10,S015,P0055,Electrical,Electrical B,86,73,1,158,169.47,169.47
T005943,2025-12-04,S012,P0016,Hardware,Hardware C,25,71,6,90,68.84,413.04
T005944,2026-04-25,S005,P0079,Plumbing,Plumbing A,110,43,6,147,30.57,183.42
T005945,2025-01-19,S009,P0052,Plumbing,Plumbing C,11,13,3,21,198.69,596.07
T005946,2026-05-17,S008,P0069,Building Materials,Building Materials B,7,71,1,77,182.87,182.87
T005947,2026-02-26,S006,P0058,Hardware,Hardware C,48,73,2,119,42.24,84.48
T005948,2025-07-25,S012,P0098,Electrical,Electrical A,71,25,8,88,242.74,1941.92
T005949,2026-04-18,S004,P0013,Plumbing,Plumbing C,104,45,2,147,224.91,449.82
T005950,2025-12-22,S011,P0009,Building Materials,Building Materials A,113,80,2,191,258.46,516.92
T005951,2025-07-13,S004,P0006,Lawn & Garden,Lawn & Garden A,93,59,1,151,316.55,316.55
T005952,2025-07-08,S015,P0095,Hardware,Hardware A,20,19,6,33,317.28,1903.68
T005953,2025-07-27,S007,P0057,Building Materials,Building Materials A,92,72,1,163,301.19,301.19
T005954,2026-03-26,S013,P0018,Appliances,,47,35,5,77,143.74,718.7
T005955,2025-08-08,S004,P0003,Hardware,Hardware B,60,32,2,90,235.82,471.64
T005956,2026-06-03,S012,P0099,Lawn & Garden,Lawn & Garden A,51,71,4,118,9.36,37.44
T005957,2025-02-22,S010,P0036,Paint,Paint B,74,38,4,108,174.93,699.72
T005958,2025-03-13,S015,P0055,Plumbing,Plumbing A,78,66,3,141,162.58,487.74
T005959,2025-05-30,S003,P0001,Paint,Paint C,68,71,2,137,189.48,378.96
T005960,2026-05-15,S013,P0001,Lawn & Garden,Lawn & Garden B,110,8,4,114,170.82,683.28
T005961,2025-10-01,S004,P0037,Appliances,Appliances A,16,79,3,92,323.83,971.49
T005962,2026-02-18,S011,P0061,Plumbing,Plumbing B,4,75,1,78,287.36,287.36
T005963,2025-09-27,S008,P0019,Appliances,Appliances C,13,65,7,71,184.1,1288.7
T005964,2025-07-12,S015,P0004,Hardware,Hardware A,69,70,6,133,111.2,667.2
T005965,2025-11-11,S001,P0045,Plumbing,Plumbing C,63,45,1,107,53.15,53.15
T005966,2026-01-13,S002,P0071,Lawn & Garden,Lawn & Garden B,70,38,1,107,103.81,103.81
T005967,2025-07-14,S013,P0022,Lawn & Garden,Lawn & Garden B,32,21,1,52,339.9,339.9
T005968,2025-04-06,S014,P0090,Paint,Paint C,37,17,5,49,275.4,1377.0
T005969,2025-11-02,S007,P0007,Hardware,Hardware A,34,44,2,76,320.01,640.02
T005970,2025-06-10,S005,P0082,Paint,Paint A,13,12,3,22,293.19,879.57
T005971,2025-01-24,S014,P0075,Hardware,Hardware C,92,20,1,111,230.06,230.06
T005972,2025-07-04,S001,P0094,Building Materials,Building Materials A,8,39,3,44,137.85,413.55
T005973,2025-08-08,S010,P0024,Electrical,Electrical C,38,0,4,34,316.87,1267.48
T005974,2025-10-20,S010,P0019,Plumbing,Plumbing B,90,62,1,151,262.82,262.82
T005975,2025-05-21,S011,P0063,Building Materials,Building Materials A,71,72,4,139,187.48,749.92
T005976,2025-05-26,S004,P0003,Hardware,Hardware B,93,45,3,135,326.44,979.32
T005977,2026-05-04,S005,P0026,Paint,Paint A,9,32,8,33,299.72,2397.76
T005978,2025-03-21,S007,P0030,Paint,Paint B,76,16,4,88,288.89,1155.56
T005979,2025-08-16,S005,P0073,Building Materials,Building Materials B,95,28,1,122,47.17,47.17
T005980,2025-11-01,S011,P0086,Lawn & Garden,Lawn & Garden A,16,40,1,55,51.84,51.84
T005981,2025-10-25,S013,P0007,Appliances,Appliances B,115,73,3,185,298.79,896.37
T005982,2025-10-15,S012,P0091,Paint,Paint B,52,50,2,100,154.69,309.38
T005983,2025-04-03,S012,P0018,Appliances,Appliances B,45,63,5,103,78.91,394.55
T005984,2026-04-24,S015,P0041,Hardware,Hardware B,35,48,1,82,129.75,129.75
T005985,2025-09-19,S012,P0074,Appliances,Appliances A,65,13,5,73,111.53,557.65
T005986,2025-10-13,S004,P0002,Building Materials,Building Materials B,20,14,3,31,274.33,822.99
T005987,2025-05-20,S005,P0087,Paint,Paint B,17,15,8,24,244.38,1955.04
T005988,2025-07-16,S010,P0041,Appliances,Appliances A,64,12,3,73,122.35,367.05
T005989,2025-10-27,S010,P0052,Appliances,Appliances B,10,68,1,77,211.62,211.62
T005990,2025-02-03,S006,P0005,Hardware,Hardware C,32,11,1,42,82.09,82.09
T005991,2025-12-06,S011,P0008,Building Materials,Building Materials B,47,14,4,57,101.16,404.64
T005992,2025-11-02,S012,P0023,Building Materials,Building Materials C,85,71,1,155,287.76,287.76
T005993,2025-04-13,S013,P0019,Plumbing,Plumbing C,46,43,12,77,294.04,3528.48
T005994,2026-01-13,S013,P0074,Building Materials,Building Materials B,88,56,2,142,31.98,63.96
T005995,2026-01-24,S002,P0006,Lawn & Garden,Lawn & Garden A,60,0,9,51,45.34,408.06
T005996,2025-12-30,S009,P0026,Building Materials,Building Materials B,36,34,1,69,32.21,32.21
T005997,2025-06-09,S011,P0010,Hardware,Hardware B,106,69,1,174,33.05,33.05
T005998,2026-02-23,S008,P0071,Building Materials,Building Materials B,63,30,1,92,47.5,47.5
T005999,2025-09-21,S001,P0045,Plumbing,Plumbing A,80,74,4,150,131.98,527.92
T006000,2025-04-20,S002,P0020,Building Materials,Building Materials A,114,23,3,134,339.83,1019.49
T006001,2026-02-02,S014,P0017,Lawn & Garden,Lawn & Garden A,118,48,2,164,336.33,672.66
T006002,2025-09-22,S013,P0002,hardware,Hardware A,37,53,4,86,34.29,137.16
T006003,2025-10-09,S009,P0077,Electrical,Electrical B,47,28,2,73,327.43,654.86
T006004,2026-06-13,S015,P0014,Building Materials,Building Materials C,30,27,1,56,72.59,72.59
T006005,2025-03-06,S006,P0057,Appliances,Appliances C,0,57,10,47,18.05,180.5
T006006,2025-12-02,S009,P0034,Paint,Paint A,71,48,1,118,181.14,181.14
T006007,2026-06-18,S010,P0063,Appliances,Appliances B,103,26,4,125,9.55,38.2
T006008,2025-09-14,S011,P0088,Lawn & Garden,Lawn & Garden B,101,31,3,129,140.14,420.42
T006009,2025-08-07,S010,P0097,Paint,Paint B,88,66,3,151,264.03,792.09
T006010,2026-05-17,S002,P0003,Paint,Paint A,36,25,6,55,70.1,420.6
T006011,2025-08-21,S005,P0073,Building Materials,Building Materials B,65,19,1,83,345.09,345.09
T006012,2026-03-03,S012,P0048,Lawn & Garden,Lawn & Garden B,6,22,1,27,12.7,12.7
T006013,2025-01-20,S005,P0050,Lawn & Garden,Lawn & Garden A,43,63,6,100,78.33,469.98
T006014,2025-06-08,S014,P0035,Paint,Paint B,29,41,5,65,325.94,1629.7
T006015,2025-09-11,S013,P0076,Building Materials,Building Materials C,119,79,8,190,291.45,2331.6
T006016,2025-06-01,S010,P0030,Appliances,Appliances C,37,60,2,95,54.96,109.92
T006017,2025-12-30,S013,P0033,Electrical,Electrical B,90,1,2,89,253.09,506.18
T006018,2026-02-26,S015,P0065,Plumbing,Plumbing B,23,60,6,77,131.32,787.92
T006019,2025-06-30,S011,P0078,Hardware,Hardware B,116,36,7,145,118.18,827.26
T006020,2025-12-22,S002,P0078,Paint,Paint A,75,33,1,107,221.31,221.31
T006021,2026-04-02,S003,P0061,Lawn & Garden,Lawn & Garden A,64,36,12,88,48.82,585.84
T006022,2026-04-03,S012,P0100,Appliances,Appliances C,25,11,2,34,68.48,136.96
T006023,2025-12-28,S014,P0066,Lawn & Garden,Lawn & Garden A,66,33,3,96,241.48,724.44
T006024,2025-05-01,S013,P0082,Lawn & Garden,Lawn & Garden A,41,78,5,114,98.5,492.5
T006025,2026-01-17,S003,P0015,Appliances,Appliances C,61,39,7,93,290.88,2036.16
T006026,2026-01-19,S013,P0055,Paint,Paint C,43,15,5,53,86.37,431.85
T006027,2026-04-15,S012,P0006,Building Materials,Building Materials A,97,15,3,109,303.28,909.84
T006028,2025-07-09,S012,P0015,Building Materials,Building Materials A,28,47,5,70,325.31,1626.55
T006029,2026-04-01,S011,P0080,Electrical,Electrical A,109,55,2,162,220.88,441.76
T006030,2026-01-10,S009,P0047,Lawn & Garden,Lawn & Garden B,105,46,2,149,67.42,134.84
T006031,2026-06-10,S006,P0067,Plumbing,Plumbing B,21,76,3,94,61.54,184.62
T006032,2025-10-18,S009,P0046,Plumbing,Plumbing B,107,36,7,136,320.33,2242.31
T006033,2026-05-30,S015,P0093,Hardware,Hardware A,111,73,5,179,295.32,1476.6
T006034,2026-02-16,S004,P0058,Building Materials,Building Materials C,110,30,2,138,133.19,266.38
T006035,2025-07-31,S001,P0007,Paint,Paint A,77,45,3,119,158.63,475.89
T006036,2025-07-13,S010,P0017,Electrical,Electrical C,50,52,6,96,292.0,1752.0
T006037,2026-04-30,S013,P0035,Lawn & Garden,Lawn & Garden C,63,36,4,95,136.74,546.96
T006038,2026-02-07,S014,P0032,Lawn & Garden,Lawn & Garden B,6,16,3,19,236.4,709.2
T006039,2025-12-08,S005,P0065,Appliances,Appliances B,97,8,3,102,85.42,256.26
T006040,2025-07-10,S009,P0065,Paint,Paint B,15,57,1,71,141.47,141.47
T006041,2025-10-29,S001,P0012,Plumbing,Plumbing B,120,71,1,190,304.04,304.04
T006042,2025-04-01,S002,P0062,Lawn & Garden,Lawn & Garden C,95,72,7,160,100.08,700.56
T006043,2026-05-04,S007,P0007,Electrical,Electrical C,6,60,3,63,348.97,1046.91
T006044,2025-10-22,S002,P0054,Appliances,Appliances B,42,80,3,119,297.25,891.75
T006045,2025-05-21,S009,P0057,Plumbing,Plumbing C,6,14,2,18,256.71,513.42
T006046,2026-06-11,S015,P0084,Building Materials,Building Materials C,14,9,8,15,127.96,1023.68
T006047,2025-05-07,S013,P0046,Building Materials,Building Materials A,110,26,2,134,310.65,621.3
T006048,2026-03-09,S011,P0004,Plumbing,Plumbing B,115,27,2,140,276.38,552.76
T006049,2025-01-13,S014,P0085,Lawn & Garden,Lawn & Garden A,1,54,7,48,139.34,975.38
T006050,2025-10-24,S006,P0004,Appliances ,Appliances A,22,70,2,90,192.81,385.62
T006051,2025-10-28,S005,P0093,Appliances,Appliances B,34,25,3,56,220.14,660.42
T006052,2025-11-25,S002,P0029,Hardware,Hardware A,110,37,1,146,260.63,260.63
T006053,2025-10-25,S012,P0084,Appliances,Appliances A,33,10,1,42,92.87,92.87
T006054,2025-05-17,S006,P0050,Lawn & Garden,Lawn & Garden C,81,22,1,102,82.95,82.95
T006055,2026-02-24,S009,P0065,Electrical,Electrical B,118,52,3,167,17.2,51.6
T006056,2026-06-07,S014,P0081,Electrical,Electrical B,77,27,3,101,25.66,76.98
T006057,2026-03-16,S010,P0043,Appliances,Appliances A,31,76,3,104,338.28,1014.84
T006058,2025-09-19,S004,P0079,Appliances,Appliances B,70,39,2,107,231.04,462.08
T006059,2025-03-05,S013,P0095,Building Materials,Building Materials A,104,60,2,162,27.96,55.92
T006060,2025-12-04,S001,P0088,Paint,Paint C,71,54,1,124,326.23,326.23
T006061,2026-02-23,S002,P0079,Appliances,Appliances C,115,69,2,182,32.87,65.74
T006062,2026-04-30,S001,P0068,Appliances,Appliances A,58,0,1,57,23.03,23.03
T006063,2025-09-19,S014,P0041,Building Materials,Building Materials C,51,60,4,107,53.88,215.52
T006064,2025-12-06,S015,P0010,Appliances,Appliances A,46,16,5,57,202.35,1011.75
T006065,03/14/2025,S006,P0053,Electrical,Electrical A,55,22,2,75,110.61,221.22
T006066,2026-06-09,S012,P0070,Lawn & Garden,Lawn & Garden C,60,53,2,111,341.06,682.12
T006067,2026-04-01,S003,P0022,Building Materials,Building Materials C,120,54,3,171,134.1,402.3
T006068,2025-10-13,S004,P0073,Electrical,Electrical B,9,5,8,6,191.41,1531.28
T006069,2025-03-15,S011,P0076,lawn & garden,Lawn & Garden C,57,60,3,114,21.95,65.85
T006070,2025-11-23,S013,P0089,Building Materials,Building Materials B,40,74,3,111,344.44,1033.32
T006071,2025-12-22,S002,P0086,Paint,Paint B,5,2,7,0,204.51,1431.57
T006072,2025-05-18,S010,P0030,Hardware,Hardware C,119,66,2,183,285.88,571.76
T006073,2025-04-09,S015,P0097,Paint,Paint A,109,4,4,109,158.22,632.88
T006074,2025-11-22,S011,P0069,Paint,Paint C,98,5,4,99,241.9,967.6
T006075,2026-02-21,S012,P0076,Hardware,Hardware B,16,47,2,61,252.62,505.24
T006076,2026-05-13,S003,P0001,Lawn & Garden,Lawn & Garden C,96,63,4,155,168.59,674.36
T006077,2025-06-09,S007,P0015,Plumbing,Plumbing C,115,55,1,169,340.01,340.01
T006078,2025-07-05,S004,P0062,Electrical,Electrical A,111,7,2,116,187.05,374.1
T006079,2025-10-26,S007,P0038,Plumbing,Plumbing A,80,51,1,130,223.63,223.63
T006080,2025-09-02,S002,P0019,Lawn & Garden,Lawn & Garden A,104,29,4,129,237.57,950.28
T006081,2026-05-05,S006,P0078,Building Materials,Building Materials B,68,44,1,111,335.48,335.48
T006082,2026-03-01,S005,P0022,Appliances,Appliances B,96,37,5,128,242.27,1211.35
T006083,2026-01-31,S013,P0099,Electrical,Electrical A,6,7,1,12,174.52,174.52
T006084,2026-03-28,S013,P0035,Building Materials,Building Materials A,116,5,4,117,53.38,213.52
T006085,2026-05-28,S012,P0004,Plumbing,Plumbing C,53,75,1,127,270.38,270.38
T006086,2025-04-10,S008,P0081,Appliances,Appliances C,64,1,2,63,309.04,618.08
T006087,2025-12-04,S001,P0031,Plumbing,Plumbing C,56,59,2,113,329.64,659.28
T006088,2026-02-05,S004,P0057,Electrical,Electrical C,110,66,9,167,115.77,1041.93
T006089,2025-11-29,S001,P0092,Appliances,Appliances C,71,41,1,111,135.09,135.09
T006090,2025-12-25,S007,P0009,Hardware,Hardware C,14,18,3,29,65.64,196.92
T006091,2026-02-20,S008,P0012,Appliances,Appliances C,7,74,7,74,151.28,1058.96
T006092,2026-05-01,S015,P0018,Appliances,Appliances A,32,69,3,98,271.95,815.85
T006093,2025-08-13,S011,P0018,Electrical,Electrical C,74,52,4,122,39.33,157.32
T006094,2025-02-06,S011,P0039,Building Materials,Building Materials B,47,50,6,91,308.47,1850.82
T006095,2025-09-03,S006,P0001,Lawn & Garden,Lawn & Garden A,63,48,1,110,327.98,327.98
T006096,2025-04-05,S014,P0004,Appliances,Appliances A,87,8,2,93,156.69,313.38
T006097,2025-04-04,S010,P0068,Building Materials,Building Materials C,89,69,1,157,58.79,58.79
T006098,2025-04-26,S006,P0039,Appliances,Appliances C,9,71,7,73,34.28,239.96
T006099,2026-04-21,S013,P0039,Paint,Paint A,9,22,10,21,139.6,1396.0
T006100,2026-02-01,S015,P0013,Lawn & Garden,Lawn & Garden C,16,39,1,54,239.42,239.42
T006101,2025-09-03,S009,P0028,Hardware,Hardware A,87,49,4,132,13.88,55.52
T006102,2026-06-02,S008,P0076,Lawn & Garden,Lawn & Garden C,59,29,2,86,130.67,261.34
T006103,2025-10-31,S002,P0083,Appliances,Appliances C,39,47,2,84,209.88,419.76
T006104,2025-10-07,S001,P0096,Building Materials,Building Materials B,74,38,5,107,139.76,698.8
T006105,2026-06-09,S012,P0033,Electrical,Electrical B,117,17,3,131,61.28,183.84
T006106,2025-09-19,S003,P0017,Lawn & Garden,Lawn & Garden B,118,9,4,123,349.35,1397.4
T006107,2025-06-01,S015,P0045,Electrical,Electrical C,109,13,9,113,272.78,2455.02
T006108,2025-12-23,S002,P0055,Plumbing,Plumbing C,13,9,4,18,316.14,1264.56
T006109,2025-07-31,S014,P0090,Plumbing,Plumbing B,88,79,5,162,168.53,842.65
T006110,2026-01-15,S011,P0093,Building Materials,Building Materials C,9,15,6,18,324.11,1944.66
T006111,2025-08-10,S012,P0085,Appliances,Appliances C,72,27,1,98,172.87,172.87
T006112,2025-07-12,S013,P0067,Paint,Paint C,82,77,5,154,36.2,181.0
T006113,2025-06-15,S014,P0003,Plumbing,Plumbing C,72,52,2,122,60.41,120.82
T006114,2025-05-03,S004,P0035,Building Materials,Building Materials B,82,66,1,147,323.61,323.61
T006115,2026-06-02,S009,P0092,Appliances,Appliances B,67,57,4,120,342.71,1370.84
T006116,2026-04-14,S009,P0053,Hardware,Hardware C,35,36,1,70,25.6,25.6
T006117,2026-06-27,S011,P0093,Paint,Paint B,34,3,3,34,100.95,302.85
T006118,2026-04-29,S015,P0004,Building Materials,Building Materials C,62,47,2,107,21.82,43.64
T006119,2025-09-27,S010,P0071,Lawn & Garden,Lawn & Garden A,59,49,8,100,39.0,312.0
T006120,2026-02-16,S011,P0025,Paint,Paint C,42,79,1,120,266.0,266.0
T006121,2025-04-20,S001,P0035,Plumbing,Plumbing A,68,32,4,96,293.54,1174.16
T006122,2025-07-12,S013,P0084,Building Materials,Building Materials B,33,44,1,76,73.0,73.0
T006123,2026-05-01,S014,P0046,Lawn & Garden,Lawn & Garden B,11,37,1,47,147.53,147.53
T006124,2025-03-02,S012,P0068,Lawn & Garden,Lawn & Garden C,15,6,1,20,127.83,127.83
T006125,2025-06-30,S011,P0022,Building Materials,Building Materials C,107,75,1,181,124.07,124.07
T006126,2025-12-27,S003,P0023,Plumbing,Plumbing C,46,2,1,47,275.32,275.32
T006127,2025-10-05,S009,P0069,Plumbing,Plumbing B,89,50,1,138,190.57,190.57
T006128,2026-03-27,S006,P0096,Hardware,Hardware B,16,55,6,65,186.96,1121.76
T006129,2025-02-07,S010,P0065,Paint,Paint B,29,6,7,28,330.54,2313.78
T006130,2025-02-05,S008,P0060,Electrical,Electrical B,32,27,1,58,157.65,157.65
T006131,2025-02-24,S006,P0042,Electrical,Electrical A,86,25,2,109,45.69,91.38
T006132,2025-08-21,S002,P0096,Plumbing,Plumbing B,87,62,2,147,256.0,512.0
T006133,2026-05-29,S006,P0065,Building Materials,Building Materials C,97,18,6,109,96.01,576.06
T006134,2026-06-18,S014,P0041,Building Materials,Building Materials B,21,26,6,41,78.99,473.94
T006135,2025-12-11,S008,P0061,Lawn & Garden,Lawn & Garden C,53,18,4,67,195.42,781.68
T006136,2025-03-31,S009,P0012,Hardware,Hardware B,22,60,4,78,307.19,1228.76
T006137,2026-06-06,S002,P0070,Electrical,Electrical C,91,56,2,145,157.94,315.88
T006138,2025-05-10,S002,P0060,Paint,Paint B,101,13,1,113,334.42,334.42
T006139,2025-05-24,S007,P0060,Paint,Paint A,101,76,2,175,100.37,200.74
T006140,2026-06-26,S011,P0052,Lawn & Garden,Lawn & Garden A,35,60,7,88,116.53,815.71
T006141,2025-11-15,S013,P0089,Hardware,Hardware A,120,58,1,177,161.32,161.32
T006142,2025-01-27,S002,P0057,Building Materials,Building Materials A,56,65,2,119,73.03,146.06
T006143,2025-06-13,S008,P0029,Building Materials,Building Materials C,57,57,5,109,241.73,1208.65
T006144,2025-12-11,S009,P0070,Hardware,Hardware A,34,24,2,56,82.07,164.14
T006145,2025-02-03,S004,P0052,Building Materials,Building Materials C,41,43,2,82,164.52,329.04
T006146,2025-01-16,S003,P0037,Appliances,Appliances A,100,76,5,171,341.97,1709.85
T006147,2026-02-22,S001,P0091,Appliances,Appliances C,91,53,1,143,203.39,203.39
T006148,2025-07-11,S015,P0064,Lawn & Garden,Lawn & Garden C,49,4,1,52,328.31,328.31
T006149,2025-02-12,S014,P0092,Lawn & Garden,Lawn & Garden B,119,68,10,177,259.71,2597.1
T006150,2026-06-08,S012,P0031,Building Materials,Building Materials C,1,13,5,9,32.05,160.25
T006151,2026-06-04,S004,P0096,Appliances,Appliances C,87,19,6,100,122.33,733.98
T006152,2025-10-20,S015,P0033,Electrical,Electrical B,24,22,4,42,244.36,977.44
T006153,2025-11-09,S007,P0084,Hardware,Hardware C,66,36,4,98,186.65,746.6
T006154,2026-01-19,S006,P0074,Electrical,Electrical B,0,3,1,2,106.1,106.1
T006155,2025-08-15,S008,P0085,Plumbing,Plumbing A,110,22,2,130,339.29,678.58
T006156,2025-03-03,S004,P0016,Paint,Paint B,22,34,6,50,304.18,1825.08
T006157,2026-02-17,S013,P0078,Hardware,Hardware B,67,43,2,108,176.16,352.32
T006158,2025-06-04,S008,P0002,Building Materials,Building Materials A,40,73,1,112,289.94,289.94
T006159,2025-07-01,S003,P0024,Electrical,Electrical B,29,21,3,47,230.96,692.88
T006160,2025-07-15,S009,P0060,Appliances,Appliances A,39,1,4,36,140.81,563.24
T006161,2025-08-25,S014,P0072,Electrical,Electrical B,56,80,7,129,133.25,932.75
T006162,2025-02-08,S012,P0089,Paint,Paint C,16,38,17,37,53.62,911.54
T006163,2026-01-28,S001,P0013,Lawn & Garden,Lawn & Garden B,103,62,1,164,116.67,116.67
T006164,2026-01-27,S002,P0036,Electrical,Electrical A,15,65,5,75,339.17,1695.85
T006165,2025-06-19,S012,P0096,Lawn & Garden,Lawn & Garden B,3,16,3,16,29.11,87.33
T006166,2025-05-04,S010,P0028,Lawn & Garden,Lawn & Garden C,118,69,1,186,241.19,241.19
T006167,2025-07-11,S004,P0064,Electrical,Electrical A,12,34,9,37,66.85,601.65
T006168,2025-02-23,S013,P0089,Appliances,Appliances C,74,43,2,115,289.43,578.86
T006169,2026-05-06,S011,P0065,Electrical,Electrical C,104,69,2,171,278.33,556.66
T006170,2025-11-28,S012,P0016,Paint,Paint C,88,15,9,94,229.5,2065.5
T006171,2025-03-30,S007,P0063,Building Materials,Building Materials A,76,13,3,86,235.28,705.84
T006172,2026-03-22,S008,P0089,Appliances,Appliances A,14,0,7,7,236.34,1654.38
T006173,2026-06-19,S014,P0018,Appliances,Appliances B,44,48,2,90,97.73,195.46
T006174,2025-07-12,S003,P0081,Paint,Paint B,98,47,4,141,73.14,292.56
T006175,2026-04-12,S006,P0017,Paint,Paint C,6,40,3,43,248.41,745.23
T006176,2025-04-07,S007,P0098,Hardware,Hardware A,18,59,1,76,313.59,313.59
T006177,2025-01-20,S004,P0013,Appliances,Appliances B,57,16,4,69,342.22,1368.88
T006178,2026-04-11,S008,P0006,Paint,Paint A,71,54,5,120,13.59,67.95
T006179,2025-04-29,S003,P0074,Plumbing,Plumbing A,113,17,3,127,251.38,754.14
T006180,2025-10-02,S003,P0002,Hardware,Hardware A,49,66,1,114,154.57,154.57
T006181,2026-03-19,S011,P0096,Building Materials,Building Materials A,69,33,1,101,125.12,125.12
T006182,2025-12-07,S012,P0083,Lawn & Garden,Lawn & Garden C,56,70,2,124,71.55,143.1
T006183,2026-03-21,S010,P0039,Plumbing,Plumbing B,107,61,8,160,239.6,1916.8
T006184,2025-11-18,S004,P0032,Electrical,Electrical B,69,38,3,104,85.06,255.18
T006185,2026-04-10,S009,P0065,Paint,Paint A,6,22,8,20,79.6,636.8
T006186,2025-02-14,S006,P0083,Hardware,Hardware B,67,1,6,62,123.6,741.6
T006187,2026-01-02,S006,P0056,Paint,Paint C,10,74,2,82,286.48,572.96
T006188,2025-12-20,S005,P0005,Electrical,Electrical C,81,38,3,116,348.83,1046.49
T006189,2025-05-24,S011,P0097,Appliances,Appliances C,40,46,5,81,135.23,676.15
T006190,2025-03-16,S013,P0013,Hardware,Hardware C,36,74,1,109,203.05,203.05
T006191,2025-08-31,S010,P0019,Paint,Paint C,64,58,5,117,122.59,612.95
T006192,2026-02-25,S004,P0095,Appliances,Appliances B,41,43,5,79,218.37,1091.85
T006193,2026-06-29,S011,P0084,Hardware,Hardware C,112,55,1,166,105.49,105.49
T006194,2025-03-07,S012,P0002,Electrical,Electrical C,97,20,4,113,294.1,1176.4
T006195,2025-10-17,S003,P0049,Building Materials,Building Materials A,55,48,3,100,336.88,1010.64
T006196,2026-03-13,S001,P0029,Appliances,Appliances C,86,24,1,109,109.03,109.03
T006197,2026-02-10,S001,P0038,Hardware,Hardware C,46,42,2,86,314.29,628.58
T006198,2026-02-04,S015,P0094,Hardware,Hardware A,18,64,2,80,124.35,248.7
T006199,2026-01-13,S008,P0097,Plumbing,Plumbing B,12,50,9,53,97.62,878.58
T006200,2026-03-03,S007,P0088,Plumbing,Plumbing B,51,39,1,89,316.48,316.48
T006201,2026-02-06,S008,P0015,Appliances,Appliances A,73,52,1,124,27.04,27.04
T006202,2025-07-08,S015,P0036,Lawn & Garden,Lawn & Garden C,19,29,4,44,147.08,588.32
T006203,2025-11-20,S006,P0011,Hardware,Hardware A,26,63,3,86,251.92,755.76
T006204,2026-05-27,S004,P0095,Building Materials,Building Materials C,94,7,2,99,92.57,185.14
T006205,2026-05-05,S013,P0050,Paint,Paint A,36,42,2,76,133.75,267.5
T006206,2025-04-13,S011,P0055,Paint,Paint C,117,39,6,150,234.93,1409.58
T006207,2026-02-07,S009,P0014,Plumbing,Plumbing B,70,63,1,132,138.67,138.67
T006208,2026-04-08,S005,P0051,Hardware,Hardware A,48,25,1,72,77.67,77.67
T006209,2026-02-19,S003,P0023,Hardware,Hardware A,80,18,1,97,321.15,321.15
T006210,2026-03-22,S008,P0054,Building Materials,Building Materials C,116,5,2,119,27.11,54.22
T006211,2025-06-17,S004,P0086,Hardware,Hardware B,52,9,1,60,251.67,251.67
T006212,2026-04-26,S002,P0081,Hardware,Hardware B,20,20,2,38,17.58,35.16
T006213,2025-07-20,S014,P0033,Lawn & Garden,Lawn & Garden C,118,43,1,160,95.27,95.27
T006214,2025-03-31,S007,P0059,Electrical,Electrical C,23,54,2,75,253.48,506.96
T006215,2025-12-15,S008,P0083,Lawn & Garden,Lawn & Garden A,31,26,4,53,337.6,1350.4
T006216,2025-09-02,S002,P0096,Electrical,Electrical B,61,1,3,59,269.36,808.08
T006217,2025-02-11,S013,P0069,Electrical,Electrical A,25,69,5,89,212.99,1064.95
T006218,2025-11-11,S009,P0080,Lawn & Garden,Lawn & Garden B,73,11,7,77,150.51,1053.57
T006219,2026-03-28,S009,P0046,Hardware,Hardware A,83,3,4,82,197.91,791.64
T006220,2026-02-03, S007 ,P0010,Hardware,Hardware C,86,12,3,95,227.67,683.01
T006221,2025-12-24,S010,P0025,Hardware,Hardware A,96,1,4,93,223.26,893.04
T006222,2025-01-07,S014,P0041,Paint,Paint B,111,74,4,181,314.02,1256.08
T006223,2025-09-17,S014,P0093,Appliances,Appliances A,75,31,5,101,110.64,553.2
T006224,2025-05-26,S010,P0059,Paint,Paint A,36,33,3,66,123.71,371.13
T006225,2025-01-24,S014,P0044,Paint,Paint B,25,7,1,31,318.13,318.13
T006226,2025-03-18,S005,P0099,Paint,Paint B,56,66,6,116,279.29,1675.74
T006227,2025-08-22,S004,P0056,Appliances,Appliances B,66,10,1,75,45.79,45.79
T006228,2025-04-02,S004,P0059,Building Materials,Building Materials A,71,45,5,111,347.9,1739.5
T006229,2025-12-08,S001,P0058,Paint,Paint C,7,14,4,17,224.39,897.56
T006230,2025-05-03,S003,P0055,Lawn & Garden,Lawn & Garden A,41,51,4,88,76.8,307.2
T006231,2026-01-14,S002,P0058,Plumbing,Plumbing A,41,62,3,100,13.67,41.01
T006232,2026-03-12,S007,P0001,Lawn & Garden,Lawn & Garden A,57,17,1,73,189.52,189.52
T006233,2025-09-16,S007,P0048,Electrical,Electrical C,97,29,3,123,119.95,359.85
T006234,2025-02-26,S001,P0062,Appliances,Appliances C,5,70,7,68,205.39,1437.73
T006235,2025-11-27,S013,P0076,Building Materials,Building Materials B,83,63,4,142,132.48,529.92
T006236,2026-01-07,S011,P0084,Plumbing,Plumbing B,49,2,4,47,78.69,314.76
T006237,2025-03-22,S011,P0032,Building Materials,Building Materials A,24,2,7,19,31.78,222.46
T006238,2026-03-28,S001,P0030,Lawn & Garden,Lawn & Garden A,5,25,8,22,148.59,1188.72
T006239,2025-02-14,S003,P0052,Lawn & Garden,Lawn & Garden C,93,67,5,155,216.68,1083.4
T006240,2025-12-05,S011,P0013,Appliances,Appliances C,92,71,11,152,155.33,1708.63
T006241,2025-11-16,S011,P0032,Hardware,Hardware B,67,57,4,120,196.24,784.96
T006242,2026-01-31,S015,P0049,Hardware,Hardware B,51,67,5,113,326.8,1634.0
T006243,2025-08-02,S001,P0061,Building Materials,Building Materials C,101,63,6,158,335.41,2012.46
T006244,2025-12-16,S009,P0003,Lawn & Garden,Lawn & Garden A,57,3,8,52,135.23,1081.84
T006245,2025-09-17,S009,P0021,Building Materials,Building Materials B,69,61,1,129,224.72,224.72
T006246,2025-02-15,S013,P0045,Electrical,Electrical C,107,75,1,181,276.78,276.78
T006247,2025-01-07,S009,P0016,Plumbing,Plumbing B,116,68,1,183,289.28,289.28
T006248,2025-08-14,S004,P0074,Paint,Paint C,70,46,2,114,256.56,513.12
T006249,2025-01-10,S014,P0004,Plumbing,Plumbing C,61,5,6,60,94.22,565.32
T006250,2025-12-10,S012,P0038,Plumbing,Plumbing C,74,38,2,110,308.1,616.2
T006251,2025-01-09,S006,P0094,Building Materials,Building Materials B,56,80,3,133,87.11,261.33
T006252,2025-09-21,S014,P0100,Plumbing,Plumbing B,102,70,1,171,230.96,230.96
T006253,2025-12-23,S010,P0017,building materials,Building Materials B,120,33,1,152,184.02,184.02
T006254,2025-12-01,S003,P0074,Appliances,Appliances C,25,12,2,35,181.29,362.58
T006255,2026-06-18,S013,P0052,Lawn & Garden,Lawn & Garden C,48,8,1,55,95.89,95.89
T006256,2026-05-26,S005,P0009,Appliances,Appliances C,70,57,5,122,178.65,893.25
T006257,2025-01-31,S007,P0042,Hardware,Hardware A,52,22,1,73,308.86,308.86
T006258,2025-12-15,S012,P0097,Paint,Paint C,69,53,1,121,329.96,329.96
T006259,2026-02-05,S015,P0059,Building Materials,Building Materials B,3,28,4,27,294.86,1179.44
T006260,2025-06-20,S006,P0036,Lawn & Garden,Lawn & Garden B,112,35,2,145,36.06,72.12
T006261,2025-09-29,S012,P0089,Appliances,Appliances C,8,76,2,82,240.01,480.02
T006262,2026-03-06,S013,P0019,Plumbing,Plumbing C,7,65,6,66,209.29,1255.74
T006263,2026-03-05,S003,P0002,Building Materials,Building Materials A,65,2,2,65,244.05,488.1
T006264,2025-07-07,S005,P0017,Building Materials,Building Materials C,62,40,3,99,319.15,957.45
T006265,2025-05-18,S010,P0045,Hardware,Hardware C,95,57,2,150,218.1,436.2
T006266,2026-03-29,S008,P0057,Plumbing,Plumbing A,14,40,3,51,139.27,417.81
T006267,2025-05-26,S012,P0084,Hardware,Hardware C,112,14,5,121,264.84,1324.2
T006268,2025-08-25,S012,P0088,Electrical,Electrical C,4,16,2,18,242.02,484.04
T006269,2025-08-19,S011,P0043,Lawn & Garden,Lawn & Garden C,72,59,3,128,193.43,580.29
T006270,2026-06-06,S013,P0041,Lawn & Garden,Lawn & Garden B,0,38,2,36,62.43,124.86
T006271,2026-05-31,S007,P0064,Hardware,Hardware C,57,40,1,96,123.95,123.95
T006272,2025-11-16,S011,P0044,Building Materials,Building Materials C,86,39,1,124,290.4,290.4
T006273,2025-07-27,S004,P0063,Building Materials,Building Materials A,84,38,2,120,337.58,675.16
T006274,2025-10-21,S010,P0072,Appliances,Appliances A,37,17,3,51,16.17,48.51
T006275,2025-05-11,S006,P0012,Hardware,Hardware C,104,32,5,131,181.34,906.7
T006276,2026-03-20,S013,P0011,Building Materials,Building Materials A,40,18,2,56,278.06,556.12
T006277,2025-02-18,S003,P0049,Electrical,Electrical B,47,19,2,64,349.21,698.42
T006278,2025-06-05,S007,P0046,Building Materials,Building Materials B,59,53,4,108,107.33,429.32
T006279,2025-02-08,S007,P0055,Electrical,Electrical B,53,53,3,103,133.54,400.62
T006280,2026-03-27,S002,P0007,Plumbing,Plumbing A,117,47,1,163,201.56,201.56
T006281,2025-08-28,S015,P0065,Lawn & Garden,Lawn & Garden C,43,57,8,92,52.16,417.28
T006282,2026-05-02,S013,P0083,Appliances,Appliances C,71,44,2,113,243.52,487.04
T006283,2025-03-06,S012,P0092,Hardware,Hardware C,71,62,3,130,35.66,106.98
T006284,2025-05-03,S011,P0068,Hardware,Hardware A,26,59,1,84,88.66,88.66
T006285,2026-01-08,S002,P0062,Electrical,Electrical B,112,22,6,128,345.47,2072.82
T006286,2026-05-14,S013,P0091,Appliances,Appliances C,5,55,2,58,266.21,532.42
T006287,2025-02-09,S004,P0008,Hardware,Hardware A,119,53,9,163,311.96,2807.64
T006288,2025-07-30,S002,P0076,Appliances,Appliances A,58,37,3,92,278.28,834.84
T006289,2026-03-10,S015,P0018,Building Materials,Building Materials A,114,35,4,145,255.5,1022.0
T006290,2025-01-19,S006,P0096,Hardware,Hardware C,20,79,2,97,247.97,495.94
T006291,2025-05-18,S002,P0007,Building Materials,Building Materials B,13,32,1,44,56.38,56.38
T006292,2026-05-28,S003,P0051,Lawn & Garden,Lawn & Garden A,2,25,4,23,35.72,142.88
T006293,2026-01-09,S002,P0076,Building Materials,Building Materials C,64,23,4,83,127.41,509.64
T006294,2026-04-03,S015,P0068,Lawn & Garden,Lawn & Garden C,18,38,1,55,189.08,189.08
T006295,2025-04-26,S004,P0093,Building Materials,Building Materials C,62,19,1,80,49.19,49.19
T006296,2025-08-19,S003,P0080,Paint,Paint C,40,39,6,73,296.15,1776.9
T006297,2025-11-23,S013,P0037,Electrical,Electrical A,42,38,2,78,280.62,561.24
T006298,2025-07-26,S014,P0054,Lawn & Garden,Lawn & Garden A,4,20,5,19,285.86,1429.3
T006299,2025-04-18,S012,P0002,Hardware,Hardware A,70,58,12,116,169.41,2032.92
T006300,2026-01-27,S001,P0002,Electrical,Electrical B,38,43,4,77,264.79,1059.16
T006301,2026-04-23,S008,P0028,Building Materials,Building Materials A,108,73,3,178,316.74,950.22
T006302,2026-05-03,S002,P0093,Building Materials,Building Materials A,75,40,1,114,137.16,137.16
T006303,2026-03-03,S003,P0077,Appliances,Appliances A,99,18,4,113,206.29,825.16
T006304,2025-11-16,S015,P0096,Appliances,Appliances A,116,2,4,114,213.71,854.84
T006305,2026-04-29,S007,P0003,Paint,Paint B,26,63,3,86,20.01,60.03
T006306,2025-05-14, S014 ,P0055,Building Materials,Building Materials B,16,33,5,44,138.04,690.2
T006307,2025-09-07,S009,P0015,Appliances,Appliances B,99,62,1,160,236.19,236.19
T006308,2025-12-02,S006,P0014,Lawn & Garden,Lawn & Garden B,52,7,3,56,214.93,644.79
T006309,2026-04-18,S015,P0002,Hardware,Hardware A,46,5,3,48,14.07,42.21
T006310,2026-01-08,S008,P0032,Building Materials,Building Materials C,59,61,2,118,311.14,622.28
T006311,2025-11-15,S010,P0061,Hardware,Hardware B,9,15,4,20,232.62,930.48
T006312,2025-03-07,S005,P0054,Building Materials,Building Materials C,82,75,1,156,91.44,91.44
T006313,2026-04-18,S001,P0001,Lawn & Garden,Lawn & Garden B,13,70,1,82,94.23,94.23
T006314,2026-05-18,S006,P0094,Hardware,Hardware A,69,69,2,136,208.96,417.92
T006315,2026-03-26,S012,P0044,Electrical,Electrical B,52,12,2,62,291.46,582.92
T006316,2025-07-21,S001,P0001,Paint,Paint C,20,21,4,37,77.88,311.52
T006317,2026-03-15,S003,P0063,Lawn & Garden,Lawn & Garden C,99,10,4,105,90.22,360.88
T006318,2025-07-05,S012,P0065,Paint,Paint C,76,51,1,126,323.92,323.92
T006319,2025-11-16,S010,P0097,Plumbing,Plumbing C,106,71,9,168,259.94,2339.46
T006320,2025-06-23,S007,P0096,Electrical,Electrical C,10,56,4,62,275.84,1103.36
T006321,2026-04-25,S004,P0068,Hardware,Hardware A,67,13,10,70,342.85,3428.5
T006322,2025-12-02,S007,P0018,Appliances,Appliances A,11,69,7,73,31.42,219.94
T006323,2025-01-17,S004,P0062,Lawn & Garden,Lawn & Garden C,119,71,2,188,328.92,657.84
T006324,2025-03-31,S005,P0018,Paint,Paint A,96,53,1,148,263.26,263.26
T006325,2025-02-02,S013,P0057,Paint,Paint B,116,6,1,121,121.74,121.74
T006326,2025-03-23,S010,P0009,Paint,Paint C,41,64,1,104,165.83,165.83
T006327,2025-03-06,S001,P0042,Paint,Paint C,21,20,3,38,111.55,334.65
T006328,2025-06-20,S008,P0065,Plumbing,Plumbing B,66,23,1,88,28.51,28.51
T006329,2026-05-12,S009,P0032,Appliances,Appliances B,12,36,5,43,218.83,1094.15
T006330,2025-04-06,S005,P0005,Electrical,Electrical A,32,48,2,78,111.62,223.24
T006331,2025-11-22,S007,P0097,Appliances,Appliances A,71,29,1,99,201.58,201.58
T006332,2025-03-08,S008,P0021,Electrical,Electrical A,95,23,4,114,336.5,1346.0
T006333,2025-02-27,S003,P0046,Plumbing,,120,39,12,147,241.52,2898.24
T006334,2025-03-13,S009,P0062,Building Materials,Building Materials B,24,48,7,65,258.07,1806.49
T006335,2026-01-13,S006,P0068,Lawn & Garden,Lawn & Garden C,69,47,4,112,32.99,131.96
T006336,2026-04-08,S008,P0047,Hardware,Hardware B,116,59,7,168,319.01,2233.07
T006337,2025-02-04,S003,P0037,Plumbing,Plumbing A,60,26,4,82,93.46,373.84
T006338,2025-05-28,S002,P0065,Electrical,Electrical C,59,68,1,126,291.71,291.71
T006339,2026-01-29,S015,P0015,Hardware,Hardware C,105,66,5,166,8.23,41.15
T006340,2026-03-26,S009,P0039,Appliances,Appliances B,39,30,4,65,110.31,441.24
T006341,2026-02-14,S003,P0052,Hardware,Hardware A,44,12,6,50,212.13,1272.78
T006342,2025-08-27,S005,P0025,Paint,Paint C,10,40,1,49,228.54,228.54
T006343,2025-06-13,S008,P0060,Hardware,Hardware C,24,47,7,64,163.22,1142.54
T006344,2026-02-06,S001,P0003,Appliances,Appliances A,31,80,1,110,43.71,43.71
T006345,2026-04-18,S012,P0086,Lawn & Garden,Lawn & Garden C,21,73,3,91,297.78,893.34
T006346,2026-04-29, S014 ,P0019,Electrical,Electrical C,104,6,3,107,110.19,330.57
T006347,2025-12-06,S010,,Plumbing,Plumbing B,49,50,1,98,147.64,147.64
T006348,2025-01-27,S014,P0024,Electrical,Electrical C,20,64,2,82,134.41,268.82
T006349,2025-09-27,S008,P0004,Paint,Paint A,14,74,4,84,97.98,391.92
T006350,2025-04-17,S008,P0064,Building Materials,Building Materials A,72,56,2,126,331.25,662.5
T006351,2025-08-18,S013,P0025,Appliances,Appliances A,20,42,8,54,238.92,1911.36
T006352,2025-01-21,S009,P0034,Electrical,Electrical C,5,21,3,23,273.58,820.74
T006353,2025-10-28,S005,P0091,Plumbing,Plumbing B,44,48,2,90,49.13,98.26
T006354,2025-02-01,S008,P0002,Electrical,Electrical C,114,65,7,172,184.1,1288.7
T006355,2025-02-05,S012,P0019,Plumbing,Plumbing A,103,18,2,119,319.34,638.68
T006356,2026-03-12,S008,P0088,Lawn & Garden,Lawn & Garden B,63,40,1,102,251.59,251.59
T006357,2026-04-05,S006,P0019,Appliances,Appliances A,76,59,4,131,157.19,628.76
T006358,2025-09-25, S012 ,P0076,Building Materials,Building Materials C,80,44,1,123,80.01,80.01
T006359,2025-03-22,S009,P0064,Building Materials,Building Materials A,42,58,2,98,348.62,697.24
T006360,2026-02-24,S012,P0055,Appliances,Appliances B,46,64,3,107,344.84,1034.52
T006361,2025-09-03,S014,P0060,Hardware,Hardware A,83,57,2,138,151.97,303.94
T006362,2026-04-07,S009,P0045,Electrical,Electrical C,14,61,19,56,74.94,1423.86
T006363,2025-03-01,S004,P0071,Electrical,Electrical C,26,35,4,57,101.43,405.72
T006364,2025-11-17,S010,P0076,Appliances,Appliances A,57,13,3,67,182.84,548.52
T006365,2025-11-17,S010,P0063,Appliances,Appliances A,64,8,1,71,291.22,291.22
T006366,2026-04-24, S004 ,P0094,Lawn & Garden,Lawn & Garden C,42,37,4,75,242.24,968.96
T006367,2025-07-03,S010,P0068,Hardware,Hardware C,33,73,7,99,54.65,382.55
T006368,2025-08-13,S014,P0040,Lawn & Garden,Lawn & Garden B,87,48,1,134,170.2,170.2
T006369,2026-03-15,S005,P0017,Electrical,Electrical A,15,40,4,51,35.13,140.52
T006370,2025-12-10,S003,P0018,Plumbing,Plumbing B,1,51,2,50,47.99,95.98
T006371,2026-01-01,S006,P0054,Lawn & Garden,Lawn & Garden B,23,74,5,92,19.12,95.6
T006372,2026-04-08,S007,P0025,Electrical,Electrical B,9,20,3,26,149.93,449.79
T006373,2026-04-02,S011,P0056,Electrical,Electrical A,60,17,4,73,117.95,471.8
T006374,2025-03-27,S010,P0032,Hardware,Hardware C,102,75,11,166,321.79,3539.69
T006375,2025-06-13,S008,P0074,Hardware,Hardware B,22,2,5,19,255.91,1279.55
T006376,2025-08-09,S001,P0047,Plumbing,Plumbing C,24,52,2,74,251.43,502.86
T006377,2025-10-22,S003,P0078,Hardware,Hardware C,60,61,1,120,78.31,78.31
T006378,2026-04-08,S015,P0015,Lawn & Garden,Lawn & Garden B,46,34,2,78,333.66,667.32
T006379,2026-04-13,S007,P0088,Appliances,Appliances B,93,22,1,114,31.61,31.61
T006380,2026-01-30,S010,P0075,Plumbing,Plumbing B,23,71,3,91,100.92,302.76
T006381,2026-05-20,S015,P0006,Appliances,Appliances B,87,47,3,131,65.3,195.9
T006382,2026-04-26,S003,P0015,Appliances,Appliances A,11,49,1,59,158.82,158.82
T006383,2025-10-04,S004,P0019,Lawn & Garden,Lawn & Garden C,81,56,3,134,213.31,639.93
T006384,2025-08-16,S002,P0074,Lawn & Garden,Lawn & Garden B,43,77,9,111,247.83,2230.47
T006385,2025-11-14,S003,P0066,electrical,Electrical B,87,14,3,98,290.48,871.44
T006386,2025-10-04,S008,P0052,Appliances,Appliances C,13,54,2,65,14.15,28.3
T006387,2025-03-16,S013,P0004,Paint,Paint B,108,0,5,103,91.91,459.55
T006388,2025-05-11,S007,P0018,Appliances,Appliances B,5,43,2,46,92.87,185.74
T006389,2025-01-21,S002,P0097,Hardware,Hardware B,105,39,3,141,341.19,1023.57
T006390,2025-01-26,S010,P0038,Paint,Paint A,70,14,7,77,119.34,835.38
T006391,2025-03-19,S006,P0094,Building Materials,Building Materials A,66,63,1,128,336.05,336.05
T006392,2025-06-22,S002,P0077,Building Materials,Building Materials A,15,10,6,19,179.76,1078.56
T006393,2025-02-16,S013,P0008,Hardware,Hardware B,18,49,1,66,84.42,84.42
T006394,2025-08-18,S008,P0085,Hardware,Hardware A,80,27,12,95,335.34,4024.08
T006395,2025-05-30,S014,P0037,Hardware,Hardware A,20,54,1,73,301.37,301.37
T006396,2025-09-08,S005,P0029,Paint,Paint A,48,5,3,50,62.24,186.72
T006397,2025-06-03,S008,P0085,Electrical,Electrical B,83,45,8,120,42.3,338.4
T006398,2026-04-13,S001,P0029,Lawn & Garden,Lawn & Garden C,89,10,1,98,282.21,282.21
T006399,2025-05-27,S012,P0037,Plumbing,Plumbing C,14,21,2,33,56.66,113.32
T006400,2026-01-15,S003,P0021,Lawn & Garden,Lawn & Garden C,19,3,5,17,181.83,909.15
T006401,2025-02-06,S014,P0004,Plumbing,Plumbing C,29,52,1,80,68.26,68.26
T006402,2025-12-24,S005,P0044,Plumbing,,36,34,4,66,211.18,844.72
T006403,2026-04-20,S008,P0029,Building Materials,Building Materials B,20,29,4,45,200.26,801.04
T006404,2025-12-28,S012,P0048,Hardware,Hardware C,105,28,1,132,224.35,224.35
T006405,2025-03-20,S014,P0014,Hardware,Hardware B,18,53,1,70,81.73,81.73
T006406,2026-04-01,S014,P0046,Hardware,Hardware A,13,61,1,73,129.18,129.18
T006407,2025-08-24,S004,P0029,Electrical,Electrical B,80,47,4,123,65.08,260.32
T006408,2025-04-26,S013,P0098,Appliances,Appliances C,93,33,1,125,257.78,257.78
T006409,2025-05-23,S015,P0004,Paint,Paint C,16,4,1,19,232.05,232.05
T006410,2025-06-29,S011,P0017,Hardware,Hardware A,50,68,6,112,336.9,2021.4
T006411,2026-02-28,S004,P0054,Appliances,Appliances B,79,52,8,123,13.64,109.12
T006412,2026-06-06,S006,P0058,Hardware,Hardware C,73,21,8,86,331.81,2654.48
T006413,2025-03-30,S003,P0003,Lawn & Garden,Lawn & Garden C,83,26,3,106,112.38,337.14
T006414,2025-05-30,S006,P0057,Building Materials,Building Materials A,49,77,1,125,219.25,219.25
T006415,2025-05-09,S012,P0008,Appliances,Appliances A,96,1,1,96,256.2,256.2
T006416,2025-08-31,S012,P0077,Hardware,Hardware C,12,71,1,82,32.21,32.21
T006417,2025-03-17,S002,P0044,Paint,Paint B,89,32,1,120,108.35,108.35
T006418,2026-03-02,S006,P0100,lawn & garden,Lawn & Garden B,55,74,8,121,200.02,1600.16
T006419,2025-07-23,S003,P0024,Hardware,Hardware A,105,67,4,168,262.06,1048.24
T006420,2025-07-14,S002,P0073,Building Materials,Building Materials C,79,58,3,134,345.05,1035.15
T006421,2025-08-06,S009,P0072,lawn & garden,Lawn & Garden C,28,12,3,37,233.63,700.89
T006422,2025-10-06,S009,P0021,Plumbing,Plumbing A,53,15,6,62,89.46,536.76
T006423,2026-05-19,S012,P0019,Plumbing,Plumbing C,26,68,6,88,221.34,1328.04
T006424,2025-02-10,S006,P0013,Plumbing,Plumbing A,53,6,3,56,9.94,29.82
T006425,2026-05-09,S001,P0087,Electrical,Electrical C,89,4,7,86,226.91,1588.37
T006426,2026-02-20,S011,P0055,Plumbing,Plumbing A,4,6,2,8,43.07,86.14
T006427,2025-10-13,S003,P0018,Building Materials,Building Materials B,103,30,5,128,119.84,599.2
T006428,2025-07-02,S011,P0083,Electrical,Electrical A,48,19,7,60,172.79,1209.53
T006429,2026-01-17,S010,P0006,Paint,Paint B,104,33,6,131,318.31,1909.86
T006430,2025-10-21,S010,P0096,Plumbing,Plumbing A,1,9,1,9,347.41,347.41
T006431,2026-01-28,S012,P0029,Appliances,Appliances B,20,19,2,37,76.43,152.86
T006432,2026-06-28,S007,P0031,Building Materials,Building Materials C,105,4,1,108,48.68,48.68
T006433,2025-04-15,S003,P0001,Lawn & Garden,Lawn & Garden B,71,66,1,136,289.69,289.69
T006434,2025-12-11,S007,P0068,Building Materials,Building Materials A,110,18,2,126,101.56,203.12
T006435,2025-05-28,S005,P0054,Appliances,Appliances A,81,35,3,113,49.59,148.77
T006436,2026-02-04,S013,P0044,Hardware,Hardware B,93,51,4,140,152.04,608.16
T006437,2025-09-22,S005,P0031,Building Materials,Building Materials A,39,30,1,68,17.59,17.59
T006438,2025-07-24,S010,P0090,Appliances,Appliances A,55,77,2,130,249.13,498.26
T006439,2025-06-03,S011,P0051,Plumbing,Plumbing C,37,71,6,102,197.74,1186.44
T006440,2026-03-11,S012,P0085,Paint,Paint B,35,62,3,94,47.17,141.51
T006441,2025-11-30,S010,P0089,Hardware,Hardware B,100,54,4,150,153.61,614.44
T006442,2025-02-11,S009,P0024,Building Materials,Building Materials B,58,38,3,93,295.85,887.55
T006443,2025-07-07,S012,P0043,Electrical,Electrical B,31,37,1,67,167.99,167.99
T006444,2025-02-18,S004,P0014,Hardware,Hardware C,31,46,1,76,140.14,140.14
T006445,2026-06-19,S004,P0010,Hardware,Hardware A,22,5,2,25,238.95,477.9
T006446,2025-11-17,S002,P0021,Paint,Paint B,43,60,5,98,225.59,1127.95
T006447,2025-02-14,S003,P0007,Paint,Paint C,4,34,1,37,24.74,24.74
T006448,2025-01-19,S001,P0093,Paint,Paint A,11,46,2,55,52.52,105.04
T006449,2025-12-13,S006,P0048,Appliances,Appliances B,62,15,3,74,293.14,879.42
T006450,2026-01-11,S005,P0037,Paint,Paint C,49,57,9,97,26.41,237.69
T006451,2025-02-03,S014,P0086,Plumbing,Plumbing C,8,51,4,55,152.27,609.08
T006452,2025-09-14,S014,P0061,Building Materials,Building Materials B,21,8,4,25,20.73,82.92
T006453,2026-03-26,S009,P0097,Hardware,Hardware A,0,72,2,70,270.38,540.76
T006454,2025-07-30,S011,P0044,Hardware,Hardware B,26,65,10,81,90.15,901.5
T006455,2025-11-01,S004,,Paint,Paint A,50,19,3,66,155.12,465.36
T006456,2025-02-09,S008,P0081,Appliances,Appliances B,30,50,6,74,92.3,553.8
T006457,2026-03-29,S001,P0056,Hardware,Hardware C,34,49,1,82,215.34,215.34
T006458,2025-08-31,S002,P0095,Lawn & Garden,Lawn & Garden C,24,35,3,56,103.27,309.81
T006459,2025-03-29,S010,P0047,Appliances,Appliances A,56,78,17,117,278.29,4730.93
T006460,2025-11-29,S015,P0044,Electrical,Electrical B,112,13,3,122,311.78,935.34
T006461,2025-02-14,S011,P0067,Lawn & Garden,Lawn & Garden A,3,29,2,30,156.38,312.76
T006462,2026-01-25,S015,P0011,Hardware,Hardware C,31,25,6,50,82.63,495.78
T006463,2025-02-01,S011,P0035,Building Materials,Building Materials A,97,49,2,144,68.85,137.7
T006464,2026-02-19,S010,P0039,Electrical,Electrical B,101,42,2,141,319.39,638.78
T006465,2025-04-22,S007,P0047,Hardware,Hardware B,2,80,1,81,230.83,230.83
T006466,2025-01-30,S001,P0055,Paint,Paint C,12,17,1,28,347.5,347.5
T006467,2026-06-28,S003,P0093,Building Materials,Building Materials B,74,56,4,126,320.22,1280.88
T006468,2026-02-06,S001,P0043,Plumbing,Plumbing A,84,2,2,84,273.14,546.28
T006469,2026-04-02,S013,,Paint,Paint B,82,56,5,133,111.77,558.85
T006470,2025-03-26,S006,P0052,Hardware,Hardware A,55,52,4,103,56.46,225.84
T006471,2026-01-16,S007,P0009,Plumbing,Plumbing A,80,3,3,80,179.65,538.95
T006472,2025-10-09,S015,P0023,Building Materials,Building Materials C,84,37,2,119,323.05,646.1
T006473,2025-05-06,S007,P0027,Lawn & Garden,Lawn & Garden A,115,69,1,183,215.6,215.6
T006474,2025-12-11,S009,P0088,Appliances,Appliances A,83,17,1,99,262.84,262.84
T006475,2026-04-03,S005,P0014,Appliances,Appliances A,23,78,1,100,53.81,53.81
T006476,2026-05-31,S002,P0038,Lawn & Garden,Lawn & Garden A,81,80,3,158,335.1,1005.3
T006477,2025-08-04,S013,P0012,Building Materials,Building Materials C,32,54,9,77,111.08,999.72
T006478,2025-12-12,S002,P0017,Lawn & Garden,Lawn & Garden C,43,20,12,51,88.76,1065.12
T006479,2025-11-15,S014,P0024,Building Materials,Building Materials A,111,39,1,149,35.13,35.13
T006480,2025-01-09,S014,P0033,Lawn & Garden,Lawn & Garden C,73,68,6,135,222.11,1332.66
T006481,2025-06-28,S007,P0003,Paint,Paint A,29,74,8,95,115.44,923.52
T006482,2026-06-11,S006,P0036,Plumbing,Plumbing C,16,76,1,91,34.18,34.18
T006483,2026-06-07,S004,P0035,Appliances,Appliances A,73,10,5,78,157.87,789.35
T006484,2025-07-02,S004,P0057,Appliances,Appliances A,6,12,7,11,208.05,1456.35
T006485,2025-07-21,S013,P0019,Lawn & Garden,Lawn & Garden A,7,10,1,16,286.31,286.31
T006486,2026-03-02,S013,P0070,Appliances,Appliances B,21,66,4,83,90.73,362.92
T006487,2025-02-02,S008,P0059,Building Materials,Building Materials A,106,71,1,176,180.23,180.23
T006488,2025-02-27,S006,P0085,Hardware,Hardware B,29,35,4,60,310.34,1241.36
T006489,2026-05-20,S007,P0011,Appliances,Appliances B,58,56,3,111,54.1,162.3
T006490,2025-09-23,S011,P0027,Appliances,Appliances C,83,54,1,136,222.58,222.58
T006491,2025-10-13,S012,P0100,Building Materials,Building Materials C,64,47,1,110,305.17,305.17
T006492,2025-10-30,S005,P0087,Lawn & Garden,Lawn & Garden A,74,34,1,107,61.62,61.62
T006493,2025-04-15,S014,P0053,Hardware,Hardware A,47,59,7,99,47.84,334.88
T006494,2025-06-10,S015,P0008,Plumbing,Plumbing B,70,55,3,122,86.97,260.91
T006495,2025-04-29,S006,P0078,Electrical,Electrical B,5,24,1,28,64.47,64.47
T006496,2025-03-15,S007,P0060,Hardware,Hardware C,84,29,5,108,318.98,1594.9
T006497,2025-01-30,S004,P0051,Electrical,Electrical C,15,20,2,33,245.36,490.72
T006498,2025-02-01,S010,P0078,Lawn & Garden,Lawn & Garden A,110,75,3,182,67.73,203.19
T006499,2026-03-19,S004,P0013,Paint,Paint A,24,41,2,63,41.15,82.3
T006500,2025-02-28,S002,P0076,Building Materials,Building Materials A,32,43,12,63,328.55,3942.6
T006501,2026-01-21,S009,P0029,Paint,Paint B,41,35,3,73,118.2,354.6
T006502,2025-06-27,S015,P0025,Plumbing,Plumbing C,1,24,5,20,240.29,1201.45
T006503,2025-12-19,S015,P0062,Plumbing,Plumbing A,42,8,7,43,185.2,1296.4
T006504,2026-04-12,S015,P0064,Lawn & Garden,Lawn & Garden A,54,67,3,118,81.26,243.78
T006505,2026-02-11,S015,P0034,Plumbing,Plumbing B,57,44,8,93,337.2,2697.6
T006506,2026-02-25,S009,P0055,Lawn & Garden,Lawn & Garden C,108,23,6,125,159.66,957.96
T006507,2025-03-06,S006,P0023,Electrical,Electrical A,86,51,1,136,219.96,219.96
T006508,2025-10-10,S005,P0058,Appliances,Appliances A,92,42,1,133,236.08,236.08
T006509,2025-10-17,S014,P0074,Building Materials,Building Materials B,46,32,3,75,282.36,847.08
T006510,2025-06-02,S001,P0036,Plumbing,Plumbing A,66,74,3,137,72.41,217.23
T006511,2025-10-16,S010,P0025,Hardware,Hardware A,40,4,1,43,339.89,339.89
T006512,2025-11-02,S005,P0015,Paint,Paint A,75,7,4,78,238.09,952.36
T006513,2026-05-10,S005,P0094,Lawn & Garden,Lawn & Garden C,72,22,2,92,318.33,636.66
T006514,2025-04-10,S001,P0015,Lawn & Garden,Lawn & Garden C,89,57,3,143,153.94,461.82
T006515,2025-03-17,S007,P0097,Lawn & Garden,Lawn & Garden C,38,58,2,94,84.36,168.72
T006516,2026-04-29,S012,P0035,Hardware,Hardware B,116,0,2,114,215.52,431.04
T006517,2026-05-13,S003,P0071,Appliances,Appliances C,86,17,1,102,208.39,208.39
T006518,2026-06-10,S005,P0084,Plumbing,Plumbing B,68,63,4,127,107.38,429.52
T006519,2025-07-15,S006,P0087,Lawn & Garden,Lawn & Garden C,12,11,4,19,164.97,659.88
T006520,2025-11-18,S007,P0072,Hardware,Hardware B,101,37,1,137,117.34,117.34
T006521,2025-04-24,S006,P0096,Hardware,Hardware A,64,23,2,85,77.4,154.8
T006522,2025-02-05,S005,P0091,Hardware,Hardware A,37,49,3,83,300.36,901.08
T006523,2025-05-17,S014,P0037,Plumbing,Plumbing C,105,5,9,101,325.97,2933.73
T006524,2026-05-10,S013,P0014,Hardware,Hardware C,69,32,1,100,322.25,322.25
T006525,2026-04-08,S002,P0090,Appliances,Appliances B,20,63,2,81,259.32,518.64
T006526,2026-03-12,S014,P0011,Plumbing,Plumbing A,38,7,2,43,72.07,144.14
T006527,2025-06-24,S007,P0025,Building Materials,Building Materials C,12,74,4,82,181.19,724.76
T006528,2025-04-17,S004,P0011,Appliances,Appliances B,53,49,1,101,86.32,86.32
T006529,2025-04-23,S008,P0075,Lawn & Garden,Lawn & Garden B,76,56,1,131,277.14,277.14
T006530,2025-10-05,S007,P0009,Plumbing,Plumbing C,84,46,12,118,67.41,808.92
T006531,2025-04-24,S008,P0018,Appliances,Appliances C,17,10,1,26,256.47,256.47
T006532,2025-01-20,S014,P0078,Hardware,Hardware A,13,54,3,64,164.87,494.61
T006533,2025-09-23,S007,P0019,Hardware,Hardware C,11,57,3,65,149.64,448.92
T006534,2025-04-26,S001,P0017,Hardware,Hardware A,48,65,2,111,51.31,102.62
T006535,2025-09-30,S011,P0080,Plumbing,Plumbing C,12,46,6,52,164.03,984.18
T006536,2026-05-20,S013,P0072,Appliances,Appliances C,45,76,3,118,57.69,173.07
T006537,2025-03-20,S008,P0076,Paint,Paint C,53,64,10,107,205.73,2057.3
T006538,2025-03-24,S003,P0094,Paint,Paint B,0,75,1,74,30.76,30.76
T006539,2026-05-14,S007,P0041,Paint,Paint B,72,71,4,139,73.36,293.44
T006540,2026-04-24,S013,P0030,Building Materials,Building Materials B,104,39,4,139,265.98,1063.92
T006541,2026-03-30,S001,P0028,Appliances,Appliances B,104,25,4,125,324.15,1296.6
T006542,2025-09-03,S001,P0037,Hardware,Hardware A,115,51,6,160,247.41,1484.46
T006543,2026-06-26,S014,P0092,Paint,Paint B,3,40,8,35,186.43,1491.44
T006544,2025-01-24,S007,P0052,Hardware,Hardware A,78,63,11,130,255.67,2812.37
T006545,2025-12-30,S001,P0053,Lawn & Garden,Lawn & Garden C,84,33,1,116,25.82,25.82
T006546,2026-03-16,S006,P0081,Plumbing,Plumbing C,46,0,4,42,292.84,1171.36
T006547,2025-05-31,S003,P0056,Building Materials,Building Materials B,42,80,7,115,118.25,827.75
T006548,2025-06-12,S009,P0062,Electrical,Electrical B,117,23,3,137,330.9,992.7
T006549,2026-04-08,S010,P0043,Paint,Paint B,67,61,1,127,253.16,253.16
T006550,2026-04-28,S013,P0082,Appliances,Appliances A,48,39,1,86,264.39,264.39
T006551,2026-01-17,S007,P0068,Hardware,Hardware C,16,36,1,51,116.83,116.83
T006552,2025-04-12,S013,P0041,Plumbing,Plumbing C,82,47,4,125,339.76,1359.04
T006553,2025-09-22,S010,P0040,Hardware,Hardware C,99,73,1,171,92.69,92.69
T006554,2025-11-15,S014,P0022,Electrical,Electrical C,109,36,3,142,312.72,938.16
T006555,2025-03-18,S014,P0092,Hardware,Hardware A,22,17,1,38,25.25,25.25
T006556,2026-03-09,S015,P0064,Lawn & Garden,Lawn & Garden C,48,17,1,64,61.64,61.64
T006557,2025-04-10,S013,P0060,Lawn & Garden,,38,66,5,99,30.25,151.25
T006558,2026-01-05,S011,P0094,Lawn & Garden,Lawn & Garden B,52,78,1,129,43.34,43.34
T006559,2025-03-20,S004,P0075,Plumbing,Plumbing C,59,46,8,97,138.46,1107.68
T006560,2026-06-05,S007,P0061,Hardware,Hardware A,34,39,4,69,239.98,959.92
T006561,2025-03-07,S015,P0030,Lawn & Garden,Lawn & Garden A,69,6,1,74,94.85,94.85
T006562,2025-08-26,S012,P0041,Paint,Paint B,12,36,4,44,224.95,899.8
T006563,2025-03-27,S003,P0094,Paint,Paint A,100,74,2,172,59.51,119.02
T006564,2025-10-23,S003,P0016,Plumbing,Plumbing B,89,22,1,110,149.76,149.76
T006565,2026-02-27,S015,,Plumbing,Plumbing A,96,78,7,167,296.17,2073.19
T006566,2025-03-12,S014,P0009,Appliances,Appliances C,16,3,4,15,48.7,194.8
T006567,2025-12-10,S014,P0048,Plumbing,Plumbing B,59,57,1,115,254.38,254.38
T006568,2025-11-16,S003,P0046,Plumbing,Plumbing C,52,37,1,88,191.35,191.35
T006569,2025-01-26,S011,P0091,Electrical,Electrical C,19,48,10,57,245.15,2451.5
T006570,2026-05-29,S014,P0048,Electrical,Electrical C,35,12,4,43,260.9,1043.6
T006571,2025-04-19,S003,P0017,Building Materials,Building Materials A,71,68,3,136,111.61,334.83
T006572,2025-11-22,S005,P0048,Lawn & Garden ,Lawn & Garden B,72,76,1,147,266.34,266.34
T006573,2025-12-21,S008,P0098,Appliances,Appliances A,17,67,1,83,126.45,126.45
T006574,2025-05-30,S011,P0080,Appliances,Appliances C,69,11,12,68,326.62,3919.44
T006575,2026-02-25,S010,P0023,Paint,Paint A,41,55,5,91,201.36,1006.8
T006576,2025-01-08,S008,P0027,electrical,Electrical C,73,18,3,88,225.1,675.3
T006577,2026-06-09,S007,P0100,Appliances,Appliances A,63,59,1,121,245.21,245.21
T006578,2025-12-05,S003,P0050,Paint,Paint A,36,63,2,97,204.72,409.44
T006579,2025-03-06,S005,P0095,Plumbing,Plumbing B,101,47,4,144,164.15,656.6
T006580,2025-12-11,S010,P0016,Paint,Paint C,3,75,7,71,323.81,2266.67
T006581,2025-01-19,S014,P0028,Building Materials,Building Materials B,107,51,3,155,295.21,885.63
T006582,2025-02-26, S002 ,P0030,Electrical,Electrical A,59,4,7,56,16.62,116.34
T006583,2026-05-11,S007,P0062,paint,Paint C,70,71,3,138,262.99,788.97
T006584,2025-04-02,S009,P0008,Appliances,Appliances C,8,0,6,2,234.09,1404.54
T006585,2026-05-23,S003,P0022,Electrical,Electrical C,14,43,2,55,123.85,247.7
T006586,2025-10-17,S002,P0074,Hardware,Hardware A,6,29,6,29,235.08,1410.48
T006587,2025-02-11,S015,P0043,Lawn & Garden,Lawn & Garden A,119,39,2,156,231.15,462.3
T006588,2026-05-18,S001,P0048,Hardware,Hardware A,71,43,5,109,145.57,727.85
T006589,2026-06-04,S012,P0052,Building Materials,Building Materials B,83,29,3,109,327.74,983.22
T006590,2025-05-21,S007,P0046,Electrical,Electrical A,45,6,1,50,230.25,230.25
T006591,2025-01-27,S005,P0045,Appliances,Appliances C,54,47,1,100,146.19,146.19
T006592,2025-06-30,S003,P0059,Electrical,Electrical B,107,31,15,123,268.77,4031.55
T006593,2025-06-01,S003,P0088,Electrical,Electrical A,60,15,4,71,39.24,156.96
T006594,2025-04-26,S008,P0091,Plumbing,Plumbing B,100,8,2,106,331.49,662.98
T006595,2025-06-12,S012,P0056,Lawn & Garden,Lawn & Garden A,73,75,1,147,151.58,151.58
T006596,2026-01-08,S004,P0013,Appliances,Appliances A,80,72,3,149,280.79,842.37
T006597,2025-07-19,S010,P0043,Electrical,Electrical A,1,60,4,57,56.12,224.48
T006598,2026-04-22,S008,P0093,Appliances,Appliances C,19,17,2,34,143.22,286.44
T006599,2025-01-30,S002,P0026,Building Materials,Building Materials A,10,38,4,44,273.35,1093.4
T006600,2025-12-06,S001,P0036,Building Materials,Building Materials A,34,13,7,40,171.08,1197.56
T006601,2025-05-23,S008,P0018,Appliances,Appliances C,80,1,1,80,70.68,70.68
T006602,2026-06-15,S003,P0050,Lawn & Garden,Lawn & Garden C,65,24,2,87,252.86,505.72
T006603,2026-06-18,S013,P0015,Building Materials,Building Materials C,115,80,1,194,260.88,260.88
T006604,2025-01-29,S010,P0095,Lawn & Garden,Lawn & Garden C,94,54,7,141,318.62,2230.34
T006605,2026-01-12,S002,P0089,Lawn & Garden,Lawn & Garden B,113,59,2,170,229.04,458.08
T006606,2025-11-22,S011,P0033,Building Materials,Building Materials C,85,20,9,96,38.83,349.47
T006607,2025-07-10,S003,P0029,Hardware,Hardware A,39,45,1,83,109.6,109.6
T006608,2025-08-02,S008,P0039,Hardware,Hardware C,79,74,4,149,103.76,415.04
T006609,2025-07-24,S008,P0094,Hardware,Hardware C,23,20,5,38,109.22,546.1
T006610,2025-09-19,S013,P0031,Electrical,Electrical A,116,36,4,148,106.04,424.16
T006611,2025-08-23,S006,P0065,Electrical,Electrical B,43,73,6,110,193.18,1159.08
T006612,2025-03-05,S015,P0029,Electrical,Electrical B,119,32,3,148,165.05,495.15
T006613,2025-12-09,S012,P0028,Lawn & Garden,Lawn & Garden A,110,8,3,115,50.3,150.9
T006614,2025-03-25,S002,P0024,Plumbing,Plumbing B,117,57,1,173,42.61,42.61
T006615,2026-04-12,S014,P0027,Paint,Paint A,18,76,3,91,226.66,679.98
T006616,2026-03-24,S015,P0042,Plumbing,Plumbing A,12,0,3,9,231.33,693.99
T006617,2026-05-06,S015,P0010,Appliances,Appliances B,37,4,1,40,95.47,95.47
T006618,2025-02-24,S009,P0008,Hardware,Hardware B,66,9,1,74,148.42,148.42
T006619,2025-06-09,S015,P0019,Building Materials,Building Materials A,26,49,4,71,327.92,1311.68
T006620,2025-11-15,S015,P0056,Electrical,Electrical C,72,18,5,85,326.71,1633.55
T006621,2026-04-24,S003,P0028,Electrical,Electrical B,52,23,1,74,213.61,213.61
T006622,2026-05-04,S007,P0022,Lawn & Garden,Lawn & Garden A,26,16,2,40,132.64,265.28
T006623,2025-05-17,S013,P0044,Appliances,Appliances B,17,4,4,17,11.86,47.44
T006624,2026-06-16,S003,P0066,Building Materials,Building Materials A,86,39,1,124,171.81,171.81
T006625,2026-06-11,S009,P0043,Hardware,Hardware C,119,61,3,177,289.28,867.84
T006626,2026-05-06,S007,P0089,Hardware,Hardware B,86,24,3,107,318.65,955.95
T006627,2026-02-19,S014,P0061,Building Materials,Building Materials C,25,52,11,66,291.97,3211.67
T006628,2025-09-14,S007,P0088,Paint,Paint B,11,23,2,32,290.47,580.94
T006629,2025-07-21,S010,P0082,Electrical,Electrical C,119,4,1,122,260.93,260.93
T006630,2025-05-25,S006,P0080,Paint,Paint A,39,9,1,47,143.59,143.59
T006631,2025-10-28,S010,P0044,Paint,Paint C,64,68,1,131,102.25,102.25
T006632,2026-06-23,S015,P0068,Paint,Paint C,97,24,2,119,29.15,58.3
T006633,2026-06-24,S014,P0098,Appliances,Appliances B,105,45,7,143,292.35,2046.45
T006634,2025-03-09,S003,P0081,Plumbing,Plumbing B,117,41,2,156,117.97,235.94
T006635,2026-04-23,S012,P0026,Hardware,Hardware B,22,60,4,78,25.34,101.36
T006636,2025-09-13,S015,P0018,Plumbing,Plumbing A,43,64,8,99,294.67,2357.36
T006637,2025-05-09,S014,P0066,Electrical,Electrical C,54,59,5,108,259.25,1296.25
T006638,2026-05-31,S010,P0088,Lawn & Garden,Lawn & Garden C,50,17,2,65,88.26,176.52
T006639,2025-11-21,S007,P0001,Plumbing,Plumbing A,37,59,3,93,243.18,729.54
T006640,2026-02-04,S010,P0087,Paint,Paint C,108,29,3,134,126.12,378.36
T006641,2026-02-21,S004,P0058,Plumbing,Plumbing A,50,70,8,112,160.78,1286.24
T006642,2026-02-03,S001,P0010,Paint,Paint B,96,12,6,102,195.59,1173.54
T006643,2026-04-28,S006,P0055,Plumbing,Plumbing B,114,78,6,186,334.49,2006.94
T006644,2025-05-29,S001,P0062,Electrical,Electrical C,82,15,4,93,42.46,169.84
T006645,2025-09-01,S015,P0031,Building Materials,Building Materials C,86,30,3,113,295.84,887.52
T006646,2026-04-09,S015,P0018,Plumbing,Plumbing C,62,7,2,67,112.92,225.84
T006647,2026-01-02,S004,P0012,appliances,Appliances B,46,18,1,63,109.74,109.74
T006648,2025-06-23,S001,P0082,Electrical,Electrical B,111,4,5,110,229.13,1145.65
T006649,2025-06-08,S004,P0054,Plumbing,Plumbing C,26,6,2,30,8.75,17.5
T006650,2026-02-24,S003,P0034,Paint,Paint C,93,51,6,138,102.2,613.2
T006651,2025-05-06,S003,P0089,Building Materials,Building Materials A,15,53,1,67,275.35,275.35
T006652,2025-07-09,S013,P0087,Paint,Paint B,114,10,1,123,145.72,145.72
T006653,2025-04-07,S004,P0045,Appliances,Appliances C,103,36,6,133,283.68,1702.08
T006654,2026-05-16,S002,P0070,Building Materials,Building Materials C,75,31,8,98,328.49,2627.92
T006655,2025-05-30,S012,P0098,Building Materials,Building Materials C,95,61,6,150,233.77,1402.62
T006656,2025-04-25,S005,P0094,Building Materials,Building Materials B,83,55,1,137,149.98,149.98
T006657,2025-09-18,S007,P0016,Building Materials,Building Materials B,17,8,7,18,26.82,187.74
T006658,2025-05-05,S015,P0034,Appliances,Appliances A,49,36,1,84,263.68,263.68
T006659,2025-09-18,S002,P0097,Paint,Paint A,32,45,7,70,277.03,1939.21
T006660,2025-12-07,S013,P0032,Hardware,Hardware A,27,65,1,91,221.62,221.62
T006661,2025-07-07,S004,P0081,Building Materials,Building Materials C,91,48,2,137,295.2,590.4
T006662,2026-01-15,S014,P0027,Electrical,Electrical A,99,8,1,106,129.09,129.09
T006663,2025-04-04,S003,P0087,Appliances,Appliances B,97,44,1,140,135.96,135.96
T006664,2025-01-02,S009,P0097,Hardware,Hardware A,97,13,5,105,77.79,388.95
T006665,2025-03-12,S012,P0014,Building Materials,Building Materials A,49,15,11,53,233.92,2573.12
T006666,2025-05-02,S012,P0007,Plumbing,Plumbing A,99,49,7,141,256.12,1792.84
T006667,2026-03-26,S001,P0066,Building Materials,Building Materials B,24,13,5,32,203.41,1017.05
T006668,2025-11-08,S004,P0070,Electrical,Electrical B,73,3,1,75,159.06,159.06
T006669,2026-05-18,S002,P0057,Electrical,Electrical B,66,73,2,137,148.2,296.4
T006670,02/06/2026,S007,P0076,Building Materials,Building Materials A,120,12,9,123,285.02,2565.18
T006671,2025-07-21,S011,P0091,Paint,Paint A,32,25,3,54,140.68,422.04
T006672,2026-06-09,S005,P0018,Appliances,Appliances A,44,18,1,61,283.55,283.55
T006673,2026-06-19,S008,P0079,Building Materials,Building Materials C,80,23,2,101,78.35,156.7
T006674,2026-02-13,S008,P0099,Plumbing,Plumbing A,24,13,1,36,218.18,218.18
T006675,2025-04-15,S013,P0070,Plumbing,Plumbing C,110,68,6,172,134.43,806.58
T006676,2025-03-26,S001,P0074,Plumbing,Plumbing C,80,57,1,136,195.75,195.75
T006677,2026-06-13,S007,P0091,Paint,Paint B,70,76,3,143,124.18,372.54
T006678,2025-10-21,S015,P0020,Paint,Paint A,80,63,1,142,331.31,331.31
T006679,2026-05-03,S015,P0059,Paint,Paint A,109,6,3,112,19.9,59.7
T006680,2026-06-22,S013,P0093,Lawn & Garden,Lawn & Garden A,55,34,6,83,197.48,1184.88
T006681,2025-06-30,S002,P0005,Lawn & Garden,Lawn & Garden B,57,10,2,65,175.26,350.52
T006682,2025-09-16,S002,P0094,Appliances,Appliances B,0,78,8,70,83.48,667.84
T006683,2025-07-18,S007,P0050,Building Materials,Building Materials A,52,19,5,66,340.63,1703.15
T006684,2025-01-13,S010,P0073,Plumbing,Plumbing B,46,1,4,43,168.94,675.76
T006685,2026-01-01,S007,P0018,Paint,Paint B,46,42,8,80,238.6,1908.8
T006686,2026-06-11,S002,P0016,Building Materials,Building Materials A,45,53,3,95,20.4,61.2
T006687,2025-09-16,S008,P0003,Plumbing,Plumbing C,80,76,2,154,103.13,206.26
T006688,2025-01-10,S011,P0061,Electrical,Electrical C,29,45,4,70,253.46,1013.84
T006689,2025-11-03,S009,P0033,Building Materials,Building Materials A,69,75,1,143,243.39,243.39
T006690,2026-05-14,S002,P0068,Paint ,Paint A,66,75,6,135,194.56,1167.36
T006691,2025-12-18,S005,P0099,Building Materials,Building Materials B,120,63,6,177,222.59,1335.54
T006692,2025-08-12, S009 ,P0098,Electrical,Electrical A,70,67,2,135,305.07,610.14
T006693,2025-04-05,S004,P0073,Plumbing,Plumbing A,59,28,2,85,195.07,390.14
T006694,2025-12-03,S010,P0007,Hardware,Hardware A,31,39,3,67,72.64,217.92
T006695,2025-09-08,S012,P0071,Lawn & Garden,Lawn & Garden C,25,26,1,50,88.2,88.2
T006696,2025-12-01,S009,P0096,Appliances,Appliances B,70,20,2,88,292.77,585.54
T006697,2025-12-14,S012,P0073,Lawn & Garden,Lawn & Garden A,66,68,7,127,104.83,733.81
T006698,2026-02-25,S005,P0063,Hardware,Hardware B,112,23,1,134,53.61,53.61
T006699,2026-04-20,S005,P0005,Plumbing,Plumbing C,37,17,8,46,171.77,1374.16
T006700,2025-04-22,S003,P0078,Lawn & Garden,Lawn & Garden B,34,56,4,86,317.02,1268.08
T006701,2025-09-03,S001,P0066,Electrical,Electrical B,14,31,5,40,276.24,1381.2
T006702,2025-10-04,S002,P0076,Lawn & Garden,Lawn & Garden A,76,72,2,146,260.18,520.36
T006703,2026-04-04,S002,P0028,Appliances,Appliances C,22,62,1,83,25.85,25.85
T006704,2025-07-06,S006,P0041,Hardware,Hardware C,72,1,2,71,104.55,209.1
T006705,2026-06-04,S007,P0066,Lawn & Garden,Lawn & Garden C,8,71,10,69,319.68,3196.8
T006706,2025-11-12,S012,P0011,Plumbing,Plumbing C,63,20,1,82,118.07,118.07
T006707,2026-06-04,S011,P0085,Electrical,Electrical B,26,49,1,74,246.63,246.63
T006708,2025-12-24,S012,P0026,Plumbing,Plumbing B,28,37,3,62,11.2,33.6
T006709,2025-08-06,S011,P0006,Lawn & Garden,Lawn & Garden A,60,79,7,132,270.97,1896.79
T006710,2026-01-02,S014,P0010,Building Materials,Building Materials C,107,60,3,164,235.87,707.61
T006711,2025-11-27,S012,P0032,Building Materials,Building Materials C,40,73,10,103,136.4,1364.0
T006712,2025-07-06,S002,P0062,Electrical,Electrical A,57,30,5,82,306.3,1531.5
T006713,2026-02-28,S015,P0026,Plumbing,Plumbing C,14,59,4,69,333.25,1333.0
T006714,2025-07-14,S009,P0044,Appliances,Appliances B,3,45,2,46,181.36,362.72
T006715,2026-04-10,S009,P0083,Building Materials,Building Materials B,9,14,4,19,114.25,457.0
T006716,2025-12-13,S010,P0061,Plumbing,Plumbing B,33,37,1,69,39.35,39.35
T006717,2025-11-07,S002,P0029,Electrical,Electrical A,90,79,10,159,63.64,636.4
T006718,2025-12-16,S007,P0006,Electrical,Electrical A,83,0,6,77,11.32,67.92
T006719,2025-06-16,S003,P0025,Appliances,Appliances B,2,36,6,32,54.49,326.94
T006720,2025-09-25,S009,P0021,Electrical,Electrical C,6,9,3,12,343.73,1031.19
T006721,2025-08-31,S012,P0019,Appliances,Appliances A,114,70,8,176,188.54,1508.32
T006722,2025-08-20,S007,P0021,Lawn & Garden,Lawn & Garden B,48,39,2,85,102.64,205.28
T006723,2025-05-18,S010,P0004,Hardware,Hardware B,117,66,2,181,231.3,462.6
T006724,2026-04-27,S013,P0067,Hardware,Hardware A,94,76,3,167,12.4,37.2
T006725,2025-08-07,S010,P0023,Electrical,Electrical C,33,18,6,45,13.64,81.84
T006726,2025-04-08,S008,P0060,Electrical,Electrical B,44,4,1,47,162.39,162.39
T006727,06/12/2026,S006,P0016,Hardware,Hardware A,39,1,1,39,154.17,154.17
T006728,2025-06-29,S001,P0004,Building Materials,Building Materials C,110,67,1,176,15.08,15.08
T006729,2025-11-11,S007,P0057,Electrical,Electrical C,111,36,2,145,121.63,243.26
T006730,2025-01-12,S013,P0026,Hardware,Hardware A,102,73,6,169,31.08,186.48
T006731,2026-06-17,S005,P0084,Lawn & Garden,Lawn & Garden A,52,2,3,51,208.47,625.41
T006732,2026-05-27,S014,P0030,Lawn & Garden,Lawn & Garden B,21,12,1,32,83.43,83.43
T006733,2025-07-23,S015,P0078,Paint,Paint B,64,18,14,68,151.87,2126.18
T006734,2025-10-16,S005,P0061,Building Materials,Building Materials C,82,77,1,158,66.48,66.48
T006735,2025-09-01,S004,P0068,Electrical,Electrical A,44,32,2,74,156.97,313.94
T006736,2026-04-28,S014,P0082,electrical,Electrical B,73,62,1,134,92.94,92.94
T006737,2025-05-21,S002,P0024,Plumbing,Plumbing A,95,57,1,151,88.35,88.35
T006738,2025-05-22,S009,P0068,Lawn & Garden,Lawn & Garden C,101,7,3,105,256.03,768.09
T006739,2025-12-27,S001,P0018,Hardware,Hardware A,107,67,2,172,18.43,36.86
T006740,2026-05-23,S011,P0061,Paint,Paint B,114,17,1,130,123.34,123.34
T006741,2025-07-30,S012,P0052,Electrical,Electrical A,69,42,4,107,47.78,191.12
T006742,2025-06-23,S012,P0066,Paint,Paint A,34,28,4,58,286.18,1144.72
T006743,2025-07-11,S004,P0095,Lawn & Garden,Lawn & Garden A,83,68,5,146,267.37,1336.85
T006744,2025-02-24,S015,P0074,Lawn & Garden,Lawn & Garden A,38,40,3,75,319.01,957.03
T006745,2025-07-23,S014,P0064,Appliances,Appliances A,14,4,4,14,93.96,375.84
T006746,2026-01-23,S002,P0037,Appliances,Appliances B,16,62,5,73,309.32,1546.6
T006747,2025-03-14,S004,P0086,Paint,Paint C,54,33,1,86,318.45,318.45
T006748,2025-03-19,S009,P0055,Lawn & Garden,Lawn & Garden C,75,28,12,91,175.37,2104.44
T006749,2025-12-24,S005,P0046,Appliances,Appliances B,96,33,9,120,267.13,2404.17
T006750,2025-03-29,S015,P0089,Hardware,Hardware A,34,61,6,89,173.41,1040.46
T006751,2026-05-01,S003,P0079,Building Materials,Building Materials A,25,30,2,53,187.86,375.72
T006752,2025-12-05,S008,P0098,Hardware,Hardware A,102,6,1,107,324.91,324.91
T006753,2025-09-06,S015,P0016,Lawn & Garden,Lawn & Garden C,64,43,1,106,133.0,133.0
T006754,2025-05-26,S004,P0048,Lawn & Garden,Lawn & Garden B,27,74,2,99,325.41,650.82
T006755,2025-09-18,S012,P0027,Electrical,Electrical C,106,25,10,121,27.62,276.2
T006756,2025-06-10,S004,P0053,Electrical,Electrical B,26,0,2,24,110.43,220.86
T006757,2025-12-12,S014,P0084,Lawn & Garden,Lawn & Garden C,8,76,1,83,141.33,141.33
T006758,2026-02-03,S006,P0064,Paint,Paint B,68,3,1,70,146.22,146.22
T006759,2026-04-16,S001,P0016,Hardware,Hardware A,2,52,9,45,164.64,1481.76
T006760,2026-05-03,S003,P0018,Building Materials,Building Materials A,52,37,2,87,97.41,194.82
T006761,2026-01-02,S010,P0063,Hardware,Hardware B,44,66,9,101,266.52,2398.68
T006762,2025-10-05,S014,P0060,Hardware,Hardware C,21,29,1,49,138.01,138.01
T006763,2026-04-03,S015,P0071,Hardware,Hardware A,0,33,1,32,70.17,70.17
T006764,2026-05-09,S011,P0093,Plumbing,Plumbing B,79,44,2,121,27.5,55.0
T006765,2025-06-20,S014,P0045,Appliances,Appliances C,120,15,4,131,330.18,1320.72
T006766,2025-07-01,S014,P0079,Building Materials,Building Materials B,15,80,5,90,236.63,1183.15
T006767,2025-09-30,S008,P0056,Hardware,Hardware C,25,71,1,95,82.82,82.82
T006768,2026-04-20,S007,P0072,Paint,Paint A,49,25,1,73,238.98,238.98
T006769,2025-11-21,S001,P0096,Building Materials,Building Materials C,57,67,1,123,295.17,295.17
T006770,2025-01-17,S002,P0009,Plumbing,Plumbing C,63,62,1,124,16.35,16.35
T006771,2026-04-11,S011,P0099,Electrical,Electrical B,14,42,1,55,150.15,150.15
T006772,2026-05-05,S004,P0099,Lawn & Garden,Lawn & Garden B,66,14,8,72,11.32,90.56
T006773,2025-09-28,S011,P0003,Hardware,Hardware B,61,66,1,126,255.44,255.44
T006774,2026-01-26,S006,P0038,Building Materials,Building Materials A,58,29,3,84,184.78,554.34
T006775,2025-11-05,S007,P0057,Appliances,Appliances A,60,56,2,114,37.49,74.98
T006776,2025-09-28,S005,P0011,Electrical,Electrical A,101,47,1,147,64.34,64.34
T006777,04/14/2026,S003,P0097,Appliances,Appliances C,87,25,5,107,216.4,1082.0
T006778,2026-06-28,S014,P0059,Electrical,Electrical B,95,51,2,144,114.78,229.56
T006779,2026-04-16,S014,P0006,Appliances,Appliances A,66,2,6,62,277.32,1663.92
T006780,2025-05-04,S004,P0051,Lawn & Garden,Lawn & Garden B,11,1,6,6,33.27,199.62
T006781,2025-05-22,S009,P0058,Appliances,Appliances A,41,52,2,91,283.84,567.68
T006782,2025-10-23,S010,P0011,Hardware,Hardware A,39,13,5,47,305.18,1525.9
T006783,2025-01-30,S006,P0093,Hardware,Hardware C,21,8,5,24,64.89,324.45
T006784,2025-12-19,S009,P0026,Lawn & Garden,Lawn & Garden A,48,16,2,62,72.85,145.7
T006785,2026-02-16,S002,P0031,Lawn & Garden,Lawn & Garden C,22,59,2,79,207.19,414.38
T006786,2026-06-09,S012,P0061,Plumbing,Plumbing C,88,58,4,142,139.45,557.8
T006787,2026-01-07,S009,P0050,Lawn & Garden,Lawn & Garden A,66,41,11,96,257.88,2836.68
T006788,2025-05-27,S015,P0016,Hardware,Hardware A,81,80,7,154,345.26,2416.82
T006789,2025-10-03,S001,P0067,Appliances,Appliances A,14,11,3,22,120.79,362.37
T006790,2026-01-20,S002,P0039,Paint,Paint A,103,6,1,108,61.68,61.68
T006791,2026-05-03,S009,P0099,Lawn & Garden,Lawn & Garden A,28,44,3,69,245.92,737.76
T006792,2025-07-04,S007,P0057,Plumbing,Plumbing A,88,58,1,145,157.22,157.22
T006793,2025-03-24,S008,P0086,Paint,Paint C,111,51,1,161,218.74,218.74
T006794,2025-03-04,S013,P0078,Electrical,Electrical B,100,48,1,147,248.43,248.43
T006795,2025-07-18,S008,P0056,Paint,Paint A,43,32,3,72,144.72,434.16
T006796,2026-05-04,S002,P0028,Appliances,Appliances A,2,18,1,19,271.29,271.29
T006797,2025-03-10,S005,P0063,Paint,Paint C,79,76,7,148,222.26,1555.82
T006798,2025-09-06,S005,P0029,Plumbing,Plumbing A,42,68,3,107,215.29,645.87
T006799,2025-05-23,S013,P0050,Plumbing,Plumbing B,19,74,1,92,55.57,55.57
T006800,2026-01-21,S010,P0029,Appliances,Appliances B,84,49,5,128,102.81,514.05
T006801,2025-06-28,S009,P0019,Appliances,Appliances A,28,60,1,87,71.35,71.35
T006802,2026-02-24,S010,P0003,Plumbing,Plumbing C,36,8,3,41,74.86,224.58
T006803,2025-06-13,S010,P0030,Building Materials,Building Materials A,70,75,1,144,195.22,195.22
T006804,2026-03-29,S014,P0045,Appliances,Appliances C,112,43,1,154,275.55,275.55
T006805,2026-03-26,S006,P0020,Appliances,Appliances B,9,28,7,30,164.3,1150.1
T006806,2025-01-17,S001,P0075,Building Materials,Building Materials A,118,50,4,164,90.02,360.08
T006807,2025-12-03,S014,P0087,Building Materials,Building Materials A,42,71,3,110,205.71,617.13
T006808,2026-03-10,S001,P0047,Plumbing,Plumbing C,22,67,5,84,12.46,62.3
T006809,2026-02-01,S006,P0039,Lawn & Garden,Lawn & Garden A,109,6,7,108,92.43,647.01
T006810,2025-03-11,S015,P0084,Building Materials,Building Materials B,94,5,3,96,147.66,442.98
T006811,2025-05-29,S011,P0015,Hardware,Hardware B,52,62,2,112,169.4,338.8
T006812,2026-03-27,S003,P0064,Hardware,Hardware B,81,25,5,101,323.11,1615.55
T006813,2025-02-26,S004,P0057,Plumbing,Plumbing C,16,13,2,27,110.45,220.9
T006814,2025-07-29,S007,P0014,Lawn & Garden,Lawn & Garden C,112,25,2,135,54.1,108.2
T006815,2025-09-08,S005,P0092,Building Materials,Building Materials C,3,42,2,43,225.16,450.32
T006816,2026-01-03,S007,P0022,Hardware,Hardware B,45,22,4,63,336.73,1346.92
T006817,2025-01-08,S004,,Paint,Paint A,50,15,1,64,281.23,281.23
T006818,2025-01-21,S006,P0094,Appliances,Appliances A,12,72,4,80,329.69,1318.76
T006819,04/26/2026,S007,P0022,Electrical,Electrical B,13,53,1,65,57.04,57.04
T006820,2025-09-08,S012,P0098,Plumbing,Plumbing B,10,47,1,56,294.01,294.01
T006821,2025-07-09,S013,P0033,Hardware,Hardware B,41,69,1,109,59.02,59.02
T006822,2026-05-19,S005,P0097,Hardware,Hardware B,68,37,5,100,38.65,193.25
T006823,2025-04-23,S001,P0051,Plumbing,Plumbing A,71,70,3,138,71.18,213.54
T006824,2026-05-11,S014,P0072,Lawn & Garden,Lawn & Garden B,111,63,1,173,43.95,43.95
T006825,2026-06-16,S003,P0071,Lawn & Garden,Lawn & Garden A,67,20,5,82,240.23,1201.15
T006826,2025-02-09,S003,P0085,Electrical,Electrical A,83,16,1,98,21.56,21.56
T006827,2025-02-01,S003,P0038,Paint,Paint B,70,5,2,73,204.27,408.54
T006828,2026-01-22,S011,P0064,Appliances,Appliances C,56,64,1,119,208.31,208.31
T006829,2025-03-10,S002,P0032,Paint,Paint A,58,67,2,123,329.31,658.62
T006830,2025-03-30,S011,P0056,Building Materials,Building Materials B,51,78,2,127,152.45,304.9
T006831,2025-08-31,S015,P0030,Lawn & Garden,Lawn & Garden B,39,51,1,89,112.15,112.15
T006832,2025-11-06,S012,P0077,Electrical,Electrical C,8,10,3,15,164.76,494.28
T006833,2025-11-13,S011,P0084,Appliances,Appliances B,49,15,1,63,326.87,326.87
T006834,2025-08-12,S015,P0010,Plumbing,Plumbing A,107,67,1,173,59.69,59.69
T006835,2025-04-17,S007,P0047,Plumbing,Plumbing A,7,62,1,68,11.82,11.82
T006836,2025-12-27,S007,P0010,Electrical,Electrical C,7,54,2,59,311.03,622.06
T006837,2025-10-22,S006,P0038,Appliances,Appliances C,64,21,2,83,282.39,564.78
T006838,2025-06-13,S010,P0069,Lawn & Garden,Lawn & Garden A,54,55,1,108,45.67,45.67
T006839,2025-10-04,S012,P0068,Building Materials,Building Materials A,76,41,8,109,115.94,927.52
T006840,2025-08-13,S015,P0027,Hardware,Hardware B,98,25,4,119,206.7,826.8
T006841,2025-08-01,S009,P0071,Appliances,Appliances C,50,75,4,121,175.14,700.56
T006842,2025-05-20,S010,P0097,Paint,Paint A,102,58,1,159,114.0,114.0
T006843,2026-03-30,S014,P0046,Paint,Paint A,41,35,1,75,72.9,72.9
T006844,2025-04-17,S011,P0028,Hardware,Hardware A,78,36,3,111,156.19,468.57
T006845,2025-07-07,S003,P0064,Electrical,Electrical B,62,49,2,109,118.29,236.58
T006846,2025-03-10,S010,P0014,Electrical,Electrical C,31,25,4,52,210.51,842.04
T006847,2026-03-18,S002,P0004,Electrical,Electrical B,46,73,2,117,176.48,352.96
T006848,2025-09-22,S005,P0081,Electrical,Electrical C,89,78,5,162,132.43,662.15
T006849,2026-04-11,S014,P0059,Electrical,Electrical A,36,13,3,46,322.03,966.09
T006850,2025-11-30,S006,P0032,Building Materials,Building Materials C,22,17,2,37,83.59,167.18
T006851,2025-03-02,S013,P0042,Hardware,Hardware A,55,35,4,86,48.77,195.08
T006852,2026-03-22,S014,P0012,Hardware,Hardware C,103,32,9,126,34.13,307.17
T006853,2025-06-16,S008,P0022,Paint,Paint C,66,1,5,62,279.96,1399.8
T006854,2026-03-02,S009,P0097,Lawn & Garden,Lawn & Garden B,102,0,1,101,337.06,337.06
T006855,2025-12-20,S007,P0095,Paint,Paint A,50,33,2,81,87.53,175.06
T006856,2025-06-14,S002,P0057,Paint,Paint A,71,70,2,139,263.32,526.64
T006857,2025-01-21,S010,P0094,Hardware,Hardware C,22,47,4,65,163.86,655.44
T006858,2025-09-16,S015,P0069,Plumbing,Plumbing C,108,9,2,115,255.13,510.26
T006859,2025-01-11,S004,P0036,Building Materials,Building Materials C,59,62,3,118,39.35,118.05
T006860,2025-06-22,S008,P0087,Lawn & Garden,Lawn & Garden C,98,33,3,128,341.97,1025.91
T006861,05/22/2025,S006,P0060,Lawn & Garden,Lawn & Garden A,88,48,3,133,101.3,303.9
T006862,2026-01-14,S002,P0028,Hardware,Hardware B,47,78,1,124,158.89,158.89
T006863,2026-04-23,S004,P0044,Paint,Paint B,82,80,1,161,20.28,20.28
T006864,2026-01-21,S009,P0070,Paint,Paint C,17,67,11,73,88.43,972.73
T006865,2025-02-06,S003,P0071,Building Materials,Building Materials C,34,7,1,40,48.95,48.95
T006866,2025-09-11,S007,P0028,Hardware,Hardware C,65,70,3,132,87.18,261.54
T006867,2026-02-24,S011,P0063,Plumbing,Plumbing C,64,18,5,77,40.27,201.35
T006868,2025-04-12,S007,P0079,Plumbing,Plumbing C,91,50,1,140,178.89,178.89
T006869,2025-09-13,S006,P0032,Hardware,Hardware B,66,21,7,80,92.21,645.47
T006870,2026-04-29,S008,P0064,Hardware,Hardware A,104,39,3,140,19.35,58.05
T006871,2026-04-07,S001,P0057,Paint,Paint A,69,11,9,71,80.59,725.31
T006872,2025-08-25,S011,P0050,Building Materials,Building Materials A,11,44,1,54,262.39,262.39
T006873,2025-04-04,S003,P0094,Paint,Paint A,83,53,2,134,191.5,383.0
T006874,2025-05-04,S011,P0082,Lawn & Garden,Lawn & Garden B,19,53,2,70,286.59,573.18
T006875,2025-12-06,S009,P0090,Appliances,Appliances A,83,27,1,109,10.15,10.15
T006876,2025-01-14,S015,P0073,Hardware,Hardware A,118,78,2,194,61.4,122.8
T006877,2025-11-01,S004,P0096,Electrical,Electrical C,60,28,2,86,254.19,508.38
T006878,2025-05-30,S015,P0062,Building Materials,Building Materials C,53,43,2,94,24.33,48.66
T006879,2025-09-14,S005,,Paint,Paint A,28,55,5,78,260.35,1301.75
T006880,2025-09-25,S001,P0081,Plumbing,Plumbing C,99,46,5,140,186.04,930.2
T006881,2026-03-24,S015,P0017,Building Materials,Building Materials C,92,36,1,127,71.54,71.54
T006882,2026-03-03,S011,P0010,Hardware,Hardware A,38,31,2,67,55.99,111.98
T006883,2026-01-29,S014,P0058,Paint,Paint B,120,1,4,117,223.64,894.56
T006884,2026-03-13,S010,P0050,Lawn & Garden,Lawn & Garden C,44,73,3,114,133.06,399.18
T006885,2025-02-24,S005,P0071,Paint,Paint B,89,19,2,106,138.85,277.7
T006886,2025-11-01,S008,P0098,Appliances,Appliances C,81,66,3,144,28.25,84.75
T006887,2025-09-03,S002,P0059,Appliances,Appliances B,40,66,2,104,253.17,506.34
T006888,2025-01-27,S008,P0094,Electrical,Electrical A,99,73,6,166,165.21,991.26
T006889,2025-03-17,S009,P0059,Appliances,Appliances B,56,38,5,89,148.03,740.15
T006890,2025-03-10,S004,P0052,Paint,Paint C,103,55,2,156,346.47,692.94
T006891,2026-03-11,S015,P0031,Building Materials,Building Materials B,109,75,3,181,36.05,108.15
T006892,2026-03-22,S008,P0047,Building Materials,Building Materials B,63,70,2,131,57.49,114.98
T006893,2025-04-28,S005,P0093,Plumbing,Plumbing B,103,30,2,131,137.97,275.94
T006894,2025-10-24,S002,P0053,Lawn & Garden,Lawn & Garden B,61,11,6,66,166.09,996.54
T006895,2025-05-07,S015,P0034,Hardware,Hardware A,84,73,2,155,95.41,190.82
T006896,2025-07-24,S003,P0099,Building Materials,Building Materials C,94,21,1,114,18.1,18.1
T006897,2025-03-16,S013,P0028,Electrical,Electrical B,105,5,3,107,59.6,178.8
T006898,2026-03-09,S008,P0050,Electrical,Electrical A,47,26,2,71,221.3,442.6
T006899,2025-06-27,S005,P0062,Lawn & Garden,Lawn & Garden C,29,69,1,97,37.35,37.35
T006900,2025-12-18,S001,P0029,Lawn & Garden,Lawn & Garden C,105,48,5,148,73.67,368.35
T006901,2026-03-16,S015,P0063,Appliances,Appliances B,81,69,5,145,33.9,169.5
T006902,2026-05-15,S004,P0007,Building Materials,Building Materials C,37,64,3,98,292.81,878.43
T006903,2026-04-05,S006,P0035,Electrical,Electrical B,55,31,1,85,228.54,228.54
T006904,2025-05-14,S006,P0064,Lawn & Garden,Lawn & Garden B,117,20,6,131,250.44,1502.64
T006905,2025-07-10,S008,P0022,Paint,Paint A,75,19,1,93,36.42,36.42
T006906,2026-01-28,S004,P0027,Hardware,Hardware A,88,9,2,95,342.57,685.14
T006907,2026-04-12,S007,P0015,Electrical,Electrical A,14,59,11,62,188.68,2075.48
T006908,2025-08-11,S003,P0042,Electrical,Electrical A,13,54,3,64,196.46,589.38
T006909,2025-09-23,S006,P0041,Electrical,Electrical A,103,59,2,160,225.35,450.7
T006910,2025-07-27,S014,P0080,Paint,Paint C,82,74,4,152,161.11,644.44
T006911,2026-06-15,S015,P0019,Lawn & Garden,Lawn & Garden A,61,78,4,135,76.01,304.04
T006912,2026-01-26,S007,P0069,Paint,Paint B,53,3,7,49,10.85,75.95
T006913,2026-02-13,S002,P0046,Appliances,Appliances B,3,30,1,32,341.57,341.57
T006914,2025-02-27,S011,P0087,Paint,Paint A,83,3,4,82,150.27,601.08
T006915,2025-07-10,S002,P0082,Building Materials,Building Materials B,68,34,3,99,14.06,42.18
T006916,2026-03-12,S012,P0032,Lawn & Garden,Lawn & Garden C,63,67,3,127,314.23,942.69
T006917,2025-04-27,S010,P0002,Paint,Paint C,63,67,3,127,256.07,768.21
T006918,2026-01-28,S011,P0026,Appliances,Appliances C,78,14,2,90,233.79,467.58
T006919,2026-05-09,S002,P0024,Electrical,Electrical A,113,4,1,116,121.02,121.02
T006920,2026-05-12,S015,P0008,Building Materials,Building Materials A,93,44,2,135,25.99,51.98
T006921,2025-04-22,S009,P0096,Hardware,Hardware C,116,7,3,120,205.99,617.97
T006922,2025-05-28,S003,P0029,Electrical,Electrical B,112,25,4,133,235.04,940.16
T006923,2025-06-28,S013,P0083,Appliances,Appliances A,25,0,3,22,239.58,718.74
T006924,2025-01-17,S007,P0028,Paint,Paint A,17,62,3,76,89.7,269.1
T006925,2026-05-11,S005,,Electrical,Electrical B,111,29,4,136,315.93,1263.72
T006926,2025-02-01,S008,P0095,Paint,Paint C,103,71,8,166,198.25,1586.0
T006927,2025-07-31,S005,P0026,Paint,Paint C,31,44,2,73,73.39,146.78
T006928,2025-03-13,S002,P0087,Lawn & Garden,Lawn & Garden C,25,51,1,75,23.7,23.7
T006929,2025-12-01,S007,P0004,Appliances,Appliances B,31,47,6,72,28.57,171.42
T006930,2026-05-06,S013,P0072,Plumbing,Plumbing B,45,57,4,98,343.32,1373.28
T006931,2025-09-04, S004 ,P0002,Electrical,Electrical C,103,55,2,156,230.37,460.74
T006932,2025-05-12,S015,P0052,Lawn & Garden,Lawn & Garden C,112,57,6,163,52.67,316.02
T006933,2025-11-06,S001,P0096,Appliances,Appliances C,42,10,1,51,252.83,252.83
T006934,2025-09-28,S010,P0002,Plumbing,Plumbing C,53,59,2,110,149.2,298.4
T006935,2025-10-09,S006,P0095,Lawn & Garden,Lawn & Garden C,84,11,2,93,330.9,661.8
T006936,2025-08-16,S015,P0021,Lawn & Garden,Lawn & Garden A,37,38,6,69,276.38,1658.28
T006937,2025-07-28,S003,P0028,Appliances,Appliances A,29,4,3,30,308.39,925.17
T006938,2025-12-05,S001,P0049,Building Materials,Building Materials A,76,25,1,100,265.2,265.2
T006939,2025-07-07,S003,P0004,Appliances,Appliances B,6,2,8,0,129.6,1036.8
T006940,2025-03-27,S007,P0066,Appliances,Appliances B,28,14,4,38,249.56,998.24
T006941,2025-09-09,S006,P0001,Building Materials,Building Materials B,16,62,1,77,218.62,218.62
T006942,2026-05-17,S013,P0049,Building Materials,Building Materials C,17,58,7,68,71.77,502.39
T006943,2025-09-22, S009 ,P0071,Appliances,Appliances A,12,35,3,44,332.44,997.32
T006944,2026-02-07,S005,P0079,Appliances,Appliances B,107,38,2,143,92.89,185.78
T006945,2025-11-13,S010,P0021,Electrical,Electrical A,25,59,2,82,250.93,501.86
T006946,2025-07-11,S015,P0069,Electrical,Electrical A,89,80,3,166,278.9,836.7
T006947,2025-08-16,S001,P0065,Building Materials,Building Materials C,42,19,3,58,194.42,583.26
T006948,2025-04-03,S005,P0052,Lawn & Garden,Lawn & Garden C,11,47,2,56,131.0,262.0
T006949,2025-02-02,S014,P0025,Plumbing,Plumbing A,66,59,2,123,326.51,653.02
T006950,2026-06-14,S003,P0036,Plumbing,Plumbing A,46,79,1,124,236.28,236.28
T006951,2025-02-16,S009,P0055,Appliances,Appliances A,49,26,3,72,125.14,375.42
T006952,2025-10-22,S013,P0056,Building Materials,Building Materials B,52,15,1,66,122.08,122.08
T006953,2025-08-23,S011,P0044,Electrical,Electrical A,16,59,4,71,341.77,1367.08
T006954,2025-07-10,S001,P0060,Electrical,Electrical C,118,35,7,146,212.78,1489.46
T006955,2026-03-06,S009,P0091,Electrical,Electrical B,87,0,3,84,178.47,535.41
T006956,2025-03-06,S003,P0088,Hardware,Hardware A,64,58,3,119,60.49,181.47
T006957,2025-03-08,S001,P0014,Hardware,Hardware B,114,18,6,126,181.97,1091.82
T006958,2026-02-11,S010,P0073,Plumbing,Plumbing C,119,2,2,119,316.84,633.68
T006959,2025-10-19,S005,P0068,Lawn & Garden,Lawn & Garden C,49,42,1,90,214.6,214.6
T006960,2025-06-28,S010,P0019,Hardware,Hardware A,79,10,1,88,153.18,153.18
T006961,2025-06-12,S013,P0095,Lawn & Garden,Lawn & Garden B,88,9,3,94,289.53,868.59
T006962,2026-02-21,S006,P0062,Hardware,Hardware C,90,47,2,135,163.31,326.62
T006963,2026-04-29,S011,P0083,Lawn & Garden,Lawn & Garden B,92,56,2,146,122.26,244.52
T006964,2026-05-08,S003,P0089,Electrical,Electrical C,14,67,1,80,185.39,185.39
T006965,2026-04-12,S008,P0034,Building Materials,Building Materials C,99,56,2,153,148.82,297.64
T006966,2025-08-28,S002,P0054,Electrical,Electrical C,28,51,1,78,258.35,258.35
T006967,2025-06-30,S009,P0087,Building Materials,Building Materials C,39,80,1,118,17.88,17.88
T006968,2025-07-05,S014,P0095,Electrical,Electrical A,117,18,1,134,227.15,227.15
T006969,2025-09-03,S014,P0087,Appliances,Appliances B,10,34,1,43,233.84,233.84
T006970,2025-09-19,S006,P0100,Paint,Paint C,32,28,5,55,282.75,1413.75
T006971,2026-06-24,S007,P0094,Paint,Paint C,75,16,6,85,315.76,1894.56
T006972,2025-03-18,S010,P0047,Electrical,Electrical C,84,17,3,98,275.1,825.3
T006973,2026-06-14,S006,P0032,Plumbing,Plumbing A,53,1,9,45,159.34,1434.06
T006974,2026-05-06,S005,P0051,Building Materials,Building Materials A,78,13,2,89,143.32,286.64
T006975,2025-05-15,S003,P0040,Building Materials,Building Materials A,58,58,1,115,104.64,104.64
T006976,2025-03-23,S002,P0087,Hardware,Hardware A,20,36,3,53,20.32,60.96
T006977,2025-06-13,S008,P0097,Plumbing,Plumbing A,107,4,1,110,172.64,172.64
T006978,2025-02-05,S015,P0083,Lawn & Garden,Lawn & Garden B,11,44,3,52,75.13,225.39
T006979,2026-05-17,S008,P0016,Lawn & Garden,Lawn & Garden B,44,51,4,91,254.62,1018.48
T006980,02/13/2026,S011,P0035,Hardware,Hardware C,82,2,1,83,235.25,235.25
T006981,2026-03-01,S009,P0021,Electrical,Electrical A,104,80,8,176,140.07,1120.56
T006982,2025-03-10,S008,P0068,Appliances,Appliances A,25,52,11,66,286.84,3155.24
T006983,2025-09-07,S002,P0016,Paint,Paint A,62,6,10,58,242.88,2428.8
T006984,2026-06-26,S015,P0027,Plumbing,Plumbing C,72,2,1,73,262.98,262.98
T006985,2025-09-02,S012,P0006,Building Materials,Building Materials A,75,77,2,150,291.44,582.88
T006986,2025-06-14, S008 ,P0079,Hardware,Hardware B,54,32,3,83,25.9,77.7
T006987,2025-11-24,S008,P0062,Hardware,Hardware C,37,1,1,37,229.82,229.82
T006988,2025-10-19,S009,P0020,Hardware,Hardware A,62,35,1,96,126.9,126.9
T006989,2026-03-30,S005,P0040,Electrical,Electrical B,31,67,1,97,336.76,336.76
T006990,2025-09-09,S011,P0100,Electrical,Electrical B,29,58,3,84,57.46,172.38
T006991,2025-04-13,S008,P0064,Lawn & Garden,Lawn & Garden C,5,36,4,37,183.27,733.08
T006992,2025-01-11,S004,P0051,Appliances,Appliances A,76,80,6,150,115.76,694.56
T006993,2025-05-08,S001,P0033,Paint,Paint B,64,59,4,119,184.01,736.04
T006994,2025-09-05,S009,P0029,Building Materials,Building Materials A,23,6,5,24,27.45,137.25
T006995,2025-05-22,S011,P0015,Hardware,Hardware C,2,73,1,74,127.37,127.37
T006996,2026-04-19,S004,P0080,Lawn & Garden,Lawn & Garden C,28,49,3,74,294.29,882.87
T006997,2026-03-08,S002,P0082,Appliances,Appliances C,28,29,2,55,154.16,308.32
T006998,2025-08-03,S011,P0071,Paint,Paint A,47,27,1,73,70.49,70.49
T006999,2025-02-08,S010,P0043,Building Materials,Building Materials C,83,8,2,89,116.41,232.82
T007000,2025-06-05,S007,P0006,Lawn & Garden,Lawn & Garden B,98,56,4,150,131.1,524.4
T007001,2026-06-01,S002,P0061,building materials,Building Materials A,32,64,5,91,183.24,916.2
T007002,2026-03-12,S003,P0028,Lawn & Garden,Lawn & Garden B,72,69,10,131,154.15,1541.5
T007003,2025-09-06,S008,P0052,Plumbing,Plumbing C,95,8,4,99,14.25,57.0
T007004,2025-01-03,S009,P0028,Appliances,Appliances C,82,7,5,84,309.45,1547.25
T007005,2025-07-29,S006,P0009,Appliances,Appliances A,88,68,5,151,265.22,1326.1
T007006,2025-10-28,S006,P0024,Electrical,Electrical B,117,8,6,119,31.52,189.12
T007007,2026-04-08,S001,P0050,Appliances,Appliances C,25,23,1,47,262.61,262.61
T007008,2026-01-29,S006,P0077,Paint,Paint C,82,46,3,125,266.02,798.06
T007009,2025-07-14,S011,P0097,Hardware,Hardware A,91,23,1,113,97.01,97.01
T007010,2025-01-08,S010,P0009,Building Materials,Building Materials C,93,71,1,163,279.91,279.91
T007011,2025-08-30,S003,P0092,Electrical,Electrical B,46,63,4,105,312.3,1249.2
T007012,2025-12-30,S002,P0081,Building Materials,Building Materials A,97,74,4,167,198.48,793.92
T007013,2026-05-29,S002,P0021,Appliances,Appliances B,48,70,4,114,60.73,242.92
T007014,2026-04-14,S006,P0029,Lawn & Garden,Lawn & Garden A,23,45,1,67,34.13,34.13
T007015,2025-03-28,S009,P0034,Building Materials,Building Materials A,26,2,3,25,103.5,310.5
T007016,01/09/2026,S015,P0042,Hardware,Hardware A,28,77,2,103,211.15,422.3
T007017,2026-01-03,S001,P0046,Building Materials,Building Materials C,97,47,4,140,142.5,570.0
T007018,2025-09-01,S006,P0099,Building Materials,Building Materials C,76,40,6,110,287.91,1727.46
T007019,2025-01-15,S001,P0061,Building Materials,Building Materials B,79,71,1,149,248.18,248.18
T007020,2026-02-03,S015,P0029,Plumbing,Plumbing A,114,23,3,134,40.9,122.7
T007021,2025-04-06,S009,P0016,Electrical,Electrical B,68,74,5,137,194.82,974.1
T007022,2025-10-18,S001,P0038,Lawn & Garden,Lawn & Garden A,21,43,1,63,28.87,28.87
T007023,2026-04-20,S002,P0026,Building Materials,Building Materials A,110,3,6,107,69.29,415.74
T007024,2025-12-21, S001 ,P0039,Plumbing,Plumbing B,25,32,1,56,226.92,226.92
T007025,2026-04-17,S012,P0070,Electrical,Electrical C,90,53,1,142,28.79,28.79
T007026,2025-03-12,S009,P0080,Hardware,Hardware B,40,9,3,46,180.97,542.91
T007027,2025-03-13,S005,P0094,Hardware,Hardware B,114,13,2,125,96.98,193.96
T007028,2025-06-20,S013,P0003,Plumbing,Plumbing B,8,45,2,51,327.49,654.98
T007029,2025-03-22,S008,P0057,Lawn & Garden,Lawn & Garden C,72,40,9,103,251.58,2264.22
T007030,2025-01-12,S003,P0052,Building Materials,Building Materials B,117,5,1,121,286.46,286.46
T007031,2026-04-22,S005,P0088,Plumbing,Plumbing C,4,76,4,76,228.58,914.32
T007032,2026-02-23,S012,P0003,Electrical,Electrical C,2,59,10,51,103.94,1039.4
T007033,2026-01-03,S010,P0064,Hardware,Hardware B,26,73,5,94,51.77,258.85
T007034,2025-03-14,S002,P0094,Building Materials,Building Materials C,75,64,4,135,297.31,1189.24
T007035,2026-04-05,S002,P0002,Hardware,Hardware A,87,32,3,116,241.74,725.22
T007036,2025-08-09,S001,P0063,Building Materials,Building Materials B,69,36,2,103,18.12,36.24
T007037,2025-02-15,S011,P0018,Hardware,Hardware C,72,31,2,101,107.63,215.26
T007038,2026-01-25,S005,P0046,Electrical,Electrical C,69,3,1,71,104.12,104.12
T007039,2026-05-22,S006,P0079,Lawn & Garden,Lawn & Garden C,7,57,6,58,288.1,1728.6
T007040,2025-07-14,S011,P0082,Paint,Paint A,2,18,1,19,277.6,277.6
T007041,2025-01-14,S004,P0042,Plumbing,Plumbing C,101,20,2,119,104.64,209.28
T007042,2026-04-03,S014,P0041,Building Materials,Building Materials A,48,10,2,56,57.53,115.06
T007043,2026-02-27,S001,P0023,Plumbing,Plumbing B,5,16,3,18,279.66,838.98
T007044,2026-02-06,S010,P0023,Electrical,Electrical A,85,52,4,133,275.75,1103.0
T007045,2025-01-21,S005,P0028,Electrical,Electrical B,45,45,2,88,67.7,135.4
T007046,2025-04-23,S010,P0052,Appliances,Appliances C,97,62,1,158,309.44,309.44
T007047,2025-01-16,S006,P0033,Electrical,Electrical C,41,38,1,78,24.79,24.79
T007048,2025-05-31,S001,P0039,Paint,Paint C,49,54,1,102,179.61,179.61
T007049,2026-03-31,S014,P0008,Appliances,Appliances B,98,70,10,158,100.14,1001.4
T007050,2025-06-06,S015,P0005,Building Materials,Building Materials A,55,59,7,107,135.75,950.25
T007051,2026-02-25,S006,P0026,Lawn & Garden,Lawn & Garden A,93,35,1,127,222.04,222.04
T007052,2026-03-21,S005,P0042,Hardware,Hardware C,65,73,2,136,348.63,697.26
T007053,2026-04-23,S006,P0063,Paint,Paint C,39,17,1,55,48.2,48.2
T007054,2025-05-29,S002,P0021,Building Materials,Building Materials A,99,60,1,158,275.1,275.1
T007055,2025-11-26,S015,P0024,Building Materials,Building Materials A,97,79,1,175,91.53,91.53
T007056,2025-04-13,S010,P0063,Building Materials,Building Materials C,28,65,1,92,203.85,203.85
T007057,2025-11-08,S007,P0053,Appliances,Appliances C,91,42,5,128,16.71,83.55
T007058,2025-08-27,S004,P0013,Lawn & Garden,Lawn & Garden A,94,4,4,94,311.04,1244.16
T007059,2025-02-23,S008,P0087,Building Materials,Building Materials A,107,52,3,156,32.31,96.93
T007060,2026-05-30,S006,P0055,Lawn & Garden,Lawn & Garden A,3,12,8,7,146.53,1172.24
T007061,2025-08-09,S008,P0068,Plumbing,Plumbing C,35,20,5,50,268.46,1342.3
T007062,2025-10-29,S008,P0097,Electrical,Electrical B,107,51,3,155,32.88,98.64
T007063,2025-03-15,S013,,Lawn & Garden,Lawn & Garden A,112,80,3,189,63.72,191.16
T007064,2025-03-28,S008,P0060,Paint,Paint A,107,67,6,168,35.4,212.4
T007065,2026-04-13,S006,P0076,Hardware,Hardware B,81,71,5,147,185.41,927.05
T007066,2026-04-07,S012,P0063,Paint,Paint C,93,33,1,125,104.74,104.74
T007067,2025-08-08,S015,P0062,Electrical,Electrical C,37,68,4,101,188.55,754.2
T007068,2026-06-02,S013,P0002,Appliances,Appliances A,46,45,3,88,218.65,655.95
T007069,2025-11-29,S007,P0022,Electrical,Electrical A,13,38,5,46,282.38,1411.9
T007070,2025-09-29,S015,P0056,Paint,Paint B,39,7,1,45,56.94,56.94
T007071,2025-08-05,S011,P0009,Building Materials,Building Materials C,67,22,6,83,27.2,163.2
T007072,2025-07-09,S010,P0074,Building Materials,Building Materials B,24,57,5,76,271.62,1358.1
T007073,2025-05-05,S004,P0009,Plumbing,Plumbing C,104,10,2,112,215.47,430.94
T007074,2026-03-20,S006,P0013,Lawn & Garden,Lawn & Garden B,44,10,9,45,274.35,2469.15
T007075,2025-10-31,S003,P0024,Building Materials,Building Materials A,64,27,1,90,199.64,199.64
T007076,2026-05-10,S008,P0045,Appliances,Appliances A,113,3,3,113,107.64,322.92
T007077,2025-04-06,S014,P0035,Lawn & Garden,Lawn & Garden B,51,18,1,68,113.52,113.52
T007078,2025-04-19,S008,P0072,Building Materials,Building Materials A,70,40,1,109,171.75,171.75
T007079,2026-06-05,S011,P0033,Plumbing,Plumbing B,15,75,2,88,196.08,392.16
T007080,2025-12-27,S009,P0088,Plumbing,Plumbing B,19,57,1,75,292.66,292.66
T007081,2025-02-24,S010,P0029,Plumbing,Plumbing A,5,17,5,17,142.18,710.9
T007082,2025-02-04,S001,P0039,Electrical,Electrical C,69,60,14,115,314.15,4398.1
T007083,2026-04-20,S001,P0094,Building Materials,Building Materials A,30,72,1,101,178.86,178.86
T007084,2025-08-21,S007,P0016,Building Materials,Building Materials C,120,8,7,121,115.91,811.37
T007085,2026-02-10,S015,P0085,Hardware,Hardware B,95,32,6,121,175.63,1053.78
T007086,2025-09-30,S006,P0071,Plumbing,Plumbing C,104,67,1,170,343.03,343.03
T007087,2025-05-20,S006,P0037,Appliances,Appliances B,95,64,1,158,258.76,258.76
T007088,2025-10-27,S002,P0041,Building Materials,Building Materials B,22,63,3,82,120.82,362.46
T007089,2025-09-01,S006,P0014,Electrical,Electrical A,34,11,5,40,116.08,580.4
T007090,2025-04-01,S003,P0011,Hardware,Hardware C,70,52,6,116,333.75,2002.5
T007091,2025-11-30,S011,P0068,Electrical,Electrical B,75,62,3,134,263.36,790.08
T007092,2026-01-21,S014,P0065,Paint,Paint C,117,30,3,144,70.79,212.37
T007093,2025-07-09,S014,P0068,Lawn & Garden,Lawn & Garden C,116,2,1,117,170.29,170.29
T007094,2026-05-03,S006,P0023,Lawn & Garden,Lawn & Garden B,23,12,8,27,48.16,385.28
T007095,2026-05-29,S005,P0060,Building Materials,Building Materials B,80,39,6,113,46.87,281.22
T007096,2025-05-09,S006,P0061,Hardware,Hardware C,115,23,4,134,73.52,294.08
T007097,08/17/2025,S009,P0056,Lawn & Garden,Lawn & Garden B,78,60,3,135,327.52,982.56
T007098,2025-07-18,S011,P0030,Plumbing,Plumbing B,40,66,7,99,62.72,439.04
T007099,2025-08-08,S011,P0086,Lawn & Garden,Lawn & Garden B,57,36,1,92,141.82,141.82
T007100,2025-05-07,S006,P0041,Electrical,Electrical B,101,77,3,175,42.86,128.58
T007101,2025-11-28,S002,P0098,Plumbing,Plumbing C,23,34,10,47,10.31,103.1
T007102,2026-06-15,S010,P0076,Building Materials,Building Materials A,102,43,1,144,91.53,91.53
T007103,2026-01-04,S009,P0025,Plumbing,Plumbing B,101,34,12,123,209.88,2518.56
T007104,2025-06-01,S010,P0061,Hardware,Hardware A,79,17,6,90,182.8,1096.8
T007105,2025-01-25,S005,P0088,Plumbing,Plumbing B,6,67,5,68,323.67,1618.35
T007106,2025-04-23,S009,P0066,Electrical,Electrical B,19,34,7,46,263.75,1846.25
T007107,2025-06-18,S001,P0084,Paint,Paint A,66,6,6,66,45.92,275.52
T007108,2025-09-16,S009,P0081,Paint,Paint B,93,10,1,102,53.7,53.7
T007109,2025-11-15,S004,P0055,Building Materials,Building Materials A,96,60,1,155,200.22,200.22
T007110,2026-03-07,S015,P0076,Appliances,Appliances A,3,48,2,49,167.69,335.38
T007111,2025-07-21,S001,P0060,Paint,Paint A,30,48,4,74,213.0,852.0
T007112,2026-02-21,S006,P0095,Appliances,Appliances B,115,27,7,135,227.03,1589.21
T007113,2025-02-26,S005,P0045,Paint,Paint B,75,5,2,78,69.61,139.22
T007114,2025-11-23,S013,P0069,Plumbing,Plumbing B,102,63,1,164,11.86,11.86
T007115,2025-01-28,S004,P0057,Electrical,Electrical B,1,62,5,58,151.74,758.7
T007116,2026-04-28,S009,P0056,Electrical,Electrical B,107,76,2,181,100.26,200.52
T007117,2025-09-10, S009 ,P0033,Lawn & Garden,Lawn & Garden B,39,52,4,87,202.19,808.76
T007118,2026-03-30,S005,P0055,Hardware,Hardware B,90,63,3,150,76.86,230.58
T007119,2026-03-05,S011,P0018,Paint,Paint C,16,27,1,42,169.96,169.96
T007120,2025-09-04,S014,P0037,Building Materials,Building Materials C,2,30,1,31,305.31,305.31
T007121,2026-06-09,S008,P0048,Electrical,Electrical A,8,48,1,55,329.38,329.38
T007122,2025-08-25,S003,P0031,Hardware,Hardware B,104,11,7,108,143.69,1005.83
T007123,2025-05-04,S003,P0059,Plumbing,Plumbing A,22,41,2,61,123.64,247.28
T007124,2025-07-03,S007,P0040,Paint,Paint A,109,29,1,137,225.84,225.84
T007125,2025-12-26,S003,P0035,Appliances,Appliances B,80,77,1,156,8.79,8.79
T007126,2025-02-26,S008,P0091,Lawn & Garden,Lawn & Garden C,73,27,1,99,262.52,262.52
T007127,2026-04-10,S004,P0024,Lawn & Garden,Lawn & Garden A,44,9,1,52,18.84,18.84
T007128,2026-04-07,S007,P0076,paint,Paint C,31,23,4,50,46.45,185.8
T007129,2025-06-14,S002,P0072,Electrical,Electrical C,80,41,3,118,243.29,729.87
T007130,2026-02-22,S005,,Appliances,Appliances C,79,36,2,113,9.46,18.92
T007131,2025-10-19,S002,P0009,Lawn & Garden,Lawn & Garden B,91,28,1,118,188.84,188.84
T007132,2025-08-26,S001,P0034,Electrical,Electrical A,4,5,1,8,311.92,311.92
T007133,2026-04-09,S002,P0073,Lawn & Garden,Lawn & Garden A,104,15,1,118,85.55,85.55
T007134,2026-03-02,S015,P0095,Paint,Paint C,59,42,2,99,30.4,60.8
T007135,2025-09-10,S006,P0029,Plumbing,Plumbing A,40,51,5,86,235.8,1179.0
T007136,2026-05-23,S015,P0040,Hardware,Hardware C,61,72,1,132,330.91,330.91
T007137,2025-03-15,S008,P0030,Appliances,Appliances A,90,74,2,162,248.34,496.68
T007138,2025-01-17,S008,P0072,Lawn & Garden,Lawn & Garden C,12,58,1,69,308.49,308.49
T007139,2025-08-18,S013,P0079,Building Materials,Building Materials B,73,38,1,110,211.86,211.86
T007140,2026-05-19,S001,P0024,Building Materials,Building Materials A,40,20,11,49,78.43,862.73
T007141,2025-09-23,S009,P0054,Paint,Paint A,68,75,1,142,90.9,90.9
T007142,2025-07-23,S011,P0088,Electrical,Electrical C,101,41,1,141,54.4,54.4
T007143,2025-07-21,S012,P0063,Plumbing,Plumbing A,35,12,17,30,23.18,394.06
T007144,2025-04-18,S004,P0001,Paint,Paint A,112,9,4,117,328.49,1313.96
T007145,2026-04-25,S011,P0097,Hardware,Hardware A,67,71,4,134,47.46,189.84
T007146,05/31/2026,S002,P0076,Appliances,Appliances B,18,8,1,25,229.19,229.19
T007147,2025-05-31,S015,P0033,Electrical,Electrical A,96,2,11,87,188.62,2074.82
T007148,2025-03-22,S014,P0044,Appliances,Appliances C,120,63,1,182,217.48,217.48
T007149,2025-03-17,S004,P0083,Electrical,Electrical A,28,23,6,45,34.31,205.86
T007150,2025-05-18,S009,P0095,Paint,Paint A,26,46,7,65,274.4,1920.8
T007151,2026-05-05,S013,P0022,Plumbing,Plumbing B,34,56,8,82,64.88,519.04
T007152,2026-03-07,S015,P0041,building materials,Building Materials B,116,56,9,163,238.5,2146.5
T007153,2025-05-19,S005,P0087,Appliances,Appliances A,67,5,2,70,143.43,286.86
T007154,2025-10-22,S007,P0002,Paint,Paint B,95,80,4,171,316.52,1266.08
T007155,2025-03-08,S003,P0063,Hardware,Hardware C,90,40,3,127,178.74,536.22
T007156,2026-01-28, S012 ,P0042,Electrical,Electrical B,13,33,1,45,108.1,108.1
T007157,2025-01-02,S015,P0028,Lawn & Garden,Lawn & Garden A,1,30,2,29,94.86,189.72
T007158,2025-11-13,S007,P0026,Electrical,Electrical B,54,25,7,72,134.37,940.59
T007159,2026-03-13,S006,P0074,Lawn & Garden,Lawn & Garden A,36,78,1,113,326.74,326.74
T007160,2025-11-05,S007,P0040,Plumbing,Plumbing B,59,12,5,66,30.78,153.9
T007161,2025-01-13,S009,P0018,Lawn & Garden,Lawn & Garden A,35,73,5,103,329.47,1647.35
T007162,2025-12-06,S013,P0042,Appliances,Appliances B,82,21,3,100,114.05,342.15
T007163,2025-07-20, S008 ,,Lawn & Garden,Lawn & Garden C,3,6,6,3,101.65,609.9
T007164,2026-05-11,S010,P0061,Appliances,Appliances A,92,55,1,146,329.0,329.0
T007165,2025-05-18,S003,P0086,Plumbing,Plumbing A,74,52,1,125,289.61,289.61
T007166,2026-03-19,S008,P0073,Lawn & Garden,Lawn & Garden B,74,29,2,101,336.35,672.7
T007167,2025-07-12,S008,P0047,Building Materials,Building Materials A,85,25,4,106,283.34,1133.36
T007168,2025-02-04,S012,P0047,Hardware,Hardware C,8,40,11,37,105.72,1162.92
T007169,2026-01-13,S005,P0040,Hardware,Hardware B,33,47,3,77,29.71,89.13
T007170,2026-06-08,S012,P0005,Appliances,Appliances A,103,28,2,129,282.48,564.96
T007171,2025-02-22,S009,P0057,Plumbing,Plumbing C,91,8,7,92,301.27,2108.89
T007172,2025-05-17,S011,P0048,Appliances,Appliances C,100,47,1,146,248.99,248.99
T007173,2025-05-29,S004,P0024,Paint,Paint A,4,11,1,14,145.42,145.42
T007174,2026-06-28,S013,P0067,Building Materials,Building Materials A,115,78,11,182,28.64,315.04
T007175,2025-11-15,S004,P0071,Paint,Paint C,106,4,1,109,229.7,229.7
T007176,2026-02-20,S012,P0090,Hardware,Hardware A,44,61,8,97,157.95,1263.6
T007177,2025-10-25,S005,P0072,Hardware,Hardware C,34,50,8,76,159.13,1273.04
T007178,2025-06-07,S004,P0016,Paint,Paint B,66,27,6,87,21.57,129.42
T007179,2025-07-18,S007,P0015,Lawn & Garden,Lawn & Garden B,94,61,7,148,226.43,1585.01
T007180,2026-01-05,S008,P0081,Paint,Paint B,97,47,7,137,292.88,2050.16
T007181,2026-02-15,S015,P0034,Electrical,Electrical C,11,73,1,83,199.58,199.58
T007182,2025-09-09,S007,P0066,Appliances,Appliances C,3,70,4,69,231.72,926.88
T007183,2025-03-05,S003,P0025,Electrical,Electrical A,42,75,3,114,134.56,403.68
T007184,2025-11-29, S001 ,P0053,Appliances,Appliances C,96,37,2,131,150.83,301.66
T007185,2026-01-07,S008,P0073,Plumbing,Plumbing A,53,59,2,110,219.4,438.8
T007186,2025-02-13,S012,P0050,plumbing,Plumbing A,95,10,3,102,328.37,985.11
T007187,2025-08-05,S003,P0086,Building Materials,Building Materials B,28,25,2,51,250.71,501.42
T007188,2026-03-17,S014,P0090,Electrical,Electrical B,17,49,7,59,20.87,146.09
T007189,2026-02-09,S009,P0029,Building Materials,Building Materials B,116,48,2,162,115.48,230.96
T007190,2026-05-15,S005,P0019,Paint,Paint C,27,73,16,84,287.32,4597.12
T007191,2026-01-25,S001,,Plumbing,Plumbing B,74,10,1,83,207.17,207.17
T007192,2026-04-16,S011,P0009,Plumbing,Plumbing A,67,9,2,74,328.31,656.62
T007193,2025-12-16,S012,P0074,Paint,Paint C,84,8,2,90,131.82,263.64
T007194,2025-03-05,S010,P0092,Building Materials,Building Materials C,47,30,1,76,86.12,86.12
T007195,2025-03-23,S003,P0041,Paint,Paint C,1,6,2,5,241.46,482.92
T007196,2025-05-06,S006,P0081,Hardware,Hardware C,75,74,1,148,164.18,164.18
T007197,2026-02-14,S005,P0089,Lawn & Garden,Lawn & Garden A,117,75,5,187,332.66,1663.3
T007198,2026-02-26,S001,P0066,Appliances,Appliances A,48,72,2,118,250.97,501.94
T007199,2026-04-02,S005,P0052,Plumbing,Plumbing A,79,34,1,112,260.88,260.88
T007200,2026-06-11,S003,P0025,Electrical,Electrical B,20,48,2,66,36.17,72.34
T007201,2025-07-06,S003,P0057,Lawn & Garden,Lawn & Garden B,14,30,3,41,302.98,908.94
T007202,2025-06-22,S010,P0017,Hardware,Hardware A,45,6,2,49,33.34,66.68
T007203,2025-01-11,S011,P0096,Building Materials,Building Materials B,12,61,17,56,343.51,5839.67
T007204,2026-05-27,S008,P0062,Plumbing,Plumbing C,48,38,4,82,82.06,328.24
T007205,2025-06-05,S011,P0006,Lawn & Garden,Lawn & Garden B,92,38,1,129,282.04,282.04
T007206,2025-10-02,S001,P0032,Paint,Paint C,19,16,5,30,33.97,169.85
T007207,2025-09-15,S002,P0026,Lawn & Garden,Lawn & Garden B,1,44,4,41,285.17,1140.68
T007208,03/08/2025,S007,P0097,Plumbing,Plumbing A,116,79,4,191,255.39,1021.56
T007209,2026-06-18,S011,P0038,Appliances,Appliances C,73,25,5,93,178.31,891.55
T007210,2025-09-06,S003,P0097,Electrical,Electrical C,65,63,8,120,265.92,2127.36
T007211,2025-07-21,S003,P0027,Building Materials,Building Materials B,2,26,2,26,152.66,305.32
T007212,2026-02-25,S009,P0042,Plumbing,Plumbing A,120,27,3,144,140.86,422.58
T007213,2025-05-23,S010,P0079,Lawn & Garden,Lawn & Garden B,30,14,1,43,146.01,146.01
T007214,2025-01-09,S008,P0079,Hardware,Hardware C,84,37,3,118,17.9,53.7
T007215,2025-08-27,S002,P0096,Lawn & Garden,Lawn & Garden C,79,30,1,108,123.55,123.55
T007216,2025-09-21,S001,P0082,Lawn & Garden,Lawn & Garden B,83,31,1,113,348.58,348.58
T007217,2025-09-11,S014,P0026,Paint,Paint B,50,73,10,113,306.51,3065.1
T007218,06/14/2026,S001,P0080,Building Materials,Building Materials B,63,11,3,71,316.45,949.35
T007219,2026-02-08,S005,P0049,Plumbing,Plumbing B,82,52,4,130,196.75,787.0
T007220,2025-06-24,S012,P0051,Lawn & Garden,Lawn & Garden B,14,18,2,30,252.62,505.24
T007221,2025-07-28,S001,P0054,Hardware,Hardware A,111,63,12,162,281.33,3375.96
T007222,2025-11-12,S007,P0046,Paint,Paint B,34,80,2,112,43.54,87.08
T007223,2026-03-05,S005,P0010,Electrical,Electrical A,15,28,9,34,215.88,1942.92
T007224,2026-06-12,S005,P0009,Paint,Paint A,1,13,4,10,36.98,147.92
T007225,2025-11-12,S003,P0094,Paint,Paint C,39,40,3,76,42.8,128.4
T007226,2025-04-22,S011,P0005,Paint,Paint B,116,42,4,154,247.49,989.96
T007227,2025-10-26,S005,P0091,Electrical,Electrical B,107,70,3,174,150.36,451.08
T007228,2025-11-20,S014,P0069,Electrical,Electrical B,17,19,2,34,209.51,419.02
T007229,2025-01-23,S007,P0018,Lawn & Garden,Lawn & Garden B,55,60,4,111,238.7,954.8
T007230,2025-02-18,S010,P0017,Plumbing,Plumbing B,56,57,1,112,145.41,145.41
T007231,2025-11-01,S004,P0093,Appliances,Appliances C,24,49,2,71,242.05,484.1
T007232,2026-01-02,S006,P0026,Building Materials,Building Materials A,105,29,5,129,344.01,1720.05
T007233,2025-03-25,S008,P0069,Paint,Paint C,84,59,6,137,76.72,460.32
T007234,2025-05-15,S006,P0062,Appliances,Appliances A,110,41,14,137,34.6,484.4
T007235,2025-07-30,S010,P0068,Electrical,Electrical B,85,70,6,149,235.81,1414.86
T007236,2025-12-20,S010,P0032,Building Materials,Building Materials B,23,27,6,44,36.98,221.88
T007237,2025-11-28,S007,P0007,Lawn & Garden,Lawn & Garden B,19,0,4,15,164.04,656.16
T007238,2025-12-15,S012,P0048,appliances,Appliances A,1,15,7,9,170.71,1194.97
T007239,2025-02-14,S014,P0036,Hardware,Hardware C,85,8,3,90,300.85,902.55
T007240,2026-04-26,S004,P0091,Electrical,Electrical B,111,66,3,174,144.95,434.85
T007241,2025-03-04,S006,P0080,Electrical,Electrical B,88,56,3,141,35.91,107.73
T007242,2026-05-15,S012,P0037,Electrical,Electrical C,50,15,7,58,201.27,1408.89
T007243,2026-03-19,S001,P0002,Lawn & Garden,Lawn & Garden A,26,46,3,69,95.11,285.33
T007244,2025-04-19,S001,P0001,Hardware,Hardware C,4,57,4,57,295.12,1180.48
T007245,2026-01-11,S001,P0029,Appliances,Appliances C,58,24,2,80,284.68,569.36
T007246,2025-06-07,S002,P0095,Building Materials,Building Materials C,25,7,11,21,49.53,544.83
T007247,2025-05-03,S009,P0097,Plumbing,Plumbing A,62,45,2,105,192.74,385.48
T007248,2025-06-28,S007,P0093,Appliances,Appliances A,118,54,3,169,325.54,976.62
T007249,2026-06-10,S002,P0050,Plumbing,Plumbing C,84,32,6,110,202.87,1217.22
T007250,2026-04-13,S003,P0065,Paint,Paint A,96,71,8,159,295.05,2360.4
T007251,2025-11-22,S003,P0020,appliances,Appliances B,68,36,3,101,72.78,218.34
T007252,2025-04-15,S008,P0045,Plumbing,Plumbing A,112,8,5,115,141.9,709.5
T007253,2025-01-16,S011,P0098,Electrical,Electrical B,46,4,1,49,44.35,44.35
T007254,2025-07-24,S011,P0084,Electrical,Electrical A,31,46,4,73,97.0,388.0
T007255,2025-11-27,S013,P0039,Paint,Paint C,22,0,5,17,164.67,823.35
T007256,2025-10-18,S009,P0100,Hardware,Hardware B,2,23,9,16,80.48,724.32
T007257,2025-09-23,S003,P0026,Plumbing,Plumbing B,117,10,1,126,111.76,111.76
T007258,2025-10-27,S009,P0045,Plumbing,Plumbing C,15,69,1,83,120.24,120.24
T007259,2025-01-11,S001,P0014,Building Materials,Building Materials B,74,5,1,78,91.91,91.91
T007260,2026-04-04,S004,P0093,Lawn & Garden,Lawn & Garden B,71,31,1,101,199.85,199.85
T007261,2025-01-01,S011,P0058,Hardware,Hardware A,119,59,7,171,317.36,2221.52
T007262,2025-11-18,S011,P0008,Electrical,Electrical C,97,80,2,175,331.51,663.02
T007263,2026-02-14,S013,P0086,Lawn & Garden,Lawn & Garden B,105,26,3,128,222.76,668.28
T007264,2025-06-02,S008,,Hardware,Hardware C,65,28,1,92,347.1,347.1
T007265,2025-07-29,S003,P0066,Plumbing,Plumbing A,11,27,2,36,90.05,180.1
T007266,2026-01-29,S009,P0082,Plumbing,Plumbing A,59,22,10,71,54.72,547.2
T007267,2025-07-16,S002,P0053,Electrical,Electrical B,49,17,4,62,286.27,1145.08
T007268,2025-08-03,S015,P0010,Lawn & Garden,Lawn & Garden C,32,37,5,64,252.61,1263.05
T007269,2026-06-11,S004,P0068,Electrical,Electrical B,36,62,3,95,76.17,228.51
T007270,2025-04-19,S008,P0061,Appliances,Appliances A,94,55,7,142,336.88,2358.16
T007271,2025-01-28,S003,P0007,Building Materials,Building Materials B,38,10,7,41,145.74,1020.18
T007272,2025-05-27,S012,P0011,Appliances,Appliances B,42,10,2,50,113.16,226.32
T007273,2026-05-18,S010,P0090,Lawn & Garden,Lawn & Garden A,78,13,3,88,277.38,832.14
T007274,2026-01-16,S009,P0086,Plumbing,Plumbing B,80,76,8,148,216.48,1731.84
T007275,2025-06-02,S013,P0016,Plumbing,Plumbing B,106,75,3,178,156.3,468.9
T007276,2026-06-29,S005,P0031,Hardware,Hardware C,52,35,2,85,155.21,310.42
T007277,2025-02-23,S009,P0009,Hardware,Hardware A,30,41,2,69,123.43,246.86
T007278,2025-01-14,S008,P0084,Lawn & Garden,Lawn & Garden B,108,12,2,118,31.42,62.84
T007279,2026-04-08,S004,P0003,Electrical,Electrical C,4,64,3,65,166.97,500.91
T007280,2026-02-24,S007,P0037,Building Materials,Building Materials A,44,5,2,47,234.68,469.36
T007281,2025-09-06,S009,P0095,Paint,Paint A,40,73,3,110,262.37,787.11
T007282,2026-03-30,S008,P0008,Appliances,Appliances C,46,61,1,106,208.75,208.75
T007283,2025-01-26,S005,P0025,Building Materials,Building Materials C,40,80,4,116,286.53,1146.12
T007284,2025-02-18,S008,P0016,Hardware,Hardware B,108,23,4,127,8.83,35.32
T007285,2025-12-19,S001,P0036,lawn & garden,Lawn & Garden C,84,46,5,125,321.22,1606.1
T007286,2025-07-26,S009,P0039,Appliances,Appliances A,24,39,5,58,28.18,140.9
T007287,2026-05-03,S012,P0040,Building Materials,Building Materials A,46,74,6,114,39.81,238.86
T007288,2025-04-03,S007,P0026,Plumbing,Plumbing C,66,76,3,139,159.76,479.28
T007289,2025-03-02,S015,P0050,Building Materials,Building Materials C,85,69,3,151,316.21,948.63
T007290,2025-07-10,S008,P0079,Appliances,Appliances A,87,41,2,126,31.17,62.34
T007291,2025-08-06,S011,P0036,Building Materials,Building Materials A,15,20,5,30,302.7,1513.5
T007292,2026-06-22,S013,P0096,Building Materials,Building Materials C,44,39,2,81,40.32,80.64
T007293,2025-10-17,S004,P0032,Building Materials,Building Materials A,75,45,1,119,60.62,60.62
T007294,2025-10-10,S012,P0038,Building Materials,Building Materials C,22,7,2,27,216.54,433.08
T007295,2025-01-26,S012,P0043,Appliances,Appliances C,88,76,6,158,207.62,1245.72
T007296,2025-03-26,S011,P0052,Hardware,Hardware A,97,27,5,119,91.47,457.35
T007297,2026-04-21,S009,P0028,Electrical,Electrical A,27,36,4,59,116.53,466.12
T007298,2025-10-20,S006,P0010,Electrical,Electrical C,78,38,13,103,10.07,130.91
T007299,2026-05-16,S013,P0072,appliances,Appliances A,12,41,4,49,185.94,743.76
T007300,2025-10-31,S010,P0005,Hardware,Hardware A,82,75,1,156,67.79,67.79
T007301,2025-08-22,S007,P0098,Appliances,Appliances C,46,56,1,101,270.83,270.83
T007302,2025-07-26,S009,P0060,Paint,Paint C,57,72,5,124,116.19,580.95
T007303,2025-12-23,S004,P0021,Plumbing,Plumbing A,106,26,8,124,275.08,2200.64
T007304,2025-08-22,S010,P0022,Appliances,Appliances A,96,14,3,107,277.35,832.05
T007305,2025-12-30,S009,P0088,Building Materials,Building Materials A,21,10,4,27,36.63,146.52
T007306,2025-01-01,S010,P0090,Lawn & Garden,Lawn & Garden C,6,49,4,51,125.5,502.0
T007307,2025-12-17,S014,P0051,Appliances,Appliances C,7,3,10,0,100.45,1004.5
T007308,2026-02-06,S007,P0002,Lawn & Garden,Lawn & Garden C,11,61,6,66,61.4,368.4
T007309,2025-09-15,S011,P0077,Paint,Paint B,37,77,7,107,67.16,470.12
T007310,2026-03-30,S015,P0052,Building Materials,Building Materials C,3,6,1,8,49.33,49.33
T007311,2026-04-21,S012,P0004,Appliances,Appliances B,79,44,2,121,51.1,102.2
T007312,2025-11-01,S011,P0015,Plumbing,Plumbing C,56,67,2,121,341.21,682.42
T007313,2026-02-01,S013,P0060,Electrical,Electrical C,119,8,2,125,205.91,411.82
T007314,2025-11-04,S012,P0097,Building Materials,Building Materials A,68,45,3,110,116.98,350.94
T007315,2026-06-09,S012,P0084,Appliances,Appliances B,95,79,4,170,56.77,227.08
T007316,2026-02-28,S006,P0001,Paint,Paint C,93,24,3,114,200.87,602.61
T007317,2025-10-06,S006,P0052,Hardware,Hardware A,67,18,2,83,340.42,680.84
T007318,2026-02-07,S013,P0012,Paint,Paint C,91,52,1,142,158.14,158.14
T007319,2025-04-30,S003,P0003,Paint,Paint A,91,39,4,126,194.32,777.28
T007320,2026-03-06,S011,P0043,Paint,Paint A,85,31,5,111,22.45,112.25
T007321,2025-06-12,S009,P0041,Electrical,Electrical A,65,48,3,110,71.01,213.03
T007322,2026-06-20,S001,P0050,Building Materials,Building Materials B,114,29,1,142,264.74,264.74
T007323,2026-02-02,S001,P0076,Paint,Paint C,109,56,6,159,157.74,946.44
T007324,2026-05-20, S008 ,P0097,Lawn & Garden,Lawn & Garden B,119,32,2,149,99.22,198.44
T007325,2025-07-04,S007,P0068,appliances,Appliances C,56,18,1,73,188.56,188.56
T007326,2026-03-21,S003,P0066,Plumbing,Plumbing C,76,55,3,128,219.67,659.01
T007327,2026-04-18,S012,P0065,Plumbing,Plumbing B,5,33,6,32,181.22,1087.32
T007328,2025-12-02,S009,P0073,Hardware,Hardware B,88,37,2,123,244.37,488.74
T007329,2026-01-08,S002,P0061,Hardware,Hardware B,72,48,1,119,66.24,66.24
T007330,2026-01-04,S007,P0063,Plumbing,Plumbing B,43,8,2,49,121.64,243.28
T007331,2025-03-08,S004,P0035,Appliances,Appliances C,44,29,1,72,324.25,324.25
T007332,2026-01-07,S004,P0088,Appliances,Appliances B,92,48,3,137,235.31,705.93
T007333,2026-05-31,S001,P0072,Hardware,Hardware B,13,63,3,73,45.23,135.69
T007334,2026-03-13,S008,P0080,Paint,Paint B,48,60,2,106,235.95,471.9
T007335,2025-05-09,S014,P0039,Plumbing,Plumbing C,58,44,2,100,23.61,47.22
T007336,2025-08-24,S015,P0036,Hardware,Hardware B,74,46,8,112,235.61,1884.88
T007337,2025-03-07, S014 ,P0070,Electrical,Electrical C,94,54,4,144,27.16,108.64
T007338,2026-06-16,S004,P0040,Plumbing,Plumbing B,35,67,4,98,87.55,350.2
T007339,2026-04-30,S013,P0078,Building Materials,Building Materials B,115,80,6,189,289.01,1734.06
T007340,2025-09-28,S004,P0010,Hardware,Hardware A,60,3,2,61,159.32,318.64
T007341,2025-03-31,S002,P0036,Appliances,Appliances C,49,80,9,120,59.25,533.25
T007342,2025-03-24,S010,P0061,Hardware,Hardware B,119,51,4,166,101.48,405.92
T007343,2025-11-02,S001,P0022,Electrical,Electrical A,68,4,3,69,229.39,688.17
T007344,2026-03-05, S012 ,P0001,Hardware,Hardware A,15,15,4,26,29.28,117.12
T007345,2026-05-07,S012,P0001,Paint,Paint C,6,39,2,43,21.72,43.44
T007346,2026-02-28,S012,P0029,Electrical,Electrical B,43,4,2,45,145.11,290.22
T007347,2025-10-28,S011,P0019,Electrical,Electrical C,1,21,7,15,56.35,394.45
T007348,2025-05-14,S008,P0004,Plumbing,Plumbing B,87,31,1,117,316.31,316.31
T007349,2026-06-06,S012,P0026,Plumbing,Plumbing B,100,43,1,142,21.69,21.69
T007350,2026-03-08,S003,P0055,Appliances,Appliances B,93,72,3,162,247.42,742.26
T007351,2025-10-03,S011,P0062,Appliances,Appliances B,82,73,1,154,227.07,227.07
T007352,2025-11-26,S009,P0049,Building Materials,Building Materials C,51,68,1,118,296.44,296.44
T007353,2026-01-10,S011,P0043,Appliances,Appliances A,42,58,1,99,225.13,225.13
T007354,2025-07-14,S004,P0083,Hardware,Hardware B,11,13,1,23,208.37,208.37
T007355,2025-05-03,S014,P0098,Lawn & Garden,Lawn & Garden C,43,42,4,81,79.87,319.48
T007356,2026-01-14,S005,P0074,Building Materials,Building Materials B,41,17,3,55,245.12,735.36
T007357,2025-01-30,S007,P0091,Electrical,Electrical C,75,41,6,110,291.35,1748.1
T007358,2025-01-13,S010,P0094,Lawn & Garden,Lawn & Garden B,19,66,1,84,199.46,199.46
T007359,2026-03-13,S001,P0025,Lawn & Garden,Lawn & Garden A,88,61,1,148,216.07,216.07
T007360,2026-05-28,S004,P0030,Lawn & Garden,Lawn & Garden C,31,38,4,65,209.76,839.04
T007361,2026-02-02,S010,P0029,Lawn & Garden,Lawn & Garden C,75,28,1,102,150.8,150.8
T007362,2026-04-04,S014,P0044,Electrical,Electrical B,68,69,2,135,131.6,263.2
T007363,2025-05-04,S001,P0058,Plumbing,Plumbing C,72,41,1,112,342.65,342.65
T007364,2026-06-23,S007,P0019,Hardware,Hardware C,20,56,1,75,59.26,59.26
T007365,2025-02-15,S010,P0060,Lawn & Garden,Lawn & Garden A,45,15,1,59,23.52,23.52
T007366,2025-08-13,S011,P0027,Lawn & Garden,Lawn & Garden B,27,33,6,54,261.99,1571.94
T007367,2026-01-20,S009,P0020,Electrical,Electrical C,36,75,1,110,249.91,249.91
T007368,2026-05-14,S009,P0047,Paint,Paint B,68,52,7,113,84.41,590.87
T007369,2025-11-05,S002,P0041,Appliances,Appliances B,59,9,6,62,68.88,413.28
T007370,2025-01-20,S001,P0084,Appliances,Appliances A,6,31,2,35,8.39,16.78
T007371,2025-04-11,S011,P0060,Building Materials,Building Materials C,16,35,3,48,142.29,426.87
T007372,2026-06-01,S007,P0031,Plumbing,Plumbing A,5,18,4,19,253.44,1013.76
T007373,2026-01-03,S009,P0094,Building Materials,Building Materials C,96,51,5,142,32.19,160.95
T007374,2026-04-26,S002,P0004,Lawn & Garden,Lawn & Garden C,65,71,1,135,47.91,47.91
T007375,2025-09-09,S001,P0052,Hardware,Hardware C,108,68,5,171,137.94,689.7
T007376,2026-05-20,S005,P0075,Lawn & Garden,Lawn & Garden A,24,25,3,46,37.76,113.28
T007377,2025-02-01,S003,P0060,Hardware,Hardware B,107,65,1,171,82.18,82.18
T007378,2025-05-11,S008,P0065,Paint,Paint B,31,37,3,65,334.84,1004.52
T007379,2025-06-16,S001,P0037,Plumbing,Plumbing C,45,5,1,49,292.29,292.29
T007380,2025-12-23,S004,P0008,Plumbing,,47,1,3,45,285.27,855.81
T007381,2025-06-26,S012,P0044,Paint,Paint C,20,54,2,72,299.46,598.92
T007382,2026-06-20,S011,P0070,Building Materials,Building Materials C,87,64,3,148,68.79,206.37
T007383,2025-04-01,S010,P0028,Lawn & Garden,Lawn & Garden C,26,19,4,41,276.22,1104.88
T007384,10/14/2025,S011,P0087,Electrical,Electrical B,109,20,8,121,40.44,323.52
T007385,04/07/2026,S007,P0069,Hardware,Hardware A,118,51,5,164,331.31,1656.55
T007386,2026-04-10,S008,P0005,Hardware,Hardware A,82,47,4,125,87.08,348.32
T007387,2025-04-01,S009,P0023,Lawn & Garden,Lawn & Garden C,14,11,1,24,179.12,179.12
T007388,2025-12-22,S003,P0035,Building Materials,Building Materials A,83,21,6,98,308.16,1848.96
T007389,2026-06-10,S015,P0077,Electrical,Electrical B,63,39,2,100,145.37,290.74
T007390,2025-03-06,S005,P0073,building materials,Building Materials B,35,64,1,98,51.75,51.75
T007391,2025-03-06,S006,P0011,Electrical,Electrical C,57,47,12,92,321.95,3863.4
T007392,2026-01-15,S005,P0028,Plumbing,Plumbing A,83,19,1,101,124.61,124.61
T007393,2025-06-06,S001,P0054,Building Materials,Building Materials C,94,37,8,123,172.14,1377.12
T007394,2026-04-06,S014,P0086,Building Materials,Building Materials A,20,4,4,20,267.44,1069.76
T007395,2025-03-29,S011,P0007,Lawn & Garden,Lawn & Garden B,25,4,5,24,293.99,1469.95
T007396,2025-12-19,S006,P0032,Paint,Paint C,70,74,3,141,198.07,594.21
T007397,2025-04-20,S008,P0085,Building Materials,Building Materials A,51,71,1,121,98.84,98.84
T007398,2025-12-20,S011,P0016,Electrical,Electrical A,85,74,5,154,17.97,89.85
T007399,2026-06-03,S001,P0070,Electrical,Electrical C,67,11,4,74,235.1,940.4
T007400,2025-10-12,S001,P0056,Appliances,Appliances A,11,46,4,53,266.02,1064.08
T007401,2025-05-04,S013,P0095,Appliances,Appliances A,117,65,3,179,258.85,776.55
T007402,2025-07-16,S011,P0078,Plumbing,Plumbing A,66,12,2,76,293.04,586.08
T007403,2026-02-20,S010,P0050,Hardware,Hardware B,55,11,5,61,195.48,977.4
T007404,2025-06-22,S015,P0074,Hardware,Hardware C,58,25,4,79,280.65,1122.6
T007405,2025-03-13,S009,P0025,Plumbing,Plumbing B,0,72,6,66,308.18,1849.08
T007406,2025-04-18,S004,P0062,Electrical,Electrical C,116,79,2,193,126.06,252.12
T007407,2025-04-27,S007,P0055,Electrical,Electrical A,10,49,2,57,313.33,626.66
T007408,2026-01-04,S008,P0035,Lawn & Garden,Lawn & Garden B,115,3,2,116,55.62,111.24
T007409,2025-11-25,S006,P0074,Plumbing,Plumbing B,92,68,3,157,44.51,133.53
T007410,2025-11-20,S002,P0003,Electrical,Electrical C,96,5,1,100,324.82,324.82
T007411,2026-02-11,S012,P0036,Hardware,Hardware B,60,50,16,94,345.78,5532.48
T007412,2026-05-26,S004,P0023,Paint ,Paint B,39,25,2,62,286.96,573.92
T007413,2025-02-27,S006,P0016,Building Materials,Building Materials B,1,62,7,56,287.64,2013.48
T007414,2026-06-11,S004,P0067,Lawn & Garden,Lawn & Garden B,96,34,2,128,253.93,507.86
T007415,2026-02-14,S010,P0042,Paint,Paint A,33,45,5,73,104.9,524.5
T007416,2025-06-02,S011,P0034,Lawn & Garden,Lawn & Garden C,72,14,10,76,312.45,3124.5
T007417,2025-12-03,S010,P0065,Appliances,Appliances B,48,41,5,84,276.59,1382.95
T007418,2025-08-11,S012,P0059,Building Materials,Building Materials A,55,64,9,110,96.28,866.52
T007419,2025-05-03,S014,,Electrical,Electrical A,75,7,7,75,107.06,749.42
T007420,2026-05-22,S003,P0052,Electrical,Electrical A,16,71,1,86,181.84,181.84
T007421,2025-07-07,S004,P0061,Building Materials,Building Materials C,71,76,5,142,118.14,590.7
T007422,2026-02-14,S008,P0087,Building Materials,Building Materials A,45,62,4,103,193.2,772.8
T007423,2025-05-06,S006,P0062,Building Materials,Building Materials B,56,68,1,123,85.58,85.58
T007424,2026-06-24,S004,P0036,Lawn & Garden,Lawn & Garden C,21,20,7,34,147.85,1034.95
T007425,2025-03-17,S006,P0076,Hardware,Hardware A,26,1,1,26,170.78,170.78
T007426,2025-09-15,S006,P0011,Lawn & Garden,Lawn & Garden C,74,62,6,130,146.26,877.56
T007427,2025-11-21,S009,P0083,Paint,Paint A,87,24,5,106,321.06,1605.3
T007428,2025-09-07,S010,P0086,Appliances,Appliances C,116,11,3,124,264.36,793.08
T007429,2025-01-07,S004,P0069,Paint,Paint B,109,48,2,155,321.75,643.5
T007430,2025-08-27,S002,P0012,Plumbing,Plumbing A,105,16,5,116,210.96,1054.8
T007431,2025-03-07,S004,P0025,Hardware,Hardware A,87,47,1,133,198.51,198.51
T007432,2026-02-22,S002,P0061,lawn & garden,Lawn & Garden B,82,55,1,136,127.14,127.14
T007433,2026-02-21,S010,P0054,Lawn & Garden,Lawn & Garden A,17,56,3,70,278.68,836.04
T007434,2026-02-21,S007,P0056,Building Materials,Building Materials C,8,26,3,31,15.05,45.15
T007435,2025-08-03,S010,P0093,Paint,Paint A,44,48,1,91,232.6,232.6
T007436,2025-06-29,S012,P0017,Plumbing,Plumbing A,35,63,1,97,296.08,296.08
T007437,2025-05-14,S010,P0034,Paint,Paint A,35,65,5,95,298.14,1490.7
T007438,2025-08-07,S014,P0083,Building Materials,Building Materials B,18,3,1,20,151.37,151.37
T007439,2025-01-19,S005,P0014,Paint,Paint B,35,17,2,50,84.35,168.7
T007440,2026-01-13,S011,P0069,Appliances,Appliances C,13,46,1,58,16.82,16.82
T007441,2026-06-01,S003,P0053,Building Materials,Building Materials A,68,53,3,118,348.27,1044.81
T007442,2025-09-30,S013,P0009,Electrical,Electrical A,75,66,2,139,93.11,186.22
T007443,2025-05-19,S011,P0074,Appliances,Appliances A,91,51,1,141,347.21,347.21
T007444,2026-03-28,S013,P0097,Building Materials,Building Materials A,26,55,1,80,237.42,237.42
T007445,2025-10-26,S007,P0081,Electrical,Electrical C,30,45,8,67,10.66,85.28
T007446,2025-04-15,S012,P0042,Building Materials,Building Materials B,51,44,1,94,280.0,280.0
T007447,2026-01-06,S009,P0089,Electrical,Electrical B,100,25,4,121,216.04,864.16
T007448,2025-08-27,S014,P0017,Plumbing,Plumbing A,15,77,1,91,209.14,209.14
T007449,2026-01-21,S011,P0031,Electrical,Electrical A,76,74,8,142,305.26,2442.08
T007450,2025-02-08,S002,P0056,Lawn & Garden,Lawn & Garden A,56,59,1,114,327.45,327.45
T007451,2026-05-03,S012,P0069,Appliances ,Appliances C,59,8,7,60,35.52,248.64
T007452,2025-07-25,S011,P0035,Appliances,Appliances A,117,43,3,157,120.8,362.4
T007453,2026-04-07,S003,P0036,Appliances,Appliances C,112,65,5,172,230.43,1152.15
T007454,2025-03-06,S008,P0025,Plumbing,Plumbing B,51,39,8,82,309.2,2473.6
T007455,2025-09-27,S007,P0029,Electrical,Electrical C,29,48,4,73,204.43,817.72
T007456,2025-01-12,S009,P0065,Paint,Paint B,1,7,8,0,243.87,1950.96
T007457,2025-06-25,S002,P0072,Plumbing,Plumbing B,96,41,8,129,23.49,187.92
T007458,2025-04-28,S003,P0001,Building Materials,Building Materials A,72,17,5,84,33.14,165.7
T007459,2025-06-02,S014,P0068,Lawn & Garden,Lawn & Garden A,94,76,7,163,164.84,1153.88
T007460,2025-09-08,S003,P0031,Lawn & Garden,Lawn & Garden A,28,6,3,31,320.84,962.52
T007461,2025-11-27,S002,P0021,Building Materials,Building Materials B,49,17,1,65,10.86,10.86
T007462,2026-02-19,S001,P0006,Hardware,Hardware B,75,65,14,126,281.63,3942.82
T007463,2025-01-26,S014,P0082,Building Materials,Building Materials C,94,22,3,113,13.34,40.02
T007464,2025-10-02,S001,P0041,Paint,Paint C,107,21,4,124,71.77,287.08
T007465,2025-05-16,S009,P0059,Building Materials,Building Materials C,20,42,1,61,219.5,219.5
T007466,2025-11-20,S008,P0029,Electrical,Electrical A,23,49,8,64,33.69,269.52
T007467,2025-12-19,S005,P0054,Building Materials,Building Materials A,52,42,4,90,229.7,918.8
T007468,2025-09-27,S004,P0067,Plumbing,Plumbing C,22,57,5,74,312.15,1560.75
T007469,2025-11-08,S008,P0044,Building Materials,Building Materials B,94,42,5,131,237.64,1188.2
T007470,2026-01-26,S007,P0010,Building Materials,Building Materials B,4,70,1,73,70.31,70.31
T007471,2025-09-26,S005,P0079,Electrical,Electrical A,32,45,8,69,272.15,2177.2
T007472,2025-06-20,S011,P0053,Hardware,Hardware A,98,65,4,159,185.28,741.12
T007473,2025-04-27,S002,P0032,Paint,Paint C,60,49,1,108,195.51,195.51
T007474,2025-02-12,S013,P0004,Building Materials,Building Materials A,20,55,7,68,11.0,77.0
T007475,2026-01-04,S003,P0014,Hardware,Hardware C,0,40,3,37,335.02,1005.06
T007476,2025-08-27,S014,P0067,Building Materials,Building Materials A,85,4,2,87,26.57,53.14
T007477,2025-02-20,S010,P0007,Building Materials,Building Materials C,14,0,1,13,311.07,311.07
T007478,2026-06-08,S006,P0014,Appliances,Appliances B,64,74,2,136,43.94,87.88
T007479,2025-03-22,S003,P0051,Paint,Paint B,76,45,2,119,303.93,607.86
T007480,2026-05-09,S010,P0007,Hardware,Hardware C,84,38,7,115,38.53,269.71
T007481,2025-02-22,S009,P0047,Paint,Paint A,90,66,2,154,331.45,662.9
T007482,2026-05-09,S005,P0043,Electrical,Electrical C,23,33,1,55,146.58,146.58
T007483,2025-03-01,S008,P0040,Building Materials,Building Materials C,34,19,5,48,95.66,478.3
T007484,2025-10-26,S013,P0029,Appliances,Appliances A,55,7,8,54,337.41,2699.28
T007485,2025-02-16,S012,P0033,Building Materials,Building Materials A,13,78,2,89,62.91,125.82
T007486,2026-01-15,S014,P0035,Building Materials,Building Materials A,44,63,11,96,83.44,917.84
T007487,2025-05-06,S004,P0097,Plumbing,Plumbing B,87,69,7,149,334.12,2338.84
T007488,2025-09-04,S012,P0073,Lawn & Garden,Lawn & Garden A,59,74,8,125,119.43,955.44
T007489,2025-12-20,S015,P0085,Electrical,Electrical B,91,61,5,147,59.13,295.65
T007490,2025-04-15,S003,P0055,Paint,Paint C,14,25,4,35,72.02,288.08
T007491,2025-05-02,S002,P0074,Hardware,Hardware C,89,73,2,160,221.79,443.58
T007492,2025-09-30,S015,P0093,Paint,Paint A,40,34,10,64,122.58,1225.8
T007493,2025-07-06,S001,P0057,Appliances,Appliances B,109,17,9,117,273.31,2459.79
T007494,2025-11-03,S014,P0039,Hardware,Hardware B,81,62,10,133,338.29,3382.9
T007495,2026-01-30,S014,P0088,Building Materials,Building Materials C,120,37,3,154,149.44,448.32
T007496,2026-06-18,S014,P0044,Plumbing,Plumbing A,101,71,2,170,117.54,235.08
T007497,2025-12-31,S006,P0022,Paint,,3,31,6,28,309.52,1857.12
T007498,2025-08-09,S012,P0009,Building Materials,Building Materials A,108,16,2,122,80.54,161.08
T007499,2025-12-13,S008,P0010,Electrical,Electrical A,8,77,3,82,271.33,813.99
T007500,2026-04-04,S012,P0100,Building Materials,Building Materials A,57,23,1,79,110.1,110.1
T001230,2025-11-04,S002,P0001,Electrical,Electrical C,39,26,2,63,198.07,396.14
T004292,2025-09-02,S009,P0058,Building Materials,Building Materials C,3,29,2,30,329.69,659.38
T007150,2025-05-18,S009,P0095,Paint,Paint A,26,46,7,65,274.4,1920.8
T006158,2025-06-04,S008,P0002,Building Materials,Building Materials A,40,73,1,112,289.94,289.94
T005513,2026-01-04,S015,P0047,Electrical,Electrical C,2,8,3,7,235.91,707.73
T000702,2026-05-15,S012,P0030,Appliances,Appliances C,73,40,2,111,14.5,29.0
T002929,2026-06-14,S015,P0062,Plumbing,Plumbing C,91,78,2,167,303.65,607.3
T002610,2025-02-26,S005,P0054,Paint,Paint A,117,13,2,128,327.75,655.5
T005285,2025-05-21,S005,P0092,Electrical,Electrical C,2,34,2,34,291.51,583.02
T001241,2026-03-27,S010,P0059,Plumbing,Plumbing C,51,80,8,123,20.75,166.0
T002126,2026-05-10,S008,P0083,Paint,Paint A,51,60,1,110,15.61,15.61
T001715,2025-05-22,S006,P0025,Electrical,Electrical B,75,40,6,109,304.29,1825.74
T002070,2026-04-02,S001,P0100,Electrical,Electrical C,4,37,3,38,11.69,35.07
T001907,2025-01-24,S005,P0057,Paint,Paint B,79,52,1,130,56.81,56.81
T001075,2026-06-10,S013,P0087,Appliances,Appliances C,114,4,12,106,243.27,2919.24
T000460,2025-04-26,S011,P0031,Hardware,Hardware B,101,35,2,134,13.15,26.3
T000900,2025-07-31,S004,P0057,Electrical,Electrical B,80,50,11,119,77.74,855.14
T001758,2025-12-15,S001,P0019,Electrical,Electrical B,7,52,1,58,32.17,32.17
T000997,2025-04-21,S015,P0036,Paint,Paint C,116,57,1,172,194.36,194.36
T001214,2025-04-23,S001,P0021,Hardware,Hardware A,80,47,1,126,112.67,112.67
T003178,2025-02-25,S012,P0016,Electrical,Electrical A,116,4,2,118,78.7,157.4
T000501,2025-07-27,S004,P0097,Appliances,Appliances A,56,78,10,124,325.07,3250.7
T006532,2025-01-20,S014,P0078,Hardware,Hardware A,13,54,3,64,164.87,494.61
T000413,2025-02-09,S009,P0069,plumbing,Plumbing A,84,16,4,96,39.87,159.48
T002353,2026-03-08, S005 ,P0024,Appliances,Appliances C,99,13,1,111,183.09,183.09
T000800,2026-01-22,S004,P0099,Building Materials,Building Materials B,25,11,6,30,318.79,1912.74
T004826,2025-07-05,S006,P0098,Building Materials,Building Materials A,13,42,4,51,267.71,1070.84
T002769,2025-12-27,S009,P0012,Plumbing,Plumbing C,53,76,9,120,128.8,1159.2
T001986,2026-05-01,S007,P0024,Lawn & Garden,Lawn & Garden A,23,53,2,74,79.22,158.44
T003724,2025-09-13,S012,P0002,Appliances,Appliances C,41,65,1,105,299.27,299.27
T005276,2025-09-21,S012,P0082,Hardware,Hardware B,115,26,4,137,41.63,166.52
T001697,2025-10-02,S001,P0007,Paint,Paint B,83,47,3,127,95.03,285.09
T006558,2026-01-05,S011,P0094,Lawn & Garden,Lawn & Garden B,52,78,1,129,43.34,43.34
T004339,2026-06-30,S001,P0093,Paint,Paint A,58,7,2,63,232.11,464.22
T005960,2026-05-15,S013,P0001,Lawn & Garden,Lawn & Garden B,110,8,4,114,170.82,683.28
T001431,2025-09-12,S015,P0060,Building Materials,Building Materials A,64,46,3,107,246.5,739.5
T005918,2026-04-19,S013,P0049,Appliances,Appliances B,112,17,2,127,336.84,673.68
T000966,2025-06-19,S012,P0027,Hardware,Hardware B,54,76,5,125,309.94,1549.7
T000057,2025-11-16,S011,P0074,Hardware,Hardware B,25,9,1,33,329.98,329.98
T002585,2026-02-12,S012,P0046,Lawn & Garden,Lawn & Garden A,37,33,8,62,90.82,726.56
T004293,2025-01-20,S011,,Paint,Paint B,61,58,1,118,190.95,190.95
T002272,2025-08-12,S006,P0013,Electrical,Electrical B,87,40,7,120,224.19,1569.33
T003085,2025-08-24,S007,P0008,Lawn & Garden,Lawn & Garden B,54,40,1,93,330.57,330.57
T003220,2025-12-02,S007,P0075,Paint,Paint B,57,51,2,106,239.12,478.24
T002124,2026-06-14,S006,P0040,Appliances,Appliances C,107,71,4,174,163.41,653.64
T006034,2026-02-16,S004,P0058,Building Materials,Building Materials C,110,30,2,138,133.19,266.38
T006017,2025-12-30,S013,P0033,Electrical,Electrical B,90,1,2,89,253.09,506.18
T001282,2025-03-27,S012,P0098,Plumbing,Plumbing A,78,47,8,117,90.68,725.44
T004370,2025-09-11,S012,P0048,Paint,Paint A,38,41,2,77,223.11,446.22
T004608,2025-09-28,S009,P0100,Hardware,Hardware C,72,68,5,135,237.14,1185.7
